owner_id,name,drive_license,address,phone
1,Алла Сергеевна Большакова,69 61 446762,"к. Тамбов, пр. Щербакова, д. 21 стр. 124, 271235",8 481 847 90 00
2,Епифан Вилорович Зайцев,65 20 572176,"с. Апатиты, алл. Дорожников, д. 87, 502940",8 (948) 944-83-84
3,Моисей Ефимович Федосеев,88 38 318433,"к. Киров (Вятка), ш. Слободское, д. 2/9, 366135",8 079 871 44 28
4,Акулина Георгиевна Шестакова,83 92 833263,"к. Игнашино, ш. Рябиновое, д. 7 стр. 5, 533994",8 (146) 060-4919
5,Пимен Феофанович Мамонтов,12 95 775108,"клх Энгельс, ш. Казачье, д. 7, 382146",8 226 828 81 38
6,Нинель Святославовна Макарова,29 27 571646,"п. Шарья, ул. Карла Маркса, д. 1 стр. 73, 440984",+73432323343
7,Горбунов Ефим Иосипович,85 65 851516,"с. Ноглики, пер. Привольный, д. 90 стр. 700, 885884",+7 (796) 608-8128
8,Савелий Иосипович Константинов,58 45 958455,"г. Глазов, пр. Прибрежный, д. 3, 466754",8 428 492 7856
9,Жуков Аникей Фомич,30 32 249411,"ст. Шерегеш, алл. Полтавская, д. 262 стр. 50, 012678",+7 108 296 1647
10,Трофимов Изот Тихонович,18 63 180078,"д. Ханты-Мансийск, ш. Березовое, д. 7/7 стр. 2/8, 630980",8 (940) 606-1405
11,Григорьев Нестор Ефимьевич,52 26 217936,"клх Волгоград, пер. Кубанский, д. 824 к. 79, 957953",8 (763) 420-2439
12,Иннокентий Брониславович Зуев,56 96 763738,"к. Ардон, наб. Пролетарская, д. 185, 852474",8 (444) 220-24-46
13,Лукия Матвеевна Архипова,85 73 858709,"с. Мостовской, пер. ДОС, д. 1/6 стр. 780, 836225",+78491793371
14,Владлен Викторович Власов,78 36 842544,"г. Бронницы, ул. Герцена, д. 83 к. 61, 833039",+7 876 111 79 30
15,Нифонт Зиновьевич Ширяев,38 62 328598,"г. Коломна, наб. Семашко, д. 998 к. 323, 093847",8 438 096 95 85
16,Марк Фадеевич Жданов,18 87 239378,"г. Магнитогорск, ул. Ленинская, д. 82 стр. 6, 497854",8 (495) 933-5834
17,Соловьева Элеонора Болеславовна,23 35 984411,"клх Двинской, пер. Южный, д. 4 к. 4/9, 751554",+7 690 363 4820
18,Алла Феликсовна Зимина,47 28 842807,"д. Белоярский, пер. Р.Люксембург, д. 8/5, 306547",+7 866 602 06 82
19,Демьян Андреевич Попов,92 67 675534,"клх Красновишерск, алл. Дружба, д. 38 к. 76, 193429",+7 (764) 502-56-78
20,Анастасия Феликсовна Панфилова,81 51 823028,"клх Токма, ул. Гвардейская, д. 3, 380350",8 (024) 213-81-20
21,Евпраксия Натановна Степанова,51 65 896978,"д. Белый Яр (Томск.), алл. Портовая, д. 962 стр. 3, 357234",8 899 730 66 53
22,Воронцова Агафья Даниловна,75 18 896423,"с. Глазов, ш. Большое, д. 4, 227596",8 198 667 6632
23,Ульяна Антоновна Ершова,76 14 431880,"г. Новокузнецк, алл. Чехова, д. 1/2 к. 8, 616886",88324107293
24,Ян Игнатович Блохин,53 10 737160,"с. Палана, ш. Ленское, д. 479 к. 93, 940455",8 580 724 6175
25,Зинаида Святославовна Волкова,91 78 291316,"ст. Льгов, ул. Механическая, д. 805 стр. 720, 451353",+7 (728) 161-97-57
26,Меркушев Авдей Якубович,54 47 441601,"к. Шелехов, алл. Проточная, д. 43 к. 4, 586979",+79772865493
27,Лидия Егоровна Копылова,46 92 375619,"ст. Салехард, ш. Энгельса, д. 563 стр. 7/7, 996200",+73696504375
28,Варвара Кирилловна Кулакова,33 40 571909,"д. Таштагол, наб. Парижской Коммуны, д. 445 к. 472, 131194",+7 (598) 512-64-38
29,Алексеева Зоя Анатольевна,77 46 203410,"д. Заводоуковск, пер. Дружбы, д. 28 к. 6/5, 498086",8 406 296 4238
30,Якушева Галина Сергеевна,76 27 449429,"клх Тотьма, ул. Заливная, д. 1/2 к. 8, 193751",8 (599) 986-7569
31,Крылова Вероника Матвеевна,34 64 500709,"к. Тулун, бул. Победы, д. 56, 014898",8 (568) 017-30-07
32,Прохоров Лука Изотович,57 73 299352,"д. Кызыл, алл. Герцена, д. 51, 031397",8 (384) 066-5410
33,Лукина Жанна Болеславовна,89 74 271077,"клх Усть-Кут, алл. Уральская, д. 689 стр. 211, 270180",8 300 698 9374
34,Третьяков Ян Давыдович,10 47 335190,"к. Шатки, ш. Минское, д. 21, 903190",+7 868 556 5278
35,Гурьева Василиса Владимировна,21 19 673003,"к. Уэлен, наб. Севастопольская, д. 2/7 к. 330, 241071",+7 905 751 08 27
36,Белозерова Лукия Сергеевна,15 56 797449,"п. Абинск, бул. Алтайский, д. 6/4 стр. 9, 213247",+7 836 909 48 14
37,Евдокия Ивановна Тарасова,20 41 425269,"с. Юровск, пр. Маркса, д. 9/5 к. 6, 405251",+7 (418) 520-9126
38,Захаров Аполлинарий Богданович,58 48 288269,"п. Казань, алл. Виноградная, д. 1 к. 69, 079989",+7 390 916 27 98
39,Ларионов Самуил Захарьевич,86 82 348601,"д. Коломна, ул. Центральная, д. 776 к. 1/6, 776027",+72530142593
40,Цветков Парамон Димитриевич,78 27 940570,"к. Усть-Баргузин, пер. Мелиоративный, д. 6 стр. 8, 470361",8 (022) 721-5229
41,Агафья Евгеньевна Васильева,91 37 486985,"клх Тарко-Сале, пр. Кошевого, д. 961 стр. 595, 756151",8 (723) 945-81-32
42,Лукин Ермолай Марсович,21 44 188812,"д. Гдов, пер. Енисейский, д. 798 стр. 8/7, 597729",8 343 363 76 44
43,Юлий Викторович Брагин,56 30 887343,"п. Бийск, алл. Лесхозная, д. 81 к. 5/6, 161257",8 (167) 328-3893
44,Алина Тимуровна Егорова,14 75 771720,"к. Кингисепп, бул. Папанина, д. 551 стр. 9, 161484",+7 218 532 1811
45,Анжелика Афанасьевна Белякова,53 45 321551,"ст. Токма, бул. Полярный, д. 94, 842914",+72370441232
46,Михайлов Аникей Игоревич,56 56 338538,"клх Красногорск (Моск.), ул. Мелиораторов, д. 567, 335984",+7 (150) 668-96-05
47,Регина Рубеновна Соловьева,22 91 962973,"клх Вязьма, алл. Вольная, д. 7/5 стр. 6/2, 464010",+7 (755) 395-31-01
48,Тетерина Оксана Константиновна,32 36 156659,"к. Карачаевск, ул. Энергетическая, д. 965, 031317",8 571 028 95 43
49,Евдокия Романовна Третьякова,91 89 724047,"г. Новороссийка, ш. Водопроводное, д. 97 стр. 872, 942656",+7 (655) 724-1793
50,Артемий Демьянович Герасимов,21 88 434730,"клх Йошкар-Ола, пр. Олега Кошевого, д. 8, 172519",8 002 566 1894
51,Антонова Виктория Ниловна,38 38 848927,"г. Борзя, ул. Портовая, д. 298, 181644",8 (121) 440-97-20
52,Ермаков Нестор Арсеньевич,37 31 710531,"г. Усть-Катав, бул. Коммунальный, д. 497 стр. 7, 203511",87946684911
53,Кабанова Глафира Филипповна,54 77 777845,"д. Чермоз, пер. Карла Маркса, д. 729 к. 1, 706093",8 (098) 492-17-96
54,Алла Ждановна Гусева,19 68 223618,"г. Азов (Рост.), пер. Кузнечный, д. 399, 962608",8 (908) 219-05-44
55,Наталья Эльдаровна Елисеева,26 68 271109,"г. Новокузнецк, ул. Крайняя, д. 4/1, 155292",+7 (547) 750-44-15
56,Зоя Антоновна Емельянова,44 59 318050,"ст. Можга, пер. Розы Люксембург, д. 367 к. 6, 064632",8 (350) 049-93-15
57,Будимир Витальевич Ершов,59 51 733251,"с. Мыс Шмидта, бул. 30 лет Победы, д. 6/1, 389796",+7 (947) 445-2174
58,г-жа Антонова Алина Станиславовна,11 10 600305,"к. Хатанга, ш. Гаражное, д. 1/9 к. 9/5, 542915",8 (847) 760-91-48
59,Мстислав Игнатович Терентьев,53 74 214924,"клх Ульяновск, ш. Волкова, д. 6/9 к. 8/2, 543765",8 158 297 1859
60,Никита Евсеевич Прохоров,29 88 230558,"д. Липецк, пр. Российский, д. 5/4 к. 152, 890962",+7 087 377 48 34
61,Матвей Ефремович Шубин,66 42 523168,"ст. Кулунда, алл. Октября, д. 10 стр. 740, 151252",8 145 449 5134
62,Захар Давидович Блинов,45 83 376330,"к. Тотьма, ш. Коминтерна, д. 27 к. 7, 477333",8 283 119 58 91
63,Валентина Афанасьевна Воронцова,87 96 604715,"ст. Усть-Кут, алл. Торговая, д. 4 стр. 48, 417476",+7 (407) 157-8119
64,Рогова Ольга Романовна,80 71 974884,"г. Гаврилов-Ям, бул. Энгельса, д. 76 к. 889, 949649",8 174 162 4572
65,Казимир Гертрудович Беляков,25 27 790892,"д. Ивдель, ул. Тюленина, д. 2 стр. 50, 940595",8 (367) 561-9114
66,Арсений Федосеевич Никифоров,19 90 321477,"г. Камышлов, бул. Краснодарский, д. 2 к. 127, 881513",81390368949
67,Марфа Захаровна Котова,69 25 441995,"г. Калевала, ул. Ореховая, д. 871 к. 5, 038863",+7 239 003 06 56
68,Лариса Максимовна Власова,30 76 960794,"г. Старый Оскол, ш. Красногвардейское, д. 538 стр. 5/8, 009134",+72498349116
69,Панфилова София Вениаминовна,71 41 165724,"к. Калач, наб. Привокзальная, д. 437 к. 50, 917277",+7 (432) 055-17-43
70,Якуб Якубович Журавлев,21 10 534344,"д. Котлас, пр. Советов, д. 9/7 стр. 4, 682746",+7 (916) 411-96-82
71,Алина Константиновна Рожкова,79 94 696221,"клх Орел, алл. Крупской, д. 45 к. 551, 959167",8 (180) 031-83-00
72,Мельникова Ираида Ефимовна,28 44 839219,"д. Москва, наб. Просторная, д. 194 стр. 72, 413477",8 439 521 3795
73,Федотова Дарья Никифоровна,72 73 642515,"ст. Осташков, наб. Свердлова, д. 4 стр. 954, 741725",+7 280 614 29 59
74,Поляков Сигизмунд Демьянович,46 23 459006,"ст. Назрань, наб. Войкова, д. 4/5, 701867",+7 625 711 02 79
75,Анна Валериевна Степанова,79 57 822952,"г. Уренгой, ул. 9 мая, д. 316 к. 5/4, 547522",8 (756) 108-43-67
76,Сысоев Федосий Адамович,81 68 929782,"п. Кош-Агач, пер. Коммунальный, д. 85 стр. 35, 415985",8 (092) 420-1071
77,Мир Алексеевич Соловьев,14 51 923925,"п. Уварово, пер. Болотный, д. 9, 316800",+7 518 327 28 89
78,Феофан Фомич Назаров,94 80 192350,"с. Щелково, бул. Орджоникидзе, д. 477 стр. 571, 117938",8 (069) 408-2471
79,Бирюков Карл Артёмович,35 94 447011,"ст. Муравленко, бул. Строителей, д. 6 к. 8/3, 506645",8 913 169 1346
80,Ильина Алла Макаровна,57 25 823856,"ст. Южноуральск, наб. 50 лет Октября, д. 4 стр. 28, 748510",8 (512) 745-1264
81,Зинаида Евгеньевна Селезнева,57 58 119923,"д. Железногорск(Курск.), пер. Победы, д. 366, 219932",8 163 174 08 69
82,Игнатий Антипович Моисеев,71 70 825393,"ст. Валаам, ул. Энгельса, д. 577 стр. 4/2, 667727",+7 (088) 212-1028
83,Белоусов Варлаам Ярославович,59 12 401507,"г. Учалы, ул. Стадионная, д. 983 к. 9/4, 897304",+7 493 827 7937
84,Нинель Александровна Ларионова,28 16 803898,"с. Шелагонцы, ш. Октябрьское, д. 5 к. 482, 882639",+7 709 259 49 38
85,Никодим Якубович Мухин,38 89 573100,"клх Ряжск, алл. Химиков, д. 4, 190105",+71038735727
86,Быков Софрон Власович,45 16 429008,"к. Яр-Сале, ш. О.Кошевого, д. 2/6 стр. 9/5, 888361",8 (254) 034-8118
87,Пелагея Макаровна Кулагина,50 33 764067,"п. Ребриха, ш. О.Кошевого, д. 82, 284344",8 065 249 9927
88,Евдоким Богданович Артемьев,65 83 526776,"с. Нягань, пр. Мичурина, д. 784 к. 156, 744109",8 (876) 310-12-88
89,тов. Моисеева Агата Вадимовна,21 92 824228,"клх Рыльск, наб. Безымянная, д. 25, 639798",+7 (063) 137-59-45
90,Петухов Феоктист Артемьевич,90 96 428973,"с. Красноярск, ш. Добролюбова, д. 8 стр. 7, 384853",8 054 164 4829
91,Куликов Михей Елисеевич,45 55 348003,"клх Кызыл, ул. Весенняя, д. 7, 706585",8 184 349 70 78
92,Кулакова Прасковья Рудольфовна,46 25 469276,"п. Верхотурье, наб. Рыбацкая, д. 239, 145718",8 (636) 196-4982
93,Крылов Азарий Тарасович,30 86 255697,"г. Уфа, пер. Правды, д. 985 стр. 8/4, 660853",+7 (574) 203-54-72
94,Владислав Феодосьевич Фролов,79 30 516735,"клх Екатеринбург, ул. Водопроводная, д. 9/6, 856001",+7 895 792 20 29
95,Мартынов Тимофей Тимурович,16 47 211501,"д. Щельяюр, ул. Высоцкого, д. 59 стр. 6/9, 550538",81645359109
96,Жданов Христофор Денисович,28 85 149292,"д. Певек, бул. Восьмого Марта, д. 3 к. 3/8, 158993",8 933 282 0879
97,Сысоев Станислав Гурьевич,68 70 900911,"ст. Щелково, бул. Тюленина, д. 8 к. 1, 866261",+7 834 151 60 43
98,Никитина Агата Кузьминична,39 20 130085,"с. Андреаполь, ул. Торговая, д. 8 стр. 4, 666793",8 009 571 04 67
99,Андреев Леон Филиппович,92 65 264113,"г. Магадан, ул. Тюленина, д. 14 стр. 434, 115790",+7 975 709 76 45
100,Октябрина Натановна Капустина,18 33 550594,"с. Суздаль, ш. Гайдара, д. 3/6 к. 747, 405771",8 976 347 48 51
101,Анна Васильевна Пономарева,89 80 260328,"клх Усть-Илимск, наб. Западная, д. 4, 531985",8 (498) 608-62-21
102,Юрий Викентьевич Беспалов,90 30 797886,"п. Каспийск, бул. Песчаный, д. 500, 333923",+7 (346) 035-7371
103,Марина Владиславовна Моисеева,65 66 972559,"п. Шумиха, ул. Ореховая, д. 9/8, 377921",+7 (776) 031-2835
104,Наталья Кирилловна Зыкова,41 11 384976,"п. Можга, пер. Карла Маркса, д. 4/7, 446867",+7 623 149 6288
105,Шилова Любовь Викторовна,19 56 343616,"клх Туапсе, алл. Рылеева, д. 1/1 к. 8/6, 762655",+7 (072) 169-44-00
106,Лихачев Еремей Владиленович,42 72 191196,"клх Хасавюрт, ул. Весенняя, д. 666, 137826",8 919 881 72 23
107,Голубева Марина Алексеевна,50 63 358724,"клх Карталы, ш. Хуторское, д. 4/1 стр. 3, 196717",8 (354) 983-5803
108,Сазонов Твердислав Феофанович,39 49 485154,"с. Назрань, ул. Запрудная, д. 423, 912068",+7 311 623 76 88
109,Валерия Львовна Киселева,11 33 267368,"ст. Нижневартовск, пер. Пархоменко, д. 716, 778530",82936519212
110,Абрамов Никифор Владиславович,88 78 936637,"ст. Саров (Морд.), пр. Павлика Морозова, д. 3/3 к. 897, 972035",84498574873
111,Никодим Феоктистович Кабанов,38 67 819177,"п. Иваново, бул. Февральский, д. 259 к. 4/6, 968468",+76276299711
112,Лихачева Анжелика Никифоровна,68 87 668294,"п. Наро-Фоминск, пр. Дальний, д. 804 стр. 39, 386805",+7 232 688 60 44
113,Боброва Лариса Руслановна,14 78 709416,"клх Златоуст, пр. Достоевского, д. 9 стр. 4/8, 500544",8 (398) 560-2850
114,Зиновьев Макар Валерьевич,65 28 468051,"п. Арсеньев, алл. Больничная, д. 5/5 к. 43, 737714",89909657825
115,Эдуард Ильясович Ершов,40 78 586951,"г. Карабудахкент, ул. Водников, д. 3/6, 161902",+7 399 868 04 89
116,Макар Егорович Соловьев,26 13 764370,"г. Минеральные Воды, бул. Коммунистический, д. 74 к. 8, 725396",+7 (522) 760-14-08
117,Карпов Мечислав Тарасович,56 62 437290,"клх Ухта, бул. Черемуховый, д. 7/2, 831347",+7 546 066 7440
118,Ким Марсович Мартынов,76 60 721129,"клх Дубна, пер. Кузнецкий, д. 1/9, 125223",+7 (110) 731-5444
119,г-н Воронов Станислав Борисович,88 92 181626,"п. Стрежевой, ш. Центральное, д. 7/5 стр. 9/6, 252580",+7 715 707 4693
120,Евдокия Вячеславовна Журавлева,19 25 767319,"ст. Заводоуковск, пр. Терешковой, д. 894, 124940",+7 993 102 5105
121,Майя Ниловна Горбачева,17 54 880134,"п. Шелагонцы, алл. Чапаева, д. 4/2 к. 8/5, 151060",8 107 948 96 52
122,Шарапова Валентина Рудольфовна,73 23 213000,"к. Онега, пер. Вольный, д. 7/5 к. 76, 025519",8 476 162 6259
123,Коновалова Ирина Павловна,91 74 421730,"п. Бомнак, бул. 9 мая, д. 3, 187145",8 654 490 3811
124,Прохорова Василиса Эдуардовна,50 55 263932,"д. Советский, пер. Макаренко, д. 5/5 стр. 531, 695769",+7 (031) 111-82-99
125,Дьячков Сергей Фадеевич,93 53 898891,"п. Кызыл, пр. Кирова, д. 900 стр. 807, 101303",+7 752 616 10 49
126,Хохлова Елена Харитоновна,92 17 214636,"клх Белогорск (Амур.), пер. Менделеева, д. 30 стр. 1/6, 816962",+7 798 224 41 41
127,Герман Валерьянович Большаков,70 33 397272,"с. Таганрог, пр. Кузнечный, д. 5/7, 160056",89090809009
128,Виссарион Феликсович Прохоров,66 88 933083,"п. Красноярск, наб. Красногвардейская, д. 139 к. 59, 009825",+7 747 161 0345
129,Рябов Леонид Аверьянович,99 63 595359,"г. Химки, наб. Владимирская, д. 5/3 к. 9, 774143",81407077374
130,Лидия Захаровна Петухова,20 67 246292,"к. Миллерово, ул. Розы Люксембург, д. 7 стр. 21, 762477",+7 (632) 991-2460
131,Орехов Лев Андреевич,50 74 789796,"клх Кимры, наб. Транспортная, д. 6 к. 80, 223223",8 820 797 83 06
132,Зимина Елена Оскаровна,90 75 374605,"г. Абинск, ш. Семашко, д. 71, 676423",81243253579
133,Николаева Юлия Вадимовна,16 52 572004,"к. Ржев, наб. Колхозная, д. 574 к. 727, 671079",8 080 204 6079
134,Савва Ермолаевич Овчинников,80 35 495991,"г. Челюскин, бул. Производственный, д. 8/7 к. 323, 529766",+7 (115) 608-1253
135,Вышеслав Бенедиктович Маслов,11 67 174306,"д. Череповец, бул. Трудовой, д. 96 к. 160, 198055",+7 (370) 119-6010
136,Яков Арсеньевич Миронов,95 43 720987,"г. Уренгой, пр. Сахалинский, д. 1 к. 7/8, 799418",82122788889
137,Маркова Елена Харитоновна,65 62 259488,"г. Серебряные Пруды, наб. Докучаева, д. 41 стр. 461, 987768",8 (093) 063-07-22
138,Спартак Августович Тетерин,16 36 904552,"ст. Семлячики, ул. Деповская, д. 4, 588542",8 (760) 143-90-27
139,Князев Матвей Фадеевич,81 65 526460,"ст. Домбай, пр. Геологический, д. 3/6 стр. 898, 655689",89141538652
140,Ермаков Игорь Георгиевич,35 34 438208,"д. Салават, наб. Минина, д. 3 стр. 161, 537087",+7 253 147 60 63
141,Лидия Кузьминична Семенова,67 11 308189,"к. Сорочинск, алл. Фадеева, д. 3, 113141",+7 (923) 730-2950
142,Красильникова Вероника Натановна,62 74 642519,"к. Змеиногорск, пр. Кошевого, д. 98 к. 1, 844243",8 (395) 100-9098
143,Фадеева Лариса Григорьевна,18 21 302228,"клх Бузулук, ш. Азовское, д. 3/6 стр. 68, 387285",8 (391) 592-7737
144,Вероника Евгеньевна Щербакова,99 27 411001,"г. Адыгейск, алл. Энергетическая, д. 9/7 к. 6, 028604",+7 (405) 386-9151
145,Феврония Никифоровна Кононова,77 29 803383,"д. Урай, наб. Осипенко, д. 80, 890003",+75432574540
146,Ситникова Василиса Алексеевна,79 62 228391,"д. Мытищи, пр. Гражданский, д. 8 стр. 19, 185414",82306183849
147,Дьячкова Евдокия Вадимовна,48 10 795308,"ст. Ершов, алл. Минская, д. 29 стр. 4, 535795",8 376 414 27 43
148,Самсонова Евдокия Викторовна,98 63 149175,"д. Нурлат, бул. Кольцова, д. 601 к. 4/8, 469706",+73738811044
149,Ширяев Тихон Артёмович,87 92 244173,"к. Нижнекамск, пр. Пригородный, д. 74, 481113",8 (113) 167-85-71
150,Екатерина Валериевна Тихонова,88 52 840577,"ст. Вуктыл, пр. Вишневый, д. 702 к. 9, 672219",+7 825 642 6511
151,Рябов Виктор Феоктистович,81 28 346224,"клх Сургут (Хант.), ул. Рылеева, д. 568, 169572",+7 (431) 856-3198
152,Федотова Майя Борисовна,94 27 520306,"с. Усть-Кут, ул. Химиков, д. 3 стр. 693, 045932",+79288251226
153,Якуб Демьянович Ковалев,19 79 257672,"п. Аршан (Бурят.), ш. Болотное, д. 952, 291892",+7 (095) 254-0474
154,Аким Харитонович Галкин,31 60 326354,"ст. Щелково, алл. Курская, д. 6, 012028",8 (793) 692-9496
155,Демьян Викентьевич Владимиров,94 14 682249,"г. Волхов, ш. Репина, д. 42 к. 369, 456098",+7 829 588 45 64
156,Гремислав Феодосьевич Дементьев,83 94 238002,"клх Верхний Уфалей, пер. Карла Либкнехта, д. 92, 501071",8 (239) 278-5800
157,Рыбаков Иларион Жанович,13 99 638121,"д. Усинск, бул. Покровский, д. 92 к. 52, 524389",+7 (477) 114-0247
158,Надежда Львовна Исакова,69 23 496786,"ст. Бузулук, пр. Карла Маркса, д. 6/5 стр. 1/5, 494556",+7 (903) 707-6091
159,Тамара Эльдаровна Меркушева,53 61 221138,"клх Ржев, бул. Элеваторный, д. 9/5, 422339",+7 (863) 124-32-12
160,Эмиль Димитриевич Комиссаров,34 63 315426,"клх Тымовское, алл. Фурманова, д. 1 стр. 3/6, 433953",8 988 303 72 55
161,Зоя Кирилловна Суворова,53 31 984579,"п. Усть-Катав, наб. Прудная, д. 66, 424388",8 868 462 0148
162,Евлампий Якубович Смирнов,21 31 506481,"д. Абакан, ш. Степана Разина, д. 1 к. 2, 901583",+7 477 565 94 46
163,Нифонт Афанасьевич Соколов,57 26 866751,"с. Архыз, алл. Кошевого, д. 9, 064997",+76716384631
164,Наина Михайловна Осипова,35 47 412980,"с. Саров (Морд.), ул. Овражная, д. 116 к. 89, 157226",+7 622 099 9161
165,Фаина Геннадиевна Бирюкова,15 31 659857,"к. Бугульма, наб. Клубная, д. 1/3, 447897",8 230 719 14 71
166,Хохлов Евгений Ефимьевич,33 87 721379,"к. Ясный (Оренб.), ш. Привокзальное, д. 470 к. 55, 889747",8 335 605 87 62
167,Кузьмин Исай Бенедиктович,94 68 372932,"д. Псебай, пер. Урожайный, д. 5, 455213",8 (978) 378-1041
168,Наумова Кира Борисовна,99 88 615579,"г. Кабанск, бул. Весенний, д. 15 к. 395, 804365",8 (801) 179-3947
169,Алексеев Максимильян Ефремович,58 57 849244,"д. Онега, алл. Ленинская, д. 607 стр. 3/7, 952882",8 (553) 179-8585
170,Буров Игнатий Теймуразович,23 89 212589,"к. Дубна, бул. Стадионный, д. 5/8 стр. 2/7, 126050",8 (769) 600-0352
171,Максимова Лора Вениаминовна,66 42 694169,"клх Шатой, наб. Смоленская, д. 5, 605078",8 (388) 598-6017
172,Пахомова Дарья Леоновна,82 99 256121,"с. Ардон, пр. Матросова, д. 869 к. 45, 526689",80301436146
173,Меркушев Селиверст Елизарович,69 49 226696,"к. Кострома, пр. Малый, д. 6, 721727",8 (767) 278-3904
174,Филатов Милий Ильич,15 34 346445,"с. Внуково (метеост.), наб. Короленко, д. 59, 389162",8 623 871 56 10
175,Семенов Творимир Давидович,85 90 413013,"клх Горячинск, алл. Минская, д. 122, 261382",+7 (305) 133-07-14
176,Лора Романовна Медведева,43 28 196810,"ст. Усть-Джегута, алл. Красноярская, д. 57 стр. 3/9, 548742",+7 935 756 3611
177,Регина Святославовна Бобылева,31 51 877748,"к. Сальск, ш. Союзное, д. 3/6, 361119",8 721 065 2235
178,Пахомова Любовь Наумовна,70 23 845912,"с. Ижевск, ул. Войкова, д. 471, 998682",8 035 229 9014
179,Марина Геннадиевна Комиссарова,73 76 350180,"клх Шилка, ул. Белинского, д. 4 стр. 11, 772963",8 834 632 8036
180,Соболев Селиван Елизарович,56 59 581361,"г. Котлас, пер. Ярославский, д. 62 к. 4/1, 607851",+7 443 220 65 87
181,Лапин Аполлон Феоктистович,81 20 199193,"ст. Новочеркасск, ул. Слободская, д. 7 к. 632, 528156",+7 822 158 3494
182,Дарья Александровна Стрелкова,10 12 750895,"п. Надым, наб. Монтажников, д. 72, 248705",8 099 760 0782
183,Панфилов Демид Всеволодович,63 70 761313,"п. Кинешма, бул. Безымянный, д. 244, 912902",+7 633 277 51 68
184,Лидия Богдановна Виноградова,89 46 499259,"клх Волхов, пр. Р.Люксембург, д. 7/7 к. 5, 366335",81304734339
185,Логинов Мирослав Димитриевич,85 21 818257,"г. Холмогоры, ш. Морское, д. 8 к. 24, 905668",+78426105403
186,Герасимова Оксана Петровна,38 45 134479,"клх Чегем, пер. Привольный, д. 58, 576560",+7 224 037 2125
187,Радован Брониславович Устинов,39 57 542209,"к. Златоуст, пр. Макарова, д. 7 к. 5, 328150",8 (542) 589-16-57
188,Григорьева Татьяна Алексеевна,11 52 573446,"клх Суздаль, ш. Шахтерское, д. 18 к. 2/7, 941418",+7 (900) 048-26-49
189,Исай Бориславович Брагин,76 17 236239,"с. Нерчинск, бул. Герцена, д. 5/8, 765651",+7 096 220 38 50
190,Полина Захаровна Михеева,66 82 772713,"п. Фатеж, ш. Розы Люксембург, д. 6/7, 645243",8 279 416 2090
191,Степанова Оксана Тимофеевна,93 17 203230,"ст. Гатчина, пер. Строительный, д. 8, 617854",+7 357 103 0939
192,Крюкова Ульяна Васильевна,94 74 545883,"с. Лесной (Сверд.), ш. Химиков, д. 4 к. 564, 572863",+7 077 954 9221
193,Мстислав Федосьевич Логинов,57 83 245663,"г. Мичуринск, бул. Ангарский, д. 1, 280342",+7 (089) 313-63-78
194,Лихачев Демид Игоревич,89 65 360780,"г. Улан-Удэ, ш. Урожайное, д. 26, 381355",8 654 473 8855
195,Елисеев Мстислав Ефстафьевич,48 54 780494,"к. Билибино, ул. Макарова, д. 282, 733089",84304403209
196,Поликарп Дорофеевич Сазонов,72 81 320145,"с. Осташков, пер. Тенистый, д. 6, 510550",8 021 367 7575
197,Носкова Евфросиния Вадимовна,12 82 476799,"ст. Кашхатау, ул. Отрадная, д. 9/4 стр. 27, 235142",+76152574017
198,Комарова Евдокия Сергеевна,11 64 891945,"д. Сарапул, бул. Невского, д. 1, 128484",8 (320) 993-27-26
199,Акулина Игоревна Аксенова,79 77 398080,"ст. Серебряные Пруды, наб. Ломоносова, д. 394 к. 49, 649826",+76458086812
200,Матвей Давыдович Щербаков,78 63 342620,"клх Воронеж, ш. Калужское, д. 1 к. 423, 355885",+7 (296) 883-2026
201,Жданова Майя Андреевна,95 67 746186,"к. Владимир, бул. Шахтерский, д. 358 стр. 80, 591676",+7 (509) 391-9068
202,Дьячков Адам Димитриевич,46 13 321669,"г. Буденновск, алл. Енисейская, д. 6/2 стр. 2/7, 391061",88786490745
203,Мясников Фрол Филатович,95 56 141280,"клх Токма, наб. Республиканская, д. 297 к. 6, 208571",8 227 064 04 34
204,Зинаида Олеговна Капустина,37 47 962826,"д. Обнинск, наб. Восьмого Марта, д. 90, 498137",8 (056) 106-53-78
205,Горшкова Ксения Игоревна,17 14 130064,"к. Далматово, пр. Лазо, д. 91 к. 4/7, 947210",+73412049984
206,Морозов Ипполит Чеславович,25 81 991892,"д. Чулым, наб. Пархоменко, д. 3/4 стр. 1, 397647",8 580 760 25 87
207,Феоктист Ермилович Ситников,12 95 802785,"клх Сургут (Хант.), ш. Станционное, д. 8/5, 923147",8 (434) 886-1932
208,Евстигней Герасимович Брагин,40 59 977780,"клх Байкальск, алл. Грибоедова, д. 677 к. 6/9, 250135",84447164999
209,Варлаам Ефремович Трофимов,85 58 131112,"клх Кашхатау, ул. Кедровая, д. 2, 025800",8 407 481 9098
210,Мартын Трофимович Туров,26 36 308733,"ст. Боровск, наб. 50 лет Победы, д. 6 к. 98, 756055",8 865 657 21 80
211,Субботина Лукия Макаровна,67 63 873530,"г. Руза, алл. Рязанская, д. 3 к. 434, 839638",8 745 263 1372
212,Лидия Константиновна Аксенова,22 20 803024,"клх Чокурдах, алл. Слободская, д. 7/2 к. 71, 200453",8 522 063 5985
213,Юдина Зоя Владимировна,87 91 507465,"п. Ульяновск, ш. Донское, д. 77 стр. 86, 122331",89533694829
214,Гусев Творимир Богданович,66 38 693819,"к. Городовиковск, пер. Ростовский, д. 602 к. 66, 173032",8 105 112 95 91
215,Самсонов Сильвестр Федосьевич,45 41 543502,"к. Снежинск, ш. Февральское, д. 96, 491912",+73013489952
216,Станислав Феофанович Мельников,93 94 577253,"клх Уссурийск, пер. Маяковского, д. 31, 695752",8 620 480 0563
217,г-н Чернов Гаврила Ярославович,42 26 680271,"клх Красная Поляна, ш. Тополиное, д. 3, 329360",8 927 498 9119
218,Шашкова Регина Афанасьевна,45 24 675643,"г. Шадринск, наб. Черемушки, д. 550, 368756",+7 764 053 4418
219,Давыдов Селиверст Георгиевич,86 10 943554,"клх Владимир, ул. Станиславского, д. 5, 791008",+7 (325) 323-88-47
220,Светлана Оскаровна Силина,28 50 456944,"п. Киржач, ш. Магистральное, д. 6/4 стр. 58, 826977",8 425 466 2229
221,Людмила Дмитриевна Турова,44 82 663690,"п. Энгельс, алл. Ветеранов, д. 971, 071658",8 142 178 7084
222,Филатова Светлана Алексеевна,42 76 180135,"клх Курган, ул. Индустриальная, д. 356, 153790",8 (634) 598-9336
223,Нестор Евстигнеевич Щукин,55 23 655233,"клх Буйнакск, ш. Глинки, д. 3, 238737",+77414813991
224,Чернова Нина Феликсовна,82 73 884348,"п. Мончегорск, ул. Коллективная, д. 162, 366731",+74877479168
225,Ладислав Филатович Харитонов,77 95 564325,"г. Кашира, ул. Комарова, д. 989 к. 7, 250300",+74818327768
226,Рогов Каллистрат Гавриилович,19 47 750888,"клх Енисейск, алл. Буденного, д. 35 к. 4, 148898",+7 730 922 20 58
227,Глафира Филипповна Гурьева,61 13 404662,"г. Карпинск, ш. Спортивное, д. 3 стр. 828, 051366",+7 813 238 2543
228,Таисия Валериевна Белозерова,76 94 889854,"п. Шатура, ш. Щербакова, д. 8, 824501",+7 348 534 64 02
229,Колесникова Наталья Эльдаровна,77 42 513956,"д. Жиганск, алл. Высокая, д. 5 к. 3, 342286",8 201 876 53 63
230,Громова Клавдия Робертовна,80 76 644788,"д. Саранск, бул. Глинки, д. 3, 169762",8 248 560 12 58
231,Лапина Клавдия Леонидовна,79 14 836291,"г. Сарапул, ул. Семашко, д. 86, 223699",8 (176) 774-68-55
232,Буров Яков Харламович,75 61 182166,"г. Стерлитамак, алл. Добролюбова, д. 3 стр. 38, 561413",+7 (925) 820-4871
233,Никандр Харлампович Давыдов,47 58 382085,"п. Армавир, пер. Олега Кошевого, д. 769 стр. 75, 189507",+7 (693) 645-29-36
234,Дроздов Вышеслав Вилорович,96 30 314677,"с. Белокуриха, ул. Крестьянская, д. 1/7 стр. 147, 892076",8 (633) 180-91-43
235,Никифоров Роман Игнатович,33 43 383274,"д. Владивосток, ул. Февральская, д. 3, 835656",8 415 055 4959
236,Вера Анатольевна Фролова,23 70 500988,"клх Нефтегорск (Самар.), алл. Энтузиастов, д. 7 стр. 36, 124214",8 (841) 769-5351
237,Исаков Давыд Ермолаевич,82 20 758048,"с. Голицыно, ш. Центральное, д. 869 стр. 682, 524520",8 (347) 189-47-89
238,Ратмир Давыдович Беляков,75 34 982768,"с. Сузун, наб. Островского, д. 7/6 стр. 8, 770291",+74906072574
239,Карпова Василиса Александровна,76 71 391263,"д. Ессентуки, алл. Привокзальная, д. 9, 400587",8 136 548 3722
240,Федорова Анастасия Болеславовна,40 89 558089,"к. Баргузин, бул. Разина, д. 4/5, 482323",8 613 205 4337
241,Денисова Синклитикия Викторовна,96 73 191226,"п. Хасавюрт, ул. Короткая, д. 99 к. 6/3, 306091",8 974 539 0014
242,Анна Павловна Бобылева,58 20 906438,"клх Воронеж, бул. Ульянова, д. 9, 156804",+7 (028) 210-55-45
243,Афанасьева Октябрина Тарасовна,61 51 382799,"д. Карачаевск, пер. Мельничный, д. 400 к. 30, 871280",+7 821 170 4381
244,Моисеева Ирина Святославовна,45 85 600751,"п. Верхотурье, ш. 8-е Марта, д. 458 к. 15, 373809",8 821 560 56 43
245,Ермаков Климент Трофимович,29 70 674956,"ст. Каменск-Шахтинский, пер. Гончарова, д. 487 стр. 71, 476483",+7 (734) 484-2275
246,Афанасьева Клавдия Оскаровна,40 50 166908,"с. Чита, ул. Ключевая, д. 1/3 стр. 29, 021033",+7 (907) 302-09-79
247,Антонова Василиса Кузьминична,76 41 343505,"с. Калязин, ул. Калинина, д. 879 стр. 38, 880323",8 (629) 254-10-15
248,Громов Аггей Денисович,38 67 284466,"с. Чебоксары, наб. Широкая, д. 947 стр. 985, 488502",+7 (519) 400-1600
249,Большакова Дарья Наумовна,99 21 857985,"с. Котлас, алл. Депутатская, д. 6/6, 831360",86659646693
250,Анна Робертовна Афанасьева,43 84 284442,"г. Черняховск, ул. Медицинская, д. 7 к. 267, 990502",+7 (852) 722-34-17
251,Дементьева Ия Тимуровна,32 36 471785,"ст. Канск, ш. Ручейное, д. 462 к. 6, 066205",+7 (027) 564-6879
252,Ананий Брониславович Богданов,10 96 183083,"г. Кажим, бул. Володарского, д. 552, 760999",8 039 685 40 72
253,София Вадимовна Осипова,98 87 474696,"клх Брянск, ул. Февральская, д. 28 стр. 9, 758941",+7 (048) 221-92-86
254,Маркова Феврония Петровна,87 86 714639,"к. Гудермес, бул. Почтовый, д. 9/6 к. 89, 737702",+7 (774) 894-72-83
255,Анастасия Владиславовна Мамонтова,14 13 298999,"к. Северобайкальск, наб. Красина, д. 1/9 к. 32, 544216",8 (880) 931-1625
256,Зоя Васильевна Антонова,61 54 573051,"клх Старая Русса, наб. Производственная, д. 53 стр. 2/5, 956696",+7 (389) 559-15-57
257,Нина Антоновна Кабанова,29 93 591743,"г. Волгодонск, бул. Щорса, д. 4, 044849",+7 (431) 736-7466
258,Аркадий Еремеевич Тихонов,74 97 873488,"д. Жуковский, алл. Орловская, д. 9/3 стр. 13, 449848",+7 030 391 50 91
259,Викторин Феодосьевич Медведев,63 20 737837,"п. Зарайск, наб. Морская, д. 988 к. 49, 680531",+7 594 737 74 13
260,Влас Трофимович Новиков,40 37 863023,"с. Нижневартовск, ш. Ленское, д. 43, 103882",8 552 093 95 74
261,Беспалова Антонина Львовна,39 30 527292,"с. Аша, пер. Красный, д. 5/2 к. 887, 899378",8 (641) 515-43-51
262,Оксана Петровна Брагина,83 35 397112,"д. Орел, ул. Володарского, д. 6/2 к. 316, 913012",82840210370
263,Лобанова Елена Георгиевна,26 10 603340,"к. Темрюк, ш. Мирное, д. 9, 245643",8 256 421 1381
264,Гусева Вероника Юльевна,50 47 946551,"п. Хатанга, алл. Дружба, д. 292 стр. 9, 129373",+7 014 545 51 59
265,Фадеева Юлия Богдановна,83 26 446353,"г. Ступино, бул. Ягодный, д. 78, 637684",81036730597
266,Антип Власович Марков,33 66 548149,"п. Мыс Шмидта, бул. Гастелло, д. 28 к. 9/1, 416424",+7 736 971 32 18
267,Антип Фадеевич Фомин,17 30 122579,"к. Москва, ул. Хуторская, д. 181 к. 386, 908060",8 020 776 70 31
268,Савин Эрнест Ануфриевич,95 22 169567,"д. Кош-Агач, ш. Новое, д. 639 к. 6, 515572",+7 (694) 538-95-58
269,Евфросиния Ильинична Маслова,53 34 976485,"клх Пермь, алл. Рыбацкая, д. 7/8 стр. 6, 137924",+71820845733
270,тов. Исакова Пелагея Сергеевна,55 81 297045,"ст. Ставрополь, бул. Разина, д. 2 стр. 1/4, 523969",+7 638 281 5408
271,Селезнев Флорентин Дмитриевич,58 26 367508,"ст. Вендинга, бул. Главный, д. 91 стр. 725, 382970",8 662 505 95 69
272,Герасим Устинович Князев,61 98 668585,"д. Новомичуринск, пр. Осипенко, д. 52 к. 8/6, 589048",+7 (022) 363-5564
273,Зуева Зоя Константиновна,82 88 336480,"к. Каменномостский, ш. Каштановое, д. 4 стр. 121, 098028",8 913 971 68 61
274,Лора Павловна Рожкова,61 56 835833,"к. Ряжск, пер. Озерный, д. 10, 443888",+7 (461) 958-27-45
275,Мариан Фёдорович Абрамов,29 95 786100,"с. Южно-Курильск, пр. Центральный, д. 1/5 к. 8, 089498",+7 981 284 09 51
276,Жданов Серафим Ермилович,71 17 555438,"г. Енисейск, ш. Камское, д. 684 к. 42, 960349",+7 070 513 72 58
277,Кононова Алевтина Сергеевна,32 51 179199,"п. Избербаш, наб. Чехова, д. 2/2, 186766",8 (730) 546-39-21
278,Пелагея Георгиевна Павлова,52 79 460640,"д. Яшкуль, пр. Ярославский, д. 20, 380731",8 729 144 8586
279,Лаврентьев Руслан Дмитриевич,22 17 452335,"клх Северобайкальск, ул. Верхняя, д. 362 стр. 535, 610104",84025628128
280,Одинцов Яков Ильич,25 56 407274,"с. Серебряные Пруды, пер. Севастопольский, д. 377 стр. 899, 830128",8 (373) 413-07-64
281,Васильев Игнатий Алексеевич,40 66 114586,"п. Сосновый Бор, ш. Таманское, д. 683, 067129",+7 (761) 903-6884
282,Кононов Ладимир Игоревич,55 47 828089,"д. Усинск, ш. 1 Мая, д. 357 стр. 43, 771515",+7 (194) 184-35-32
283,Мирослав Эдгарович Самсонов,75 25 943503,"ст. Великий Устюг, пр. Маркса Карла, д. 9 стр. 402, 783079",+7 556 582 7396
284,Екатерина Леоновна Соловьева,70 36 559039,"п. Поярково, пер. Школьный, д. 4/1 стр. 364, 092635",8 (494) 810-9057
285,Калинин Силантий Фёдорович,29 34 500151,"ст. Шерегеш, наб. Р.Люксембург, д. 29, 550310",8 (395) 768-68-41
286,Ульяна Захаровна Емельянова,50 24 807687,"ст. Кежма, ш. Кирова, д. 813 стр. 279, 520278",8 (924) 658-0599
287,Новиков Влас Аксёнович,67 55 835744,"г. Буденновск, пр. Геологический, д. 61, 243318",8 489 686 49 32
288,Терентий Ильич Лазарев,96 57 350713,"к. Нязепетровск, наб. Ольховая, д. 23 стр. 933, 077072",+79006198186
289,Белоусов Харитон Дмитриевич,79 23 438463,"п. Кириши, пр. Невского, д. 900, 202232",83340626893
290,Анастасия Геннадьевна Калинина,32 42 135598,"п. Ялуторовск, ш. Леонова, д. 582 стр. 2/9, 865239",+7 (676) 041-96-94
291,Алевтина Семеновна Шашкова,71 93 508241,"к. Фатеж, ул. Лесхозная, д. 7 стр. 1, 031553",+78974075659
292,Карп Германович Дементьев,81 38 769755,"г. Иркутск, пр. Чехова, д. 85 стр. 4/1, 906782",+7 731 475 14 41
293,Буров Самсон Денисович,77 41 636101,"с. Нефтекамск, бул. Жукова, д. 5/7 к. 772, 096753",86928511981
294,Сидор Иосипович Дьячков,10 52 504155,"к. Октябрьский (Башк.), ш. Ягодное, д. 216 стр. 63, 309158",8 (975) 867-2783
295,Анастасия Наумовна Савельева,42 42 415071,"ст. Диксон, ш. Революционное, д. 2, 094087",+7 965 938 0360
296,Кошелева Алевтина Святославовна,22 34 577794,"ст. Великие Луки, алл. Придорожная, д. 3/6 к. 50, 017228",+7 (950) 908-3926
297,Рогова Олимпиада Архиповна,54 50 491614,"д. Уренгой, ш. Каштановое, д. 4 к. 7, 806867",+7 369 252 69 70
298,Агата Эдуардовна Сысоева,26 60 694081,"п. Верхний Тагил, ш. Севастопольское, д. 4, 392570",+7 136 768 68 12
299,Тихонова Любовь Оскаровна,94 96 194163,"п. Ржев, бул. Ульяновский, д. 5/7 к. 460, 466909",8 (041) 588-4459
300,Анна Архиповна Кошелева,53 82 481683,"с. Троицк (Моск.), бул. Заречный, д. 2 к. 947, 812875",8 223 174 0066
301,Светозар Григорьевич Лукин,56 85 829447,"к. Малоярославец, пр. Азина, д. 5/5 к. 7, 804464",81622676987
302,Прасковья Станиславовна Назарова,31 13 369586,"к. Каргасок, ш. Петровское, д. 3, 163125",+7 (092) 417-42-77
303,Горбунов Юлий Иосифович,34 54 835813,"к. Углегорск, ш. Кочубея, д. 9/2 к. 1, 272221",+7 (589) 781-46-78
304,Пахомов Анисим Адрианович,73 91 887834,"п. Якутск, ул. Санаторная, д. 66 к. 141, 602626",+7 (904) 792-39-93
305,Петрова Светлана Евгеньевна,72 87 826007,"к. Урус-Мартан, наб. Нижняя, д. 7/9 стр. 3, 862335",+7 119 605 68 39
306,Симонова Алевтина Константиновна,18 54 372894,"клх Южно-Курильск, наб. 8 Марта, д. 50 стр. 1, 807318",+74468464860
307,Полякова Раиса Вениаминовна,32 37 649647,"с. Кингисепп, ул. Орловская, д. 7/9, 273356",89463607671
308,Агафья Алексеевна Баранова,57 94 195067,"клх Мирный, пр. Бажова, д. 1, 927384",+71580414802
309,Матвей Филатович Костин,53 65 435465,"п. Ведено, пр. Маяковского, д. 5 стр. 6, 517545",+7 806 330 36 15
310,Игнатьев Велимир Матвеевич,89 35 306559,"ст. Тутончаны, наб. Ореховая, д. 5/6 стр. 1/9, 502616",8 777 395 93 30
311,Щербакова Полина Матвеевна,49 48 407172,"п. Колпашево, наб. Полярная, д. 3, 220190",+7 (377) 999-24-36
312,Ерофей Викторович Нестеров,34 10 664541,"д. Пенза, пр. Тенистый, д. 5 стр. 76, 325786",87994882271
313,Селиверстов Ефрем Филиппович,58 30 159791,"д. Москва, МГУ, алл. Производственная, д. 340, 443247",+7 (686) 677-96-76
314,Суворов Яков Вилорович,74 12 718893,"с. Кош-Агач, алл. Ручейная, д. 268, 671303",8 183 859 5815
315,Ирина Станиславовна Васильева,92 99 634339,"д. Краснотурьинск, ш. Социалистическое, д. 7 к. 3/9, 052400",+7 863 038 6265
316,Макар Трофимович Захаров,62 78 880014,"с. Красноселькуп, ш. Водопроводное, д. 910, 809910",+7 (752) 413-54-86
317,Алексей Аксёнович Титов,78 25 969045,"к. Чебаркуль, алл. Восьмого Марта, д. 6, 229397",+7 546 710 8176
318,Демьян Игоревич Савельев,49 76 268721,"клх Октябрьское (Хант.), ш. Серафимовича, д. 8, 829280",8 (656) 264-11-27
319,Фролов Изот Брониславович,23 91 471483,"с. Нарткала, наб. Санаторная, д. 6/3 стр. 2, 164498",8 372 102 99 55
320,Антонина Эльдаровна Карпова,61 89 198505,"с. Внуково (метеост.), пер. Морской, д. 296 к. 1, 700214",8 (763) 305-29-57
321,Коновалов Владилен Исидорович,86 64 875348,"клх Йошкар-Ола, ул. Базарная, д. 654 стр. 6, 471693",8 827 227 8691
322,Андреев Клавдий Федосьевич,99 89 440113,"с. Ржев, бул. Толбухина, д. 994 стр. 76, 794013",+76013770718
323,Кононов Зиновий Федосеевич,39 24 266040,"п. Тында, бул. Транспортный, д. 3/7 стр. 8, 521112",+7 875 608 66 79
324,Овчинников Амос Трифонович,26 45 212969,"г. Карабулак, пер. Авиационный, д. 356 к. 1/4, 291798",8 (247) 229-0372
325,Светлана Олеговна Зайцева,20 54 999912,"п. Руза, пр. Комсомольский, д. 30 стр. 3/9, 186589",+7 (945) 463-1501
326,Шашков Константин Юльевич,58 69 832548,"с. Троицк (Моск.), пер. Дальневосточный, д. 966 к. 7, 353274",+7 (737) 007-86-29
327,Савина Клавдия Федоровна,99 59 814769,"ст. Астрахань, ш. Минина, д. 3/8, 688477",+79371042196
328,Кириллова Евгения Антоновна,59 66 283280,"д. Новороссийка, алл. Калинина, д. 2 стр. 2, 594922",8 152 569 25 51
329,Овчинникова Кира Юрьевна,37 27 869336,"с. Набережные Челны, ш. Речное, д. 782, 956384",8 (445) 626-9101
330,Ширяева Вера Святославовна,92 37 989809,"ст. Внуково (метеост.), алл. Кольцевая, д. 9/3 к. 7/1, 470756",8 (447) 572-98-12
331,Евпраксия Альбертовна Наумова,43 34 719666,"г. Екатеринбург, наб. Западная, д. 79 к. 8, 520055",+7 (177) 239-1487
332,Дарья Геннадьевна Колесникова,15 93 435578,"д. Ижевск, бул. Крайний, д. 6, 503672",8 (714) 291-31-13
333,Мартынова Евгения Богдановна,14 87 526536,"с. Кабанск, алл. Автомобилистов, д. 80 стр. 89, 209880",+7 168 934 42 34
334,Меркушева Елизавета Егоровна,98 27 970160,"п. Раменское, наб. Социалистическая, д. 1/1 стр. 271, 360624",80070419430
335,Азарий Геннадиевич Якушев,97 85 337822,"ст. Териберка, ул. Малая, д. 4 к. 9/6, 068368",+71484965762
336,Клавдия Григорьевна Мартынова,58 91 540561,"г. Рыльск, пер. Детский, д. 57 стр. 2/9, 012971",+7 (472) 274-58-86
337,Ипатий Георгиевич Молчанов,47 53 138092,"клх Жиганск, пер. Совхозный, д. 5/8 к. 4/4, 061560",+7 (906) 720-8079
338,Сафонов Харитон Захарьевич,35 94 227170,"ст. Курумкан, пер. Дальневосточный, д. 587 стр. 666, 400151",+7 (765) 782-4776
339,Дмитриева Олимпиада Аркадьевна,97 33 598818,"клх Дзержинск, ш. Тупиковое, д. 1/1 стр. 585, 903125",+7 (201) 506-04-87
340,Галкина Мария Аскольдовна,20 45 457140,"г. Забайкальск, пер. Сосновый, д. 102 к. 2, 285360",+7 586 069 8258
341,Емельянов Куприян Августович,72 49 740586,"ст. Новая Игирма, наб. Уральская, д. 691 стр. 694, 297361",8 847 794 1116
342,Варвара Оскаровна Носова,14 48 974151,"п. Серпухов, ш. Кубанское, д. 6, 140839",+7 (233) 501-4038
343,Корнилова Любовь Федоровна,65 44 546519,"к. Тольятти, ул. Новгородская, д. 87 к. 74, 333400",8 085 862 7703
344,Логинов Семен Данилович,68 68 838886,"к. Соболево, ш. 40 лет Октября, д. 9/3, 090185",8 (871) 394-30-91
345,Регина Макаровна Сорокина,47 93 452902,"д. Челябинск, ш. Торговое, д. 81 к. 678, 810740",8 291 336 80 22
346,Венедикт Бориславович Беспалов,19 85 117614,"с. Муром, ш. Дачное, д. 253 к. 2/6, 523426",+7 (120) 998-3649
347,Агафья Болеславовна Овчинникова,36 87 294140,"д. Серафимович, пр. Заозерный, д. 7 стр. 68, 171586",+72606916385
348,Крылов Андрей Борисович,71 43 353039,"д. Муравленко, ш. 8 Марта, д. 74, 884729",8 944 046 5094
349,Ефимов Эмиль Витальевич,51 93 613586,"клх Махачкала, алл. Культуры, д. 6/2 стр. 4, 745077",+7 (030) 878-14-12
350,Пестов Фортунат Харламович,23 85 983987,"к. Черкесск, бул. Бульварный, д. 3, 132620",+7 094 942 23 14
351,Горбачев Фадей Игнатович,56 55 463017,"клх Белый Яр (Томск.), ул. Тимирязева, д. 182, 399331",+7 675 370 1011
352,Радован Арсенович Горбачев,80 40 139118,"д. Иркутск, пер. Энергетиков, д. 1 к. 330, 878542",+7 120 412 14 98
353,Бобылев Константин Арсеньевич,62 95 359673,"ст. Котельнич, ул. Интернациональная, д. 5/7 стр. 4/7, 749775",+7 (601) 624-57-19
354,Пимен Артемьевич Цветков,36 71 867286,"г. Дубна, ш. Олега Кошевого, д. 54 стр. 832, 072492",+7 (977) 029-94-63
355,Зайцев Глеб Тимурович,22 66 977814,"г. Кетченеры, ул. Короленко, д. 2, 517189",8 333 135 5467
356,Денисов Фирс Антонович,50 38 275572,"с. Пышма, наб. Хвойная, д. 782 к. 6, 284754",+7 972 050 29 67
357,Эмилия Ильинична Уварова,87 72 413128,"клх Фатеж, ш. Серафимовича, д. 500, 955174",+7 005 850 1468
358,Калинин Боян Якубович,81 25 927695,"д. Абакан, бул. Максима Горького, д. 5 стр. 9/1, 291680",8 246 435 6621
359,Александра Матвеевна Нестерова,59 10 652296,"г. Слюдянка, наб. Владимирская, д. 8 стр. 4, 024047",8 770 218 6499
360,Федотов Потап Фомич,68 61 177842,"д. Шахты, пер. Азина, д. 5/4, 942701",+7 654 310 4886
361,Модест Теймуразович Орлов,60 89 590183,"г. Приозерск, алл. Пугачева, д. 2/4 стр. 9/6, 198310",+7 343 171 91 93
362,Лора Кузьминична Филиппова,54 32 502483,"с. Адыгейск, бул. Школьный, д. 409 стр. 3, 638164",+7 629 811 79 97
363,Юлия Станиславовна Цветкова,16 36 203400,"с. Биробиджан, пр. Казанский, д. 54, 866721",+7 156 997 38 25
364,Исаков Федосий Аксёнович,24 19 922884,"с. Артем, пер. Котовского, д. 5, 585332",8 839 523 6962
365,Субботин Порфирий Ермолаевич,37 79 462508,"п. Новая Игирма, алл. Жукова, д. 398, 876317",+78018849187
366,Брагина Тамара Филипповна,61 69 344376,"к. Сковородино, ш. Кочубея, д. 5/4 к. 48, 238943",+7 228 244 02 50
367,Беляев Аникита Ярославович,53 25 617856,"клх Лянтор, пер. М.Горького, д. 699, 511446",+7 190 094 56 86
368,Наина Петровна Маслова,56 93 890074,"к. Саянск, бул. Зои Космодемьянской, д. 71, 295075",8 267 835 0730
369,Мартын Иосипович Федоров,80 20 298645,"с. Чикола, ул. Гайдара, д. 981 к. 1/6, 202409",8 (251) 363-30-26
370,Евфросиния Владиславовна Пономарева,93 24 830480,"к. Тарко-Сале, пер. Космодемьянской, д. 81, 593080",8 033 768 14 21
371,Вениамин Фокич Федотов,38 29 808590,"клх Стрежевой, наб. Комарова, д. 7, 647106",+73237697349
372,Якушева Кира Павловна,18 20 953650,"клх Заводоуковск, наб. Енисейская, д. 54 к. 8/3, 918172",+7 (852) 733-30-32
373,Константинова Вероника Святославовна,17 25 566379,"г. Тулпан, алл. Кузнецова, д. 8/5 к. 8, 958872",+7 353 603 92 45
374,Всемил Харлампович Гусев,74 77 443333,"п. Териберка, пер. Парковый, д. 9/8 к. 9, 359542",+7 (648) 721-52-05
375,Корнилова Ксения Тимуровна,69 51 452665,"к. Инта, ш. Клубное, д. 9/4 стр. 5/9, 617991",8 304 418 5959
376,Артем Анатольевич Блинов,73 96 579412,"с. Балашов, пер. Советов, д. 7/9 стр. 266, 639701",89886782248
377,Евсеев Мартын Всеволодович,82 82 543568,"с. Салехард, пр. Халтурина, д. 8 стр. 5/6, 373901",85790012294
378,Лебедев Леонтий Феликсович,17 39 910130,"д. Калач-на-Дону, ул. Бабушкина, д. 213, 205711",+7 (939) 498-52-82
379,Макар Данилович Семенов,41 93 696293,"с. Советский, пер. Стахановский, д. 40, 019337",8 (224) 763-6671
380,Новикова Евфросиния Геннадиевна,89 74 520350,"к. Тайшет, пр. Славянский, д. 4 к. 58, 649848",84070921694
381,Лариса Захаровна Воронова,76 30 115432,"к. Печора, алл. Иркутская, д. 8 к. 69, 120509",8 (613) 626-44-10
382,Шестаков Родион Владиленович,13 84 453609,"г. Териберка, наб. Интернациональная, д. 469 стр. 4, 419731",+7 (968) 154-7605
383,Пантелеймон Давыдович Евдокимов,22 99 368280,"клх Горно-Алтайск, пр. Клубный, д. 8/3 стр. 874, 586969",+70931472747
384,Уваров Сидор Ефстафьевич,44 27 569762,"с. Моршанск, ул. Черняховского, д. 9/9, 582047",+7 928 413 5965
385,Лука Филатович Одинцов,15 60 112757,"клх Черняховск, пр. Серафимовича, д. 6/2, 696875",8 003 657 0613
386,Евгения Константиновна Казакова,50 87 833104,"ст. Элиста, ш. Тополиное, д. 35, 247273",88986885656
387,Гришин Алексей Яковлевич,87 33 895393,"д. Светлогорск (Калин.), наб. Заозерная, д. 3 к. 214, 452163",+7 (590) 196-1336
388,Лукин Алексей Зиновьевич,76 23 319844,"ст. Асбест, ш. 70 лет Октября, д. 8 стр. 58, 701516",+7 521 481 2846
389,Валентина Яковлевна Белозерова,99 91 126012,"г. Хатанга, ул. Высокая, д. 8 к. 5/3, 806721",8 (577) 207-3666
390,Гордей Харитонович Фокин,10 65 784152,"п. Пышма, пр. Тенистый, д. 547 к. 231, 965660",87594604014
391,Зыкова Валерия Геннадьевна,85 33 682416,"к. Уварово, пер. Ватутина, д. 8/2, 496142",+7 (972) 627-14-73
392,Нина Тимофеевна Максимова,39 77 492659,"к. Ярославль, пер. Ореховый, д. 39 к. 800, 180947",81617359529
393,Куликов Мирон Ерофеевич,75 35 671572,"п. Сортавала, наб. 30 лет Победы, д. 1/3 стр. 959, 206174",85878271003
394,Аксенов Аверьян Валентинович,26 73 764064,"д. Семлячики, бул. Байкальский, д. 824 к. 5/5, 279855",8 (410) 179-5436
395,Глафира Ивановна Ларионова,69 38 781217,"клх Волхов, алл. Песчаная, д. 6/3 к. 1/4, 861959",+7 (846) 541-68-95
396,Феврония Наумовна Рыбакова,58 21 876604,"ст. Дзержинск, наб. Волжская, д. 2/9 к. 91, 036444",+7 460 375 5154
397,Ксения Кирилловна Боброва,97 30 954080,"клх Серпухов, пер. Менделеева, д. 461 к. 638, 080874",+7 (011) 747-0154
398,Мариан Анатольевич Кононов,12 81 849713,"клх Сузун, бул. Юбилейный, д. 9 к. 632, 096092",+7 (224) 010-1054
399,Агата Владимировна Шубина,31 89 748079,"с. Карпинск, бул. Крупской, д. 3/1 стр. 89, 412594",+7 068 222 6335
400,Вероника Михайловна Шилова,22 15 680444,"г. Смоленск, ул. Ульяновская, д. 1/6 к. 3, 642825",+72565360201
401,Киселев Иларион Эдгарович,94 45 207713,"г. Приозерск, ш. Горняцкое, д. 30 стр. 9, 572087",+7 (612) 098-4840
402,Светлана Эльдаровна Панфилова,75 47 830314,"к. Нижнекамск, пер. Кленовый, д. 32 к. 2/6, 316323",+77143736249
403,Котова Василиса Степановна,11 49 180618,"п. Валаам, пер. Народный, д. 45 стр. 5/3, 236882",+7 913 045 1938
404,Носкова Ульяна Александровна,54 21 669399,"к. Серов, ш. Большевистское, д. 2/8 стр. 9/8, 110113",8 487 718 2179
405,София Олеговна Устинова,68 68 556037,"д. Северобайкальск, пр. Ворошилова, д. 193 к. 81, 889339",8 (072) 210-6009
406,Коновалова Марфа Станиславовна,34 21 660569,"к. Златоуст, ш. Коминтерна, д. 67 к. 1, 944925",8 444 574 81 24
407,Герасимова Ия Владиславовна,37 38 464773,"п. Владивосток, наб. Абрикосовая, д. 5/8, 424518",+77767966618
408,Майя Игоревна Денисова,26 32 505564,"клх Рославль, пр. Крымский, д. 8, 305162",83881725618
409,Фаина Захаровна Кононова,84 71 991128,"г. Мичуринск, алл. Морская, д. 268 к. 4, 197789",+75938073782
410,Михеев Анисим Изотович,59 53 198626,"п. Кущевская, пер. Герцена, д. 9/8 к. 8/5, 997977",8 (261) 879-1763
411,Воронцова Милица Вадимовна,47 81 543186,"с. Усть-Калманка, ш. Полярное, д. 30, 025490",+7 989 461 78 91
412,Егоров Януарий Андреевич,58 85 200062,"д. Качканар, бул. Угольный, д. 88 к. 638, 504084",8 (020) 219-9576
413,Модест Елизарович Кудрявцев,86 83 202111,"к. Жигулевск, ш. Рылеева, д. 768, 324664",8 352 911 4937
414,Орехов Карл Ефстафьевич,56 92 356926,"клх Орехово-Зуево, ш. Снежное, д. 1 к. 1/2, 002531",8 579 493 14 87
415,Дмитриева Анжелика Юрьевна,14 74 439185,"клх Устюжна, ул. Плеханова, д. 9/2, 809993",+72027145104
416,Влас Анисимович Соболев,53 14 165460,"клх Меренга, ул. Нагорная, д. 179 стр. 6/5, 782729",8 (779) 713-06-53
417,Бажен Ерофеевич Самойлов,42 75 612161,"ст. Когалым, бул. Ангарский, д. 7/5, 516116",+71716916015
418,Егор Изотович Белов,78 93 233658,"клх Тюмень, ш. Зои Космодемьянской, д. 8/9, 794549",8 (631) 200-9464
419,Петр Дмитриевич Субботин,76 34 624239,"ст. Холмск, алл. Карла Маркса, д. 4, 819034",8 (418) 770-74-83
420,Лидия Степановна Ермакова,11 93 311241,"г. Шамары, алл. Северная, д. 22 стр. 7, 046250",+7 672 818 0874
421,Людмила Константиновна Крылова,57 88 389885,"ст. Новый Уренгой, наб. Гаражная, д. 4/6 к. 7/4, 221502",+7 755 150 27 65
422,Вишняков Боян Ильясович,98 34 373386,"с. Моршанск, пр. Щетинкина, д. 495, 254655",8 (838) 415-5228
423,Куликов Устин Георгиевич,13 56 124710,"п. Печора, алл. Ленинская, д. 52 к. 7/2, 893502",+7 666 162 7464
424,Анжела Валентиновна Дементьева,47 69 587328,"г. Малгобек, пр. Папанина, д. 3, 601385",+7 (189) 745-83-13
425,София Владиславовна Дмитриева,73 31 894726,"с. Снежногорск (Мурм.), ш. Одесское, д. 861 стр. 4/2, 833749",+7 (012) 239-0206
426,Сигизмунд Иосипович Зуев,29 38 468795,"г. Новокузнецк, наб. Кленовая, д. 7 к. 9, 773223",80317375334
427,Никодим Федосеевич Беспалов,67 72 328840,"с. Невельск, наб. Веселая, д. 8 стр. 5, 892371",8 (137) 772-63-36
428,Юлия Григорьевна Третьякова,14 32 419992,"п. Кулунда, алл. Суворова, д. 31 стр. 9/1, 560510",8 (863) 500-2444
429,Авдей Филатович Федотов,72 14 976397,"г. Каргополь, пер. Пожарского, д. 3 стр. 55, 442625",+7 (474) 160-8577
430,Макаров Алексей Марсович,76 73 694836,"ст. Сальск, алл. Кутузова, д. 91, 459208",+72798807510
431,Уварова Агата Тимуровна,83 85 887184,"п. Аша, пер. Энергетиков, д. 7/4 стр. 28, 340334",+7 (990) 731-50-22
432,Стоян Ярославович Кошелев,79 77 878681,"клх Ханты-Мансийск, ш. Лесное, д. 7/5 стр. 618, 875161",+7 (080) 139-42-17
433,Тарасова Милица Михайловна,77 57 561635,"г. Сосногорск, бул. Ударный, д. 4, 999717",+7 409 629 10 85
434,Комаров Епифан Ефимьевич,55 41 972472,"п. Котельнич, алл. Матросова, д. 6 стр. 33, 482383",87190227831
435,Анастасия Андреевна Гордеева,43 44 995891,"д. Обоянь, бул. Ягодный, д. 8/4 к. 4/8, 686190",8 (881) 410-00-98
436,Медведева Татьяна Андреевна,27 61 381656,"с. Ставрополь, ш. Флотское, д. 1/1, 933266",+74854845312
437,Леонтий Феодосьевич Шилов,79 19 915450,"п. Эльбрус, ул. Ореховая, д. 5, 642565",8 (888) 520-8041
438,Нестеров Пантелеймон Тихонович,23 94 324257,"к. Оленегорск (Якут.), пер. Восточный, д. 7/5 к. 932, 364247",+70780256214
439,Воронова Ангелина Феликсовна,18 66 258364,"с. Куртамыш, ш. Линейное, д. 922, 910099",8 (761) 315-06-13
440,Яковлева Варвара Вадимовна,58 17 273049,"ст. Кажим, ул. Родниковая, д. 1 стр. 3/3, 808102",+7 (117) 664-86-78
441,Изот Эдгардович Козлов,35 19 418151,"к. Томпа, пер. Народный, д. 90 к. 404, 884969",+79565814702
442,Дарья Викторовна Чернова,43 62 571856,"к. Печенга, пр. Производственный, д. 5/7 к. 453, 935577",8 (584) 873-5573
443,Вацлав Виленович Дорофеев,63 70 405632,"клх Кущевская, бул. Сенной, д. 313 к. 1, 560261",+7 451 058 6656
444,Зиновий Геннадиевич Смирнов,16 50 795379,"ст. Октябрьский (Башк.), пер. Никитина, д. 2/9 к. 90, 067224",8 365 550 3545
445,Быкова Таисия Аскольдовна,71 45 851325,"д. Вилюйск, пр. 60 лет Октября, д. 990, 717540",+7 (369) 187-61-69
446,Екатерина Юльевна Панфилова,30 33 462976,"г. Анива, ш. Торговое, д. 14 стр. 432, 781668",+74889330334
447,Антонина Олеговна Кузьмина,18 18 826092,"к. Домодедово, бул. Пугачева, д. 47 к. 8/1, 600053",+7 392 602 0280
448,Брагина Маргарита Владимировна,13 68 499765,"п. Сухиничи, пер. Колхозный, д. 51, 747407",8 607 997 7157
449,Горбунова Валерия Дмитриевна,90 31 648971,"д. Байкальск, алл. Дачная, д. 66 к. 797, 430055",8 (001) 786-89-97
450,Юлия Константиновна Панфилова,60 61 627625,"с. Нарткала, пр. Космический, д. 2/5 к. 1, 131648",+78463990519
451,Казакова София Аскольдовна,81 94 715000,"ст. Охотск, алл. Степная, д. 59, 972681",87631101947
452,Куликова Александра Альбертовна,59 88 209589,"д. Казань, бул. Енисейский, д. 3/2 к. 7, 734785",+7 (059) 211-30-62
453,Евгений Глебович Кулаков,10 70 539373,"г. Кашхатау, бул. Профсоюзный, д. 991 к. 1, 413450",8 827 739 46 50
454,Надежда Львовна Игнатова,51 73 458020,"клх Таштагол, бул. 40 лет Победы, д. 2/9 к. 33, 983219",+7 (431) 318-7071
455,Прасковья Ивановна Муравьева,50 44 716745,"п. Кизляр, алл. Дарвина, д. 8/2, 210294",8 303 463 25 95
456,Стрелкова Юлия Руслановна,98 14 147973,"с. Елец, пер. Калужский, д. 7 стр. 5/4, 182428",8 (680) 325-6196
457,Соболева Фаина Ивановна,56 61 504698,"ст. Карталы, пер. Приморский, д. 3/3, 905982",+7 (608) 243-7966
458,Руслан Дмитриевич Кудрявцев,14 80 758198,"д. Токма, ш. Тенистое, д. 666, 549774",8 798 680 56 88
459,Баранова Валерия Даниловна,39 47 629292,"г. Амдерма, пер. Зеленый, д. 47 к. 9, 327207",+7 308 956 0804
460,Брагин Софон Феофанович,43 64 166962,"к. Нягань, ул. Есенина, д. 7, 588797",+7 459 894 28 94
461,Фомичева Акулина Борисовна,41 95 618584,"клх Тикси, пр. Уральский, д. 707, 279332",+7 (039) 388-62-59
462,тов. Кузьмин Зиновий Артёмович,78 23 866428,"клх Новая Игирма, наб. Кооперативная, д. 6/3 к. 4, 303510",+7 (989) 934-3174
463,Гущина Иванна Владимировна,52 40 917709,"п. Качканар, наб. К.Маркса, д. 7/7 к. 55, 166748",8 701 461 32 79
464,Лариса Константиновна Медведева,28 24 900913,"ст. Кемерово, пр. Широкий, д. 67, 554898",+7 (629) 571-5079
465,Алина Андреевна Гордеева,53 67 244609,"г. Таганрог, пер. Шевченко, д. 2/1 стр. 430, 609504",+7 (996) 248-11-44
466,Котов Никон Федосеевич,54 36 532753,"ст. Анапа, бул. Автомобилистов, д. 519 к. 38, 431089",8 991 368 14 24
467,Алевтина Максимовна Назарова,33 25 531497,"г. Тавда, ул. Слободская, д. 387, 029058",8 (478) 652-82-50
468,Лазарева Кира Васильевна,48 69 249777,"п. Шерегеш, алл. Хуторская, д. 5 к. 43, 660128",8 (087) 240-21-78
469,Гурий Викторович Федосеев,64 38 404118,"п. Крымск, пер. Чайковского, д. 978 к. 47, 822367",+7 (909) 464-9388
470,Ия Анатольевна Кудрявцева,49 44 678485,"с. Тихвин, пер. Спартака, д. 2/5 к. 1, 212770",+7 (748) 321-44-93
471,Амос Марсович Анисимов,41 30 689318,"п. Урус-Мартан, наб. Каштановая, д. 7/1 стр. 56, 242564",8 (086) 305-50-45
472,Громова Феврония Станиславовна,47 78 361743,"с. Кажим, пер. Трудовой, д. 69 стр. 78, 618181",+7 (746) 600-11-96
473,Рябов Капитон Бориславович,28 59 804681,"клх Крымск, ш. Просторное, д. 116, 421993",+7 351 526 1549
474,Дмитриева Олимпиада Вадимовна,20 18 105829,"ст. Курганинск, пр. Чехова, д. 52 к. 73, 684527",+72896279822
475,Шилова Майя Оскаровна,65 97 493272,"д. Орел, наб. Парижской Коммуны, д. 73 стр. 26, 668300",+7 475 747 61 38
476,Панфилов Владислав Гаврилович,97 74 405044,"ст. Тобольск, бул. Владимирский, д. 38 стр. 27, 665538",8 913 268 00 50
477,Валентина Мироновна Исаева,53 93 665194,"д. Каменск-Шахтинский, бул. Транспортный, д. 2/4 стр. 93, 545848",+7 (270) 153-9923
478,Кудряшова Ульяна Даниловна,27 49 130639,"с. Старая Русса, наб. Рылеева, д. 5 к. 5/1, 681159",+73621955616
479,Максимов Гостомысл Аксёнович,15 10 743703,"г. Можга, алл. Вольная, д. 6/9, 162436",8 (814) 199-60-70
480,Эмилия Анатольевна Голубева,79 73 424490,"п. Томари, наб. 40 лет Победы, д. 8/7 к. 666, 180016",83850747068
481,Шилова Галина Захаровна,31 34 983333,"к. Красноуральск, ул. Красногвардейская, д. 7/3, 812324",+7 (316) 436-84-55
482,Уваров Ратибор Жоресович,37 28 626187,"г. Кунгур, бул. Котовского, д. 60 стр. 614, 519157",8 (760) 215-5806
483,Арефий Георгиевич Попов,20 36 973643,"г. Кабанск, ул. Дзержинского, д. 8 к. 2, 312412",8 (531) 716-0766
484,Нестеров Милий Феликсович,97 57 121678,"г. Галич, ш. Чапаева, д. 7 к. 5/6, 163103",83233745081
485,Абрамов Елизар Арсеньевич,25 60 942755,"п. Ноябрьск, алл. З.Космодемьянской, д. 243, 020161",8 863 761 5093
486,Дарья Афанасьевна Савельева,49 17 484057,"п. Агинское (Забайк.), пр. Черемуховый, д. 3 к. 29, 278217",87748082244
487,Лавр Дмитриевич Баранов,59 50 223215,"п. Раменское, бул. Макарова, д. 4/5 к. 7/8, 637473",+7 609 839 06 66
488,Сафонова Октябрина Павловна,85 33 718009,"с. Рыльск, алл. Овражная, д. 58, 861302",8 (255) 076-21-68
489,Тарасов Ярополк Виленович,50 62 670374,"к. Рязань, бул. Малиновый, д. 88 стр. 7/7, 546209",8 (734) 885-7733
490,Попов Михей Григорьевич,82 75 450772,"д. Малгобек, наб. Иванова, д. 65 стр. 22, 610041",+7 546 854 64 92
491,Фаина Рубеновна Пономарева,91 67 991187,"ст. Троицк (Моск.), ш. Цветочное, д. 3, 850380",8 (328) 542-51-98
492,Козлова Алла Вадимовна,55 56 357301,"к. Соловки, алл. Ворошилова, д. 2/3 к. 516, 554893",8 730 693 39 49
493,Исаев Ярополк Устинович,85 21 535602,"клх Курганинск, пр. Дальний, д. 3/8 стр. 2, 051808",+7 094 179 0815
494,Рыбаков Константин Харлампович,26 44 787853,"клх Вязьма, пер. Коммунальный, д. 2/6 стр. 31, 787111",+76353302587
495,Таисия Тарасовна Бурова,56 19 812457,"д. Уренгой, ш. Инженерное, д. 343, 931540",+7 710 213 2608
496,Кириллова Фаина Юльевна,23 26 142662,"ст. Тюмень, пр. Войкова, д. 85 стр. 38, 548276",+7 (062) 161-67-09
497,Гурьева Вероника Степановна,22 92 396425,"с. Шерегеш, ш. Черемушки, д. 8, 444713",+7 765 513 8526
498,Федот Вячеславович Хохлов,85 81 932331,"к. Петрозаводск, пер. Сибирский, д. 5/7 к. 2, 804895",8 820 201 9972
499,Макарова Алевтина Анатольевна,27 71 510915,"ст. Краснотурьинск, наб. Космодемьянской, д. 935, 930630",8 743 062 89 21
500,Михаил Даниилович Ситников,12 63 222040,"к. Торжок, бул. Первомайский, д. 3 стр. 83, 261349",+7 (286) 557-75-95
501,Эдуард Герасимович Стрелков,43 47 771941,"к. Уссурийск, пер. Промышленный, д. 4, 831994",8 (474) 326-9573
502,Феофан Александрович Авдеев,89 94 814227,"п. Майкоп, алл. Парижской Коммуны, д. 2, 697079",+7 051 002 2619
503,Максимильян Васильевич Степанов,79 72 336330,"клх Диксон, ш. Ушакова, д. 1/5 стр. 236, 965250",8 687 346 3713
504,Мокей Харламович Артемьев,73 42 377092,"клх Усолье Сибирское, пр. Кошевого, д. 4 к. 8/6, 105450",+7 (230) 067-58-27
505,Филатов Ипатий Власович,21 88 692919,"ст. Ковров, алл. Тюленина, д. 807 к. 3, 792697",+7 175 317 69 18
506,Никандр Вячеславович Киселев,45 95 408877,"с. Лабытнанги, пр. Ленинский, д. 502 стр. 1/2, 671167",8 (400) 521-85-65
507,Фаина Григорьевна Родионова,47 44 138690,"г. Елабуга, ул. Гастелло, д. 823, 620855",+7 781 716 65 23
508,Гусев Лукьян Артемьевич,10 44 671870,"д. Верещагино (Перм.), бул. Крестьянский, д. 409, 756361",+7 (247) 598-0314
509,Козлова Елена Руслановна,38 15 417602,"п. Сковородино, пер. Островского, д. 7/8 стр. 7/9, 869242",+7 (669) 840-47-54
510,Антонов Анисим Германович,22 18 138452,"с. Сковородино, наб. Ярославская, д. 4 стр. 808, 646826",+7 411 520 8141
511,Валентина Болеславовна Вишнякова,60 54 251599,"ст. Усть-Илимск, пр. Флотский, д. 2, 279243",+79161533350
512,Елена Архиповна Анисимова,68 96 480837,"д. Выборг, наб. Лермонтова, д. 2/4, 391823",+7 638 997 6652
513,Филиппова Анна Филипповна,65 75 494410,"д. Гремячинск (Перм.), наб. 1 Мая, д. 58 стр. 1/3, 621541",84681922371
514,Григорьева Глафира Харитоновна,76 64 389118,"ст. Губаха, пер. Весенний, д. 7/2 к. 15, 496797",8 796 860 63 26
515,Журавлева Вера Кирилловна,67 58 666301,"ст. Оса, алл. Жданова, д. 3/5 к. 341, 658408",8 (407) 125-30-12
516,Шарапов Валентин Богданович,89 30 439561,"п. Ишим, бул. Красноармейский, д. 156 к. 835, 499210",+7 247 751 44 68
517,Соловьев Боян Эдгардович,36 44 855796,"г. Находка, ш. Петровское, д. 178, 125805",8 (024) 516-30-90
518,Мстислав Игоревич Попов,82 99 512685,"п. Ставрополь, пр. Малиновый, д. 8 стр. 3/9, 901972",+7 (945) 617-2924
519,Евгения Никифоровна Сидорова,30 52 179802,"д. Тимашевск, пер. Московский, д. 69, 169318",+7 292 299 8247
520,Нестерова Евфросиния Семеновна,35 51 398353,"п. Иваново, бул. Блюхера, д. 7/7 к. 5, 286385",8 (094) 010-7890
521,Милица Мироновна Гусева,47 16 819941,"г. Красноуфимск, пер. Февральский, д. 2 стр. 37, 345861",+77485500991
522,Макарова Милица Викторовна,82 60 175228,"с. Ульяновск, ш. 9 Января, д. 6, 047734",+7 287 897 42 16
523,Овчинникова Валерия Валериевна,55 89 246344,"г. Югорск, ш. Садовое, д. 8/6 стр. 7/4, 697326",+7 430 921 7681
524,Синклитикия Рудольфовна Калинина,80 10 967025,"клх Шатой, пр. Революционный, д. 2/5, 294736",8 257 051 26 06
525,Молчанова Нонна Кузьминична,11 28 967555,"к. Ельня, алл. Проточная, д. 37, 012986",8 (309) 163-4660
526,Виктория Андреевна Захарова,10 38 799533,"клх Суздаль, ш. Уральское, д. 80 к. 21, 087517",8 (200) 114-1420
527,Панов Андрей Харитонович,57 87 713784,"к. Муром, алл. Терешковой, д. 68 стр. 5, 486519",+7 (006) 614-7539
528,Сергеев Эрнест Тимурович,47 28 316826,"к. Бологое, ш. Серафимовича, д. 6/3 стр. 3, 578794",81733815996
529,Марфа Ждановна Игнатова,47 56 876522,"п. Холмогоры, наб. Энтузиастов, д. 2/2, 616781",+7 978 618 8732
530,Исакова Валентина Викторовна,99 20 527638,"клх Пышма, бул. Кутузова, д. 6 к. 8/2, 400046",8 (627) 839-7113
531,Анастасия Геннадиевна Исакова,76 95 450741,"ст. Шадринск, пер. Путейский, д. 248 к. 968, 618139",+7 (121) 568-3255
532,Сазонов Силантий Ефремович,27 70 416086,"с. Новомичуринск, пер. Пролетарский, д. 2/2 стр. 702, 977596",8 369 718 7174
533,Петухова Вера Владиславовна,48 91 958718,"к. Суздаль, пер. Стадионный, д. 2, 305855",85094697077
534,Баранова Кира Макаровна,82 68 930074,"п. Саратов, ш. Казанское, д. 49 к. 44, 529024",+7 632 265 98 57
535,Лора Вениаминовна Мартынова,24 80 979508,"д. Шерегеш, бул. Трудовой, д. 1 к. 700, 855327",+7 (227) 233-82-20
536,Тимофеев Максимильян Андреевич,84 35 460910,"к. Жигулевск, пер. Тенистый, д. 2 стр. 35, 251225",+70631821245
537,Фрол Иларионович Лыткин,17 10 306296,"клх Талдом, бул. М.Горького, д. 748 стр. 977, 822225",8 783 812 3391
538,Рыбаков Амвросий Тимурович,62 77 565884,"д. Каспийск, ул. Рязанская, д. 4, 951710",8 (124) 954-70-32
539,Иларион Герасимович Никитин,83 76 720099,"д. Алдан, ул. Февральская, д. 5/4 стр. 2/9, 559858",8 (709) 315-3040
540,Евфросиния Тимуровна Ефимова,52 51 499479,"к. Орел, бул. Центральный, д. 6, 532695",88264902876
541,Игорь Матвеевич Быков,37 96 224227,"п. Мезень, бул. Луначарского, д. 3 стр. 3/2, 146010",+7 (114) 808-28-26
542,Вишняков Егор Вилорович,17 93 417845,"к. Буйнакск, пер. Советской Армии, д. 1 стр. 390, 851166",+7 828 223 57 66
543,Маргарита Святославовна Журавлева,89 17 469861,"ст. Томск, пер. Водопроводный, д. 70 к. 578, 092505",85674733586
544,тов. Исаев Антонин Димитриевич,79 12 233052,"ст. Кедровый, пр. Петровский, д. 3/7 к. 10, 846157",+74902405305
545,Назар Устинович Ширяев,41 90 770710,"г. Ангарск, бул. Вахитова, д. 88, 457627",8 (854) 235-2199
546,Емельянов Фрол Чеславович,36 58 585766,"клх Кулунда, бул. Короткий, д. 8/7, 879576",+7 (846) 332-2697
547,Алексеева Светлана Аскольдовна,29 66 849903,"п. Партизанск, бул. Цветочный, д. 9 к. 1, 393329",+7 (720) 207-76-02
548,Поляков Ким Даниилович,99 70 604981,"ст. Арзамас, наб. Космонавтов, д. 33, 932752",8 737 731 3532
549,Лапин Ананий Матвеевич,65 29 648283,"д. Кунгур, алл. Береговая, д. 6 к. 3, 579813",8 (292) 118-59-84
550,Большакова Акулина Викторовна,43 29 806951,"д. Заводоуковск, пр. Краснознаменный, д. 21 к. 2/2, 411363",8 (176) 376-4335
551,Марина Максимовна Шарапова,87 57 274654,"клх Петрозаводск, алл. Кузнецова, д. 660 стр. 170, 176755",8 236 856 1721
552,Еремей Геннадиевич Емельянов,23 10 541294,"ст. Нефтеюганск, ш. Тургенева, д. 497, 840399",+7 166 678 14 58
553,Кузьмина Анна Павловна,45 94 252050,"с. Яр-Сале, ул. Амурская, д. 164 к. 625, 916444",+7 466 530 6202
554,Лихачев Аристарх Фёдорович,66 90 415375,"г. Лабинск, ш. Морозова, д. 334 стр. 60, 418365",81179711938
555,Нонна Филипповна Николаева,84 72 720540,"к. Мураши, ш. Слободское, д. 9/7 стр. 24, 868631",88332320578
556,Самсон Иосифович Васильев,10 68 289463,"клх Приморско-Ахтарск, алл. Киевская, д. 5/4 стр. 9, 712684",8 900 405 78 26
557,Щербаков Аскольд Игоревич,67 39 201817,"д. Нижневартовск, пер. Свободный, д. 5/7 к. 81, 187612",8 (903) 246-3179
558,Клавдий Изотович Дьячков,42 84 143420,"клх Энгельс, ул. 60 лет СССР, д. 8, 938875",8 947 380 62 07
559,Кулагина Анжела Вячеславовна,59 15 722496,"клх Санкт-Петербург, ш. Тюленина, д. 6/9 стр. 9, 646169",+7 871 780 4011
560,Маргарита Павловна Петухова,56 93 719598,"с. Пышма, бул. Поперечный, д. 4/5, 913719",8 (461) 771-15-54
561,Лыткин Дементий Феоктистович,85 56 338806,"клх Петрозаводск, пр. Рябиновый, д. 78 стр. 2, 418555",8 015 917 4529
562,г-н Михеев Валерий Гавриилович,59 29 154049,"с. Дивногорск, пр. Широкий, д. 40, 764213",+7 847 703 2112
563,Изот Августович Беляев,67 85 521270,"ст. Мценск, наб. Ленинская, д. 4/1 стр. 7, 725549",+7 (380) 687-35-09
564,Фадеева Лора Ильинична,55 43 631924,"ст. Невьянск, ш. Толбухина, д. 3/6 к. 311, 364328",+78055085552
565,Авксентий Валерьянович Рожков,38 64 648453,"д. Тверь, пр. Пожарского, д. 753 к. 7/7, 864721",8 (701) 393-8140
566,Анастасия Захаровна Гуляева,60 12 254373,"г. Юровск, алл. Степана Разина, д. 4/4 стр. 6, 220398",87365756405
567,Алина Харитоновна Овчинникова,67 97 167347,"д. Шарья, ш. Широкое, д. 746, 229806",86830598023
568,Фаина Валериевна Колесникова,69 34 612707,"ст. Уварово, бул. Космонавтов, д. 177, 992017",8 (008) 585-6347
569,Яков Артемьевич Константинов,78 55 748243,"г. Шали, пр. Кутузова, д. 188 стр. 31, 522522",+7 515 638 2327
570,Кузьмин Куприян Викентьевич,98 84 475804,"ст. Истра, ул. Радужная, д. 2/2 к. 193, 708192",81761246990
571,Василиса Никифоровна Беляева,46 48 666927,"с. Долинск, ш. Докучаева, д. 6 стр. 6, 214311",8 436 671 56 55
572,Филимон Анатольевич Дьячков,68 62 534788,"г. Муром, бул. Уральский, д. 98, 699245",8 (802) 095-75-40
573,Христофор Евстигнеевич Голубев,13 44 864065,"клх Ямбург, пер. Грибоедова, д. 416 стр. 432, 678207",+7 (589) 676-01-16
574,Меркушев Арсений Ефимьевич,24 85 239029,"к. Бронницы, бул. Машиностроителей, д. 1 к. 6/8, 849671",+7 (002) 065-9544
575,Горбунова Александра Архиповна,84 37 411021,"ст. Апатиты, ул. Железнодорожная, д. 304 стр. 5, 043265",8 997 326 00 06
576,Журавлева Евгения Юльевна,82 12 581083,"к. Апшеронск, ш. Запорожское, д. 3/7, 121573",+7 (125) 865-57-10
577,Октябрина Юрьевна Капустина,33 66 823566,"с. Кулунда, бул. Придорожный, д. 9 к. 13, 362145",+7 (262) 996-1597
578,Александра Харитоновна Исаева,44 29 806685,"п. Калач, ул. Вольная, д. 254 к. 18, 491650",+72144149194
579,Лукин Леонид Дмитриевич,84 64 114016,"с. Яшалта, алл. З.Космодемьянской, д. 9 к. 209, 404770",+7 (073) 320-0566
580,Буров Светозар Бориславович,93 75 673816,"к. Красная Поляна, бул. Лазо, д. 5/8 стр. 4/6, 138904",8 071 290 44 87
581,Зыков Пимен Адрианович,90 26 915004,"п. Королев, алл. Балтийская, д. 471 стр. 928, 278842",+7 (936) 210-81-64
582,Трофимова Пелагея Харитоновна,33 12 310590,"к. Краснотурьинск, бул. Демьяна Бедного, д. 84, 348421",+7 207 104 29 21
583,Будимир Августович Трофимов,12 35 198031,"г. Орел, пер. Некрасова, д. 8, 747626",8 (048) 313-96-26
584,Емельянов Юлиан Бориславович,73 54 189564,"ст. Дербент, наб. Поперечная, д. 18 стр. 853, 068427",+7 (338) 282-1928
585,Трофимов Ферапонт Владленович,90 55 361588,"ст. Видное, пер. Щербакова, д. 607 стр. 9/6, 814076",+76741951682
586,Валентина Ждановна Ситникова,55 50 562004,"ст. Шатки, ул. Мельничная, д. 180 стр. 2/9, 466518",+72612630273
587,Аристарх Викторович Дементьев,85 69 493840,"клх Лазаревское, ш. Глинки, д. 911 к. 93, 342230",8 942 253 4435
588,Эраст Даниилович Григорьев,53 58 840478,"ст. Тымовское, пр. Степной, д. 1/1, 572520",8 (233) 378-4128
589,Вероника Вениаминовна Петухова,78 46 987982,"п. Ачинск, пр. Республиканский, д. 9/7, 816995",+7 744 364 39 02
590,Филарет Абрамович Миронов,22 85 631048,"к. Ямбург, бул. Светлый, д. 2/4 стр. 5, 748413",+7 (313) 715-2353
591,Иванова Прасковья Владимировна,80 23 233597,"п. Щельяюр, алл. 40 лет Победы, д. 4 к. 334, 148161",+7 (782) 934-24-01
592,Дорофей Ильич Исаков,46 95 467944,"д. Малая Вишера, ш. Горького, д. 451, 378272",89645385768
593,Белов Аркадий Гордеевич,56 21 700693,"г. Аршан (Бурят.), пер. 70 лет Октября, д. 38 стр. 724, 849506",+7 (584) 917-23-55
594,Ольга Анатольевна Юдина,54 36 958711,"г. Мыс Шмидта, ул. Рылеева, д. 6 к. 7/6, 000208",+7 204 326 5380
595,Вера Макаровна Доронина,16 22 423452,"г. Люберцы, ул. Фадеева, д. 37, 091356",+78299836634
596,Милован Виленович Бобылев,96 24 823346,"с. Усть-Катав, ш. Московское, д. 918 стр. 45, 719785",+7 (511) 556-6089
597,Николаев Артемий Венедиктович,70 30 578622,"г. Архангельск, пр. Угловой, д. 9, 404896",8 081 743 73 94
598,Матвеев Бронислав Владиленович,14 28 146235,"клх Кашхатау, алл. Пирогова, д. 9/3 стр. 3, 683685",8 777 272 06 75
599,Демид Венедиктович Лыткин,25 69 965532,"ст. Гудермес, бул. Кочубея, д. 3 стр. 121, 151615",8 053 667 8382
600,Гурьев Владилен Эдгарович,74 82 329791,"к. Калуга, ул. Ясная, д. 800 стр. 1, 819918",8 415 662 75 46
601,Любовь Рудольфовна Кузнецова,24 50 569072,"к. Ивдель, пер. Поперечный, д. 82 стр. 6, 301693",+7 298 047 09 23
602,Григорьев Радислав Ильич,11 42 531215,"г. Вытегра, ш. 50 лет ВЛКСМ, д. 28 к. 4/1, 993372",8 906 509 04 02
603,Макаров Варлаам Ильясович,30 76 156425,"д. Калач, пер. Попова, д. 65 стр. 1, 790759",8 (041) 072-6509
604,Анна Игоревна Ефремова,81 86 523523,"г. Анадырь, пер. Энергетиков, д. 55 к. 7/1, 948692",+7 869 143 8999
605,Колобова Анастасия Валентиновна,80 89 236684,"к. Чулым, бул. Южный, д. 3, 078276",+7 537 333 5009
606,Спартак Иларионович Мартынов,71 66 132243,"клх Мытищи, бул. Правды, д. 855 стр. 580, 252454",+7 (955) 375-00-41
607,Якуб Иосипович Петухов,86 73 615962,"к. Южноуральск, пр. Свободный, д. 1/8 к. 1, 159507",8 (063) 209-6867
608,Фадей Зиновьевич Игнатов,39 63 988388,"п. Советский, наб. Алтайская, д. 257, 413015",+7 004 073 47 70
609,Кудрявцев Куприян Филатович,13 38 151013,"ст. Терней, пер. Первомайский, д. 4/8 стр. 3/7, 447432",+78419963676
610,Виктория Федоровна Моисеева,30 42 424427,"д. Новороссийск, пер. Огородный, д. 193, 643355",+7 (070) 906-4670
611,Федорова Лариса Дмитриевна,21 22 444133,"клх Кежма, ш. Химиков, д. 8 к. 93, 034020",86388829082
612,Нонна Ждановна Савельева,81 99 686145,"д. Нефтеюганск, наб. Кольцевая, д. 58 к. 9/9, 789327",8 (543) 274-6967
613,Бирюкова Агата Николаевна,97 99 821282,"с. Луховицы, пр. Нахимова, д. 5/2 стр. 326, 954202",+73638845888
614,Федосеев Венедикт Артемьевич,52 54 912193,"п. Мценск, пр. Пригородный, д. 714 к. 5, 296252",8 760 419 7645
615,Соболев Радим Харлампович,82 61 959133,"с. Кропоткин (Краснод.), ул. Волкова, д. 7/8 к. 5, 445913",8 (679) 170-5544
616,Радим Артемьевич Костин,47 50 425547,"ст. Городовиковск, бул. Беляева, д. 6/3 стр. 44, 431010",85078183361
617,Изот Артурович Никифоров,68 55 997395,"д. Малая Вишера, пер. Песчаный, д. 538, 662582",8 373 870 7594
618,Самсонова Нина Аркадьевна,20 92 367021,"д. Гатчина, пер. Семашко, д. 22 стр. 58, 428683",8 933 520 8628
619,Рюрик Алексеевич Евсеев,18 20 396404,"п. Черский, ул. Котовского, д. 76 стр. 622, 777268",8 (589) 144-48-79
620,Прохор Теймуразович Тарасов,84 18 417327,"г. Хоста, ул. Первомайская, д. 266, 787865",8 200 125 5874
621,Беляков Авдей Глебович,32 97 333828,"п. Обнинск, пер. Пушкина, д. 2/1 стр. 7/1, 699676",+7 298 380 64 99
622,Василий Тихонович Стрелков,11 34 923217,"д. Троицк (Челяб.), ул. Транспортная, д. 95 к. 26, 898308",+7 063 312 43 07
623,Моисеев Любосмысл Федотович,55 21 980690,"ст. Норильск, наб. Заливная, д. 69 к. 9, 783515",8 (942) 787-80-28
624,Кудряшова Василиса Альбертовна,23 30 261103,"п. Октябрьское (Челяб.), ш. Союзное, д. 96 к. 458, 675247",+7 521 591 1372
625,Раиса Викторовна Авдеева,89 41 727128,"п. Бирск, пер. Казачий, д. 931, 692260",+75563657797
626,Стрелкова Ирина Тарасовна,93 32 522290,"д. Тикси, пр. Парковый, д. 179 стр. 833, 722959",83879091398
627,Исидор Архипович Дроздов,16 33 831875,"п. Жигулевск, ул. Краснодарская, д. 2/5 к. 7, 804233",+7 (690) 053-8336
628,Автоном Игнатьевич Кулаков,35 80 811384,"г. Волгодонск, бул. Маркса Карла, д. 782 к. 7, 968995",8 312 083 7399
629,Уваров Лаврентий Теймуразович,49 61 593295,"с. Сочи, пер. Снежный, д. 1/7 к. 3/6, 432512",8 239 804 26 09
630,Надежда Ниловна Королева,55 68 332581,"клх Казань, алл. Родниковая, д. 3 стр. 817, 025483",8 (209) 318-13-27
631,Иванов Алексей Герасимович,54 90 532928,"г. Ухта, ул. Казанская, д. 2/2, 076973",8 (292) 158-50-65
632,Романова Оксана Тарасовна,25 89 567735,"г. Балашиха, бул. Кубанский, д. 69, 389465",+7 060 827 86 63
633,Милица Аркадьевна Мишина,96 65 365600,"г. Новосибирск, пер. Просторный, д. 48 к. 203, 131319",+7 (582) 432-9500
634,Алина Антоновна Капустина,62 99 366039,"п. Железногорск(Курск.), наб. Титова, д. 7/4 стр. 31, 061789",8 665 636 9740
635,Стрелков Ираклий Еремеевич,15 10 543309,"ст. Кузнецк, пер. Приморский, д. 2/5 к. 55, 954810",+7 527 170 20 24
636,Зуев Мариан Евстигнеевич,97 33 525687,"г. Александров Гай, наб. Союзная, д. 25 стр. 63, 388120",8 877 066 26 00
637,Андрей Владиленович Тетерин,26 96 131246,"с. Аргаяш, ул. Краснодарская, д. 4/1 к. 5/9, 960367",+7 (110) 067-2451
638,Харлампий Венедиктович Матвеев,20 36 416618,"ст. Канск, наб. ДОС, д. 874 стр. 652, 866928",+7 618 463 8079
639,Виктор Викторович Назаров,47 54 842090,"д. Александровск, ш. Добролюбова, д. 48, 613076",8 710 302 3989
640,Нинель Семеновна Кулакова,32 62 351502,"д. Павловская, ш. Кооперативное, д. 6 стр. 400, 502959",8 (834) 976-8804
641,Костин Михаил Витальевич,21 67 565964,"с. Тосно, наб. Мирная, д. 85 к. 6, 850560",8 519 490 75 39
642,Добромысл Тарасович Трофимов,49 77 298267,"с. Оренбург, ш. Камское, д. 2/8 к. 719, 117763",+7 (302) 827-8818
643,Велимир Матвеевич Новиков,94 74 832152,"п. Владикавказ, ул. Большевистская, д. 88 стр. 1/8, 565364",+7 (514) 502-49-08
644,Шарапов Захар Герасимович,80 76 178095,"к. Вытегра, ул. Энгельса, д. 33 стр. 9, 439020",8 486 356 26 82
645,Ефремов Кирилл Ерофеевич,96 55 187060,"с. Владимир, алл. Коминтерна, д. 599, 675701",86245775407
646,Евгений Глебович Пестов,55 36 321479,"ст. Таганрог, ш. Среднее, д. 5, 431192",88158449903
647,Зиновьев Добромысл Фёдорович,92 19 136663,"п. Алапаевск, ул. Декабристов, д. 8/6 стр. 367, 537679",+7 033 220 9076
648,Дьячкова Валерия Наумовна,35 35 882068,"д. Далматово, ш. Октябрьское, д. 980 к. 489, 848085",8 070 756 86 44
649,Болеслав Валентинович Козлов,78 47 665721,"клх Ишим, наб. К.Маркса, д. 792 стр. 487, 775906",+7 710 889 9360
650,Эмиль Борисович Колесников,14 61 145945,"д. Цимлянск, ул. Гоголя, д. 28 к. 19, 055281",8 (219) 827-7904
651,Андрей Измаилович Гуляев,87 94 892502,"п. Охотск, ш. Геологов, д. 9/4, 883474",+7 964 306 8349
652,Афанасьев Потап Адамович,43 75 905186,"д. Тикси, ул. Кочубея, д. 52 к. 56, 594625",+7 053 840 37 01
653,Филипп Юлианович Артемьев,53 31 552623,"д. Пенза, ш. Коммунистическое, д. 985, 456581",+7 (037) 737-98-31
654,Ковалева Валентина Степановна,28 57 871256,"ст. Ряжск, бул. Лесозаводский, д. 7, 702559",+7 965 534 64 73
655,Владлен Антонович Устинов,17 84 799535,"клх Кош-Агач, бул. Северный, д. 6/6 к. 308, 963095",8 876 962 4170
656,Галина Робертовна Королева,94 69 495569,"г. Урай, бул. 40 лет Победы, д. 3/8 стр. 26, 479832",+71624476121
657,Александра Тимофеевна Филиппова,92 74 267212,"к. Данков, ул. Тополиная, д. 2 к. 1, 369751",8 (657) 975-71-35
658,Автоном Ануфриевич Калашников,78 70 842456,"г. Верещагино (Перм.), наб. Рылеева, д. 311 к. 433, 791498",8 194 470 29 72
659,Королева Кира Робертовна,11 77 246532,"д. Богучар, бул. Папанина, д. 9, 491023",+7 (724) 159-61-19
660,Воронцов Дмитрий Афанасьевич,73 71 573124,"клх Боровск, пр. Гагарина, д. 6 стр. 364, 221058",+7 026 868 03 91
661,Александров Леонид Тихонович,36 10 217001,"ст. Архангельск, ш. Сосновое, д. 8 стр. 558, 202377",+7 (600) 639-3463
662,Владимиров Селиверст Валерианович,88 86 723888,"с. Пенза, алл. Казачья, д. 3/6 к. 652, 903426",+7 402 480 5414
663,Кудряшов Януарий Архипович,94 99 986408,"г. Щельяюр, пр. Тамбовский, д. 494 к. 287, 503994",8 255 162 39 92
664,Егор Германович Коновалов,30 28 884670,"клх Дно, ул. Восьмого Марта, д. 52, 759126",8 731 389 15 91
665,Беляева Феврония Максимовна,95 96 265829,"ст. Таштагол, ш. Щербакова, д. 5, 318633",+7 503 119 82 51
666,Ангелина Львовна Бурова,25 37 680505,"с. Цимлянск, пер. Ударный, д. 1/1 к. 3, 121738",8 (546) 528-83-28
667,Эмилия Матвеевна Куликова,85 87 845537,"к. Черкесск, ул. Краснофлотская, д. 878 стр. 34, 522121",8 (395) 256-4959
668,Елена Эльдаровна Евдокимова,41 27 549384,"п. Уэлен, наб. Добролюбова, д. 8/9 стр. 60, 216680",+7 (892) 575-8064
669,Зинаида Архиповна Владимирова,51 32 827384,"к. Горячинск, бул. Орджоникидзе, д. 9 стр. 9/9, 969138",8 (432) 826-04-08
670,Борис Андреевич Панов,25 37 288790,"клх Нурлат, наб. Набережная, д. 3, 990632",+7 (942) 385-30-27
671,Нина Алексеевна Якушева,51 84 660536,"ст. Туапсе, пер. Серова, д. 44, 629782",8 118 625 06 95
672,Исаева Вера Борисовна,96 69 497636,"с. Баксан, ш. Казанское, д. 4, 602974",8 436 640 61 57
673,Мамонтов Валерьян Валентинович,80 99 999625,"п. Малгобек, наб. Моховая, д. 9 к. 16, 195220",+7 662 198 9887
674,Маргарита Вячеславовна Калашникова,16 79 360629,"п. Ведено, пр. Хвойный, д. 5, 490986",8 (543) 339-02-57
675,Мишина Евфросиния Павловна,86 17 366398,"к. Юрьев-Польский, пер. Дружба, д. 6 к. 73, 499558",8 979 256 0494
676,Николаева София Егоровна,58 46 545158,"с. Нижнекамск, ш. Шоссейное, д. 7/9 к. 6, 924611",88534591570
677,Марк Адамович Третьяков,12 62 547175,"ст. Кириши, пер. Санаторный, д. 67 стр. 1, 763544",+7 (767) 078-49-16
678,Виктория Михайловна Русакова,57 72 608455,"к. Дубна, пер. Полевой, д. 71 стр. 83, 203368",+71621531593
679,Измаил Арсеньевич Александров,85 56 957657,"г. Чебаркуль, пр. Герцена, д. 896 к. 3, 694817",+7 618 701 78 95
680,Хохлов Сократ Фролович,22 84 623495,"ст. Двинской, ул. Рыбацкая, д. 41, 096219",+7 (613) 335-4201
681,Матвеев Онуфрий Димитриевич,54 53 496432,"с. Костомукша, бул. Алтайский, д. 69, 291870",8 968 367 44 16
682,Зуева Иванна Юльевна,90 51 205741,"к. Карабудахкент, пер. Котовского, д. 5/1 к. 80, 470151",+7 (233) 492-03-46
683,Евграф Фадеевич Потапов,51 87 295288,"с. Карабулак, ул. Толбухина, д. 14, 232263",+7 453 115 91 90
684,Стрелков Сигизмунд Даниилович,43 10 555031,"г. Южно-Сахалинск, бул. Щорса, д. 7/8 к. 31, 278621",8 (646) 936-2882
685,Русакова Тамара Феликсовна,84 41 457759,"ст. Борзя, алл. Литейная, д. 8/7, 444206",+7 881 139 23 67
686,Зайцева Акулина Анатольевна,87 79 154102,"с. Карталы, алл. Запорожская, д. 35 к. 5, 628608",+7 (332) 253-62-39
687,Оксана Михайловна Харитонова,33 41 783567,"к. Буйнакск, наб. Панфилова, д. 12 стр. 33, 719325",8 (869) 443-35-41
688,Нинель Наумовна Гаврилова,27 99 510044,"клх Плесецк, пр. Рябиновый, д. 8/2, 952285",+7 064 791 97 80
689,Соколов Агап Антонович,84 56 795487,"г. Моршанск, алл. Ручейная, д. 6 к. 6/9, 697335",+72275560012
690,тов. Лихачев Сократ Демидович,63 53 466907,"с. Моздок, бул. Менделеева, д. 5 к. 557, 698369",8 (540) 800-2974
691,Анжелика Евгеньевна Фролова,64 35 392474,"клх Пятигорск, алл. Прудная, д. 9/2 к. 990, 124422",+73199032366
692,Мина Аверьянович Лебедев,67 90 939060,"ст. Сусуман, наб. Песочная, д. 6 к. 46, 664978",8 (095) 238-13-52
693,Кулагин Вышеслав Федосеевич,90 56 215105,"ст. Красноуральск, пр. Горный, д. 9 стр. 2, 253756",+7 780 291 8534
694,Бажен Игнатович Блинов,44 75 890843,"д. Зарайск, бул. Маркса Карла, д. 7 стр. 53, 477651",8 765 714 13 58
695,Ермаков Эммануил Аверьянович,97 11 309561,"с. Бирск, бул. Фестивальный, д. 1/1, 749107",+7 135 312 30 66
696,Мухин Юлий Ермилович,60 33 932951,"г. Черкесск, ш. Жданова, д. 999, 370763",+7 430 201 1656
697,Марина Рудольфовна Михайлова,65 54 943250,"клх Голицыно, ш. З.Космодемьянской, д. 37 к. 6/5, 164846",+7 (271) 260-55-98
698,Одинцов Макар Елизарович,99 67 151617,"ст. Двинской, наб. Гастелло, д. 9/2 к. 62, 552399",8 491 614 6275
699,Никитина Алина Павловна,56 63 279539,"клх Нефтеюганск, наб. Фабричная, д. 8, 556495",8 (949) 247-28-46
700,Василиса Захаровна Нестерова,98 98 319799,"г. Троицко-Печорск, алл. Лесозаводская, д. 8/3 стр. 89, 507185",8 (762) 513-53-32
701,Казакова Евфросиния Вениаминовна,92 27 304090,"г. Сасово, алл. Студенческая, д. 7 к. 453, 613406",8 523 765 3967
702,Варвара Юрьевна Белова,94 69 187240,"п. Щелково, ул. Минина, д. 936 к. 796, 620373",+7 882 072 5911
703,Валерия Кирилловна Терентьева,89 26 714698,"клх Канск, пер. 40 лет Победы, д. 4 к. 88, 792488",82580263730
704,Майя Никифоровна Владимирова,51 99 516623,"клх Чегем, бул. Прудный, д. 23, 987600",8 (402) 661-70-73
705,Стрелкова Елизавета Ильинична,86 42 553517,"ст. Химки, пер. Курчатова, д. 518, 491861",+7 (689) 459-03-47
706,Королева Дарья Вениаминовна,44 75 169253,"клх Рязань, пер. Подлесный, д. 58 стр. 774, 987876",8 (720) 553-5386
707,Архипова Дарья Геннадиевна,98 59 693777,"ст. Агинское (Забайк.), пер. Производственный, д. 67, 044610",+7 (908) 868-99-84
708,Парамон Фомич Самсонов,41 30 851454,"г. Эльбрус, пр. Высотный, д. 854, 583353",8 (447) 724-88-02
709,Кабанова Ирина Ниловна,46 23 656532,"ст. Приозерск, пр. Ленский, д. 8/6, 224682",+7 (986) 531-15-03
710,Алина Кузьминична Комиссарова,64 70 457315,"ст. Кежма, бул. Радужный, д. 6/7 стр. 13, 065892",8 844 290 79 20
711,Рябов Григорий Ярославович,65 50 683877,"д. Элиста, наб. Терешковой, д. 20, 804764",8 (048) 283-8452
712,г-жа Комиссарова Тамара Вениаминовна,83 24 454517,"п. Рубцовск, ул. Первомайская, д. 86 стр. 8/8, 912080",+7 681 550 2871
713,Алла Робертовна Казакова,91 21 433698,"к. Снежногорск (Мурм.), пр. Шаумяна, д. 705 к. 80, 450346",+72825149399
714,г-жа Бурова Ирина Леоновна,48 25 757714,"ст. Щелково, бул. Малиновый, д. 605 к. 77, 044873",87507869299
715,Викторин Елисеевич Борисов,31 87 555217,"с. Калининград, пер. Дружба, д. 5, 221121",+70148506949
716,Ольга Рудольфовна Брагина,42 45 453507,"ст. Радужный, алл. Дружбы, д. 6, 612266",8 (505) 341-78-85
717,Афанасьева Варвара Владимировна,33 29 526418,"д. Ухта, бул. Пограничный, д. 95, 508833",+7 (253) 856-27-57
718,тов. Копылова Лариса Аркадьевна,57 84 828720,"к. Кунгур, наб. Загородная, д. 23, 168869",+72130504563
719,Власова Наталья Кирилловна,75 68 148775,"к. Ковров, наб. Брянская, д. 6 к. 2/3, 305691",+7 (331) 093-25-73
720,Каллистрат Фокич Брагин,27 13 342334,"ст. Шатки, ул. 50 лет Победы, д. 6/9 стр. 17, 825414",8 954 125 37 04
721,Добромысл Артурович Самойлов,90 66 349869,"г. Саров (Морд.), алл. Рылеева, д. 921 стр. 98, 253690",+7 (409) 308-4641
722,Кудряшов Елисей Владиславович,20 53 267322,"п. Йошкар-Ола, бул. Коммунаров, д. 966, 631756",8 (522) 822-3188
723,Петухова Кира Афанасьевна,29 80 517806,"ст. Игарка, пр. Харьковский, д. 5/7 к. 7, 876776",+7 641 567 48 35
724,Евфросиния Львовна Максимова,54 76 287561,"к. Бугуруслан, пер. Семашко, д. 65 к. 1/4, 417460",+7 620 500 1963
725,тов. Крылов Валерьян Ярославович,73 98 181091,"ст. Пушкинские Горы, ул. Азовская, д. 3 стр. 75, 123339",8 729 782 75 40
726,Волков Кондратий Демьянович,19 35 461746,"клх Беломорск, ш. Привокзальное, д. 7/5 к. 20, 539869",8 463 335 0347
727,Галина Натановна Никитина,84 24 809931,"клх Назрань, пр. Омский, д. 1 к. 9/1, 696629",8 (504) 555-15-59
728,Мамонтов Спиридон Геннадиевич,26 63 210491,"п. Стрежевой, наб. Пушкина, д. 4/1 стр. 294, 663122",88412485651
729,Сорокин Филарет Чеславович,68 18 863161,"г. Псебай, бул. Сиреневый, д. 51 к. 4/3, 489910",8 (430) 071-71-67
730,Ия Афанасьевна Исакова,14 98 696236,"д. Зарайск, ш. Омское, д. 6/2 к. 8, 404868",+7 295 450 73 21
731,Василиса Анатольевна Рыбакова,72 53 761388,"п. Раменское, пер. Казанский, д. 6/2, 353308",+7 651 412 9578
732,Изяслав Валерианович Артемьев,40 10 624605,"с. Белорецк, пер. Кольцевой, д. 80 стр. 4/3, 616105",+7 195 993 5279
733,Боброва Зинаида Тимуровна,88 76 368374,"ст. Астрахань, бул. 8 Марта, д. 9/3 стр. 33, 602696",+7 163 622 2894
734,Артемьева Зоя Дмитриевна,40 52 855870,"клх Снежногорск (Мурм.), ул. Красноярская, д. 9/4 стр. 111, 790074",+74167222699
735,Кирилл Васильевич Архипов,50 46 754404,"с. Уэлен, пер. Подгорный, д. 25, 057431",8 767 940 28 99
736,Орлов Аполлинарий Игнатьевич,42 84 659937,"д. Чулым, пр. Ореховый, д. 129 к. 1, 952010",8 (603) 351-3021
737,Афанасьева Екатерина Ефимовна,78 53 230096,"г. Вытегра, пр. Орджоникидзе, д. 8, 770709",8 950 892 2621
738,Степан Викентьевич Фомичев,18 10 208167,"г. Белгород, алл. Верхняя, д. 781 стр. 4, 300505",87022953762
739,Дьячков Федор Венедиктович,27 69 531023,"г. Звенигород, пр. Энтузиастов, д. 731 к. 4, 277578",8 798 970 9707
740,Никифоров Пимен Трофимович,73 82 393588,"п. Выборг, алл. Сиреневая, д. 460 к. 58, 045414",+7 492 163 35 65
741,Октябрина Романовна Ефимова,11 62 732696,"д. Ряжск, ш. Ульяновское, д. 6/7 к. 12, 239604",+7 (260) 939-5221
742,Адриан Фадеевич Исаев,44 80 353286,"с. Джейрах, ул. Энергетическая, д. 8/8 к. 6/2, 769930",8 (568) 000-81-87
743,Мартынова Ирина Тарасовна,54 54 291182,"с. Апшеронск, наб. Клары Цеткин, д. 82 к. 22, 997792",8 (639) 069-23-98
744,Евстафий Алексеевич Шашков,68 79 636992,"к. Боровск, ш. М.Горького, д. 15, 937252",8 616 923 46 87
745,Владлен Фокич Федосеев,77 55 808264,"ст. Железногорск(Курск.), пр. Маркса, д. 95, 349298",+7 776 492 9378
746,Захаров Ладислав Феодосьевич,42 41 120697,"г. Жуковский, ул. Воронежская, д. 4/2, 180776",8 149 118 7975
747,Кондратий Артурович Фомичев,40 74 337903,"ст. Губкинский, пр. Советский, д. 191 стр. 7, 818233",8 316 684 90 93
748,Рожкова Тамара Геннадьевна,29 74 861864,"г. Кяхта, алл. Пирогова, д. 87 стр. 498, 037804",8 053 213 3343
749,Пахом Адрианович Маслов,51 81 513381,"ст. Троицк (Моск.), пр. Родниковый, д. 5/3, 607134",8 (104) 623-9042
750,Евпраксия Алексеевна Журавлева,56 23 271977,"п. Череповец, бул. Ленинградский, д. 103 к. 556, 519838",8 (767) 922-81-65
751,Жуков Лев Харлампьевич,15 91 591468,"клх Славянск-на-Кубани, наб. Рязанская, д. 60 стр. 61, 514256",+7 545 523 2478
752,Игорь Владиславович Жуков,45 94 378447,"д. Кинешма, пер. Волжский, д. 85 стр. 5/3, 262844",85911014110
753,Изот Фёдорович Павлов,10 74 451172,"с. Кыштым, наб. Короленко, д. 602, 199855",+7 774 783 66 22
754,Медведева Лукия Николаевна,65 10 986536,"клх Петрозаводск, алл. Выгонная, д. 68 стр. 792, 326176",8 932 526 9715
755,Валерия Афанасьевна Егорова,70 97 126904,"с. Дагомыс, алл. Ломоносова, д. 182 к. 9/4, 674108",8 (659) 982-79-71
756,Семенов Геннадий Афанасьевич,83 97 549419,"к. Калевала, ул. Веселая, д. 8, 401082",8 712 310 12 06
757,Ермакова Нина Яковлевна,28 68 368694,"п. Черняховск, наб. Луговая, д. 8 стр. 69, 994686",+7 804 165 26 35
758,Алексей Всеволодович Пестов,99 73 703144,"п. Ноябрьск, ул. Приморская, д. 287 к. 3/5, 175903",+77696123105
759,Нина Петровна Соболева,96 66 810291,"ст. Троицко-Печорск, пер. Камский, д. 6 стр. 78, 443825",+75244718441
760,Всеслав Харитонович Дьячков,98 14 615969,"г. Ставрополь, бул. Энергетиков, д. 7 к. 2, 286801",8 021 849 15 46
761,Никифоров Ярополк Ефимьевич,98 70 427849,"к. Ирбит, наб. Целинная, д. 6, 250965",8 031 254 0886
762,Ираида Яковлевна Смирнова,36 90 111691,"п. Апатиты, ш. Коммунальное, д. 4 к. 44, 845722",81884630662
763,Петров Ермил Ааронович,79 81 684927,"д. Партизанск, бул. Черняховского, д. 85 стр. 33, 738530",80012527853
764,Николай Абрамович Шилов,27 75 301605,"с. Каменномостский, наб. Механическая, д. 236 к. 9/9, 040844",+7 (017) 929-5703
765,Герман Феликсович Бобылев,88 29 806221,"п. Троицк (Моск.), ш. Смирнова, д. 4/1 к. 6/6, 739831",+7 546 784 2252
766,Соколова Глафира Сергеевна,63 49 456445,"к. Темрюк, пр. Снежный, д. 84, 952677",8 (454) 083-3495
767,Архипов Виталий Антипович,29 72 144984,"д. Мичуринск, пр. Октябрьский, д. 3, 490673",8 147 544 5533
768,Дорофеева Кира Наумовна,79 15 635064,"г. Уварово, алл. Снежная, д. 7/3 к. 3/3, 450075",+7 779 360 3788
769,Лариса Артемовна Пахомова,67 59 787242,"ст. Карпинск, наб. Новосельская, д. 9/3 стр. 460, 902967",+7 487 087 80 11
770,Сильвестр Авдеевич Сидоров,85 66 483908,"ст. Северо-Курильск, пр. Беляева, д. 25, 872751",83575236235
771,Лапин Всеслав Филимонович,63 23 253930,"к. Сыктывкар, пер. Цветочный, д. 89, 600653",+7 (391) 410-15-96
772,Сысоева Людмила Леонидовна,51 13 299243,"к. Гремячинск (Бурят.), бул. Интернациональный, д. 34 к. 3/2, 518511",8 303 598 1284
773,Надежда Вячеславовна Лихачева,61 86 321511,"с. Чебоксары, наб. Тельмана, д. 164 стр. 1/4, 335672",85189704056
774,Рябов Никита Гурьевич,13 17 531648,"д. Арзамас, бул. Овражный, д. 967 стр. 17, 313543",8 107 527 1476
775,Корнил Ааронович Дорофеев,21 10 701688,"п. Верхний Тагил, пер. Инженерный, д. 3/8 стр. 617, 077994",84775140984
776,Сорокина Эмилия Ниловна,55 61 948031,"с. Джубга, наб. Березовая, д. 758 к. 69, 359501",+7 (046) 588-9330
777,Беспалова Евфросиния Никифоровна,54 82 438841,"д. Киренск, пер. Труда, д. 97 к. 372, 125372",8 (645) 887-38-52
778,Демьян Федотович Комаров,60 97 397070,"к. Биробиджан, ш. Черняховского, д. 30 стр. 84, 041986",+7 (438) 129-64-68
779,Василиса Степановна Ситникова,96 77 999763,"г. Бузулук, ул. Московская, д. 43, 397280",8 819 875 64 83
780,Ираида Георгиевна Симонова,59 91 702493,"ст. Шенкурск, пер. Трудовой, д. 1/3 к. 90, 532051",8 520 707 7043
781,Лора Оскаровна Хохлова,90 51 359361,"д. Нязепетровск, ул. Севастопольская, д. 6, 330367",8 235 491 02 19
782,Надежда Александровна Григорьева,26 51 487248,"клх Кизилюрт, бул. Красина, д. 5/3 стр. 267, 743758",+72787764959
783,Оксана Викторовна Ильина,58 39 491308,"п. Дербент, бул. Октябрьский, д. 173 стр. 7/8, 133357",8 (207) 381-28-63
784,Трофимова Дарья Даниловна,88 14 208135,"клх Новокузнецк, бул. Социалистический, д. 97, 559423",+7 (891) 452-95-79
785,Захар Жоресович Фомин,55 16 783903,"п. Вендинга, ул. Полярная, д. 9 стр. 48, 821119",88637631712
786,Самойлова Елизавета Леонидовна,34 24 255170,"ст. Губкинский, бул. Болотный, д. 8, 705631",+7 147 735 18 46
787,Нонна Кузьминична Лазарева,58 52 916568,"г. Партизанск, наб. Локомотивная, д. 8/8 стр. 67, 353991",+7 (808) 635-12-72
788,Татьяна Семеновна Смирнова,67 75 238000,"клх Буйнакск, алл. Волжская, д. 92, 010927",89265388497
789,Одинцова Оксана Семеновна,67 19 262337,"г. Светлогорск (Калин.), пер. Кузнецова, д. 2/9 стр. 48, 801586",8 315 799 60 66
790,Лев Гертрудович Красильников,99 60 951988,"ст. Билибино, пр. Ярославский, д. 117 к. 7, 976176",81676331553
791,Синклитикия Ждановна Блохина,81 20 328604,"д. Дзержинск, пер. Нефтяников, д. 224 стр. 505, 851866",8 (156) 974-0551
792,Борис Устинович Шаров,73 92 889081,"клх Краснокамск, алл. Кооперативная, д. 4 стр. 73, 346109",8 (966) 582-26-29
793,Антонина Семеновна Субботина,65 55 525258,"с. Губаха, наб. 8 Марта, д. 7 стр. 54, 833344",+7 340 082 6561
794,г-н Соловьев Аристарх Бориславович,43 42 745670,"г. Ачхой Мартан, пер. Брянский, д. 8 к. 15, 366895",8 871 510 10 10
795,Филатова Пелагея Кузьминична,57 25 544955,"клх Камень-на-Оби, пер. Максима Горького, д. 60 к. 3/4, 559898",8 214 751 47 91
796,Кононова Оксана Святославовна,44 93 434454,"с. Якша, алл. Смирнова, д. 996 к. 7, 136013",82624875145
797,Александра Афанасьевна Ширяева,56 86 183614,"клх Каспийск, ул. Матросова, д. 47, 335259",8 (503) 075-9309
798,Рябов Евграф Юльевич,32 94 120418,"г. Каменск-Уральский, алл. Полярная, д. 7 стр. 69, 729583",86735318637
799,Влас Изотович Кошелев,32 23 453190,"п. Зарайск, алл. Тукая, д. 6/2 к. 72, 848325",+7 237 624 6231
800,Гордей Вячеславович Кондратьев,28 59 446316,"п. Учалы, алл. Калужская, д. 2/9, 765886",+71104704613
801,Фомичева Зоя Евгеньевна,96 42 341082,"клх Луга, ш. Пролетарское, д. 29 к. 196, 925017",+7 (959) 300-5361
802,Мартынова Ольга Игоревна,67 66 182015,"п. Сибай, алл. Волкова, д. 35 к. 42, 031163",8 739 060 5464
803,Олимпиада Николаевна Комарова,72 37 235812,"п. Тольятти, пер. Щорса, д. 47 к. 32, 867971",8 330 229 2771
804,Август Зиновьевич Смирнов,91 42 533408,"п. Шелагонцы, ш. Первомайское, д. 6, 004743",8 (008) 165-0902
805,Шилов Милий Захарьевич,34 13 507123,"клх Химки, ш. Белорусское, д. 64 стр. 819, 306650",8 713 960 5008
806,Шашков Владислав Яковлевич,77 49 312496,"д. Игарка, ш. Боровое, д. 697 стр. 717, 740986",+7 089 891 5954
807,Сергей Фадеевич Архипов,43 60 184164,"с. Змеиногорск, пер. Энгельса, д. 1 к. 819, 012353",+70599496449
808,Раиса Владимировна Петрова,84 92 807845,"с. Нязепетровск, наб. Тенистая, д. 637, 052315",8 608 925 4588
809,Самсонова Анна Вадимовна,38 30 463819,"с. Кропоткин (Краснод.), пр. Комарова, д. 4/7 к. 175, 578880",8 (003) 579-0949
810,Лихачева Вера Яковлевна,93 33 364125,"клх Партизанск, бул. Павлова, д. 91 стр. 7, 230805",+7 042 134 8978
811,Наумова Агата Геннадьевна,30 40 753770,"клх Ярославль, бул. Речной, д. 3, 210695",+7 694 458 36 66
812,Эраст Валерьянович Дмитриев,99 39 240418,"к. Рыльск, бул. Котовского, д. 4 к. 5/6, 525734",8 562 764 4791
813,Захарова Галина Максимовна,25 25 177099,"клх Кондопога, ш. Загородное, д. 595 к. 3/8, 956075",+7 025 509 97 51
814,Ильина Феврония Егоровна,62 44 590657,"с. Кедровый, ш. Чернышевского, д. 72 стр. 5, 378438",+74058792090
815,Виктор Игнатович Буров,66 79 760904,"д. Батайск, ул. Урицкого, д. 37, 034590",+72778809383
816,Оксана Тарасовна Мельникова,67 73 990161,"с. Бологое, ш. Нахимова, д. 31, 070874",84301073366
817,Николаев Фотий Исидорович,88 88 681941,"ст. Дзержинск, ш. Металлургов, д. 9 стр. 10, 326198",8 (836) 703-1985
818,Брагин Софон Захарьевич,36 62 292721,"к. Братск, ул. Краснодарская, д. 6 к. 40, 178055",+7 (336) 915-5054
819,Белов Сократ Ермилович,45 32 492815,"к. Зарайск, ул. Краснодарская, д. 3/7, 950937",+7 (296) 556-7246
820,Русаков Велимир Иосипович,84 13 146399,"д. Усть-Баргузин, бул. Труда, д. 63 стр. 1, 209030",84910591526
821,Белозеров Гордей Венедиктович,78 83 845025,"г. Новгород Великий, пер. 30 лет Победы, д. 8 к. 6/6, 755762",+78973139852
822,Панфилов Твердислав Фокич,76 53 102001,"ст. Тулпан, пер. Шоссейный, д. 774, 593128",8 (283) 462-88-75
823,Сергей Ефимьевич Кабанов,83 52 495401,"клх Хабаровск, наб. Санаторная, д. 1, 417560",8 (235) 949-02-33
824,Октябрина Романовна Константинова,68 34 568112,"д. Чехов, наб. Февральская, д. 8/1 стр. 7, 150110",+7 (152) 592-41-31
825,Анастасия Антоновна Абрамова,51 10 237319,"к. Северодвинск, алл. Механическая, д. 9/1 к. 45, 958344",+7 (559) 283-3552
826,Михей Витальевич Шестаков,58 64 787124,"с. Ногинск (Моск.), ш. Звездное, д. 965 к. 29, 658483",84832883202
827,Ковалев Архип Георгиевич,52 75 798351,"с. Владикавказ, ш. Пушкина, д. 92 стр. 20, 946574",+70324902434
828,Белоусов Владимир Владиславович,73 28 691723,"д. Тотьма, бул. Революционный, д. 1/5, 573433",8 (621) 907-4532
829,Ефимова Любовь Ефимовна,86 39 751783,"с. Екатеринбург, ш. Веселое, д. 81 стр. 8, 628030",+7 167 881 47 31
830,Ершова Ксения Ильинична,18 14 572142,"п. Курганинск, пер. К.Маркса, д. 33, 526507",8 424 425 7040
831,Пахомова Марина Семеновна,18 17 498209,"г. Меренга, наб. Кавказская, д. 16 к. 2, 076111",+7 (108) 328-8280
832,Самойлов Агафон Артурович,15 25 309732,"клх Чокурдах, алл. Монтажников, д. 9/6 к. 980, 183751",+7 (871) 695-5252
833,Тимофей Бориславович Шестаков,42 16 167769,"с. Кяхта, ш. Безымянное, д. 4/6 стр. 97, 798035",8 615 908 29 16
834,Колобова Марфа Дмитриевна,73 91 139690,"ст. Токма, ш. Запрудное, д. 4/1, 188115",8 851 120 12 27
835,Бурова Тамара Никифоровна,66 67 212457,"к. Териберка, наб. Высоцкого, д. 9 к. 79, 288557",8 (190) 967-32-68
836,Цветков Владимир Феодосьевич,71 32 220399,"к. Лесной (Сверд.), алл. Строителей, д. 1 к. 4/1, 858913",8 (274) 034-59-44
837,Аксенов Мечислав Егорович,14 89 746585,"с. Домбай, бул. Балтийский, д. 695 стр. 6/4, 949115",+70036287392
838,тов. Иванова Акулина Робертовна,88 23 694685,"п. Уварово, бул. Гаражный, д. 186 стр. 8/6, 861863",8 (070) 373-5876
839,Соболев Данила Бориславович,26 94 804381,"г. Соболево, ул. Покровская, д. 123 стр. 6, 885430",89418933556
840,Ершов Афанасий Гаврилович,40 27 640328,"клх Северобайкальск, пр. Красноярский, д. 615 к. 5/8, 545186",+7 012 494 00 45
841,Горбунов Всемил Харлампович,64 98 209811,"г. Белореченск, ул. Парковая, д. 3 стр. 3/9, 644048",+7 (917) 300-17-15
842,Шарапов Борис Анисимович,76 33 495770,"с. Салават, наб. Журавлева, д. 30 стр. 81, 457885",+7 698 073 9955
843,Павлов Матвей Харламович,37 81 566067,"п. Кириши, пер. Волкова, д. 2/1, 132041",8 871 016 1034
844,Тарасов Орест Ермилович,99 56 573374,"с. Элиста, ш. Мелиоративное, д. 13 к. 84, 965306",+7 (212) 576-6793
845,Людмила Валериевна Ефремова,98 63 291956,"с. Тавда, пр. Монтажников, д. 78 стр. 6, 146019",+7 (353) 163-38-05
846,Вячеслав Афанасьевич Мартынов,66 20 236342,"клх Елабуга, алл. Техническая, д. 65 стр. 433, 798064",+7 793 915 87 79
847,Петрова Иванна Владимировна,33 78 145840,"ст. Адыгейск, алл. Киевская, д. 9/7, 561873",8 (751) 465-8328
848,Лаврентьев Симон Тимурович,41 19 477250,"ст. Жигулевск, ул. Фрунзе, д. 35 к. 2/7, 293133",+76939423026
849,Воробьев Соломон Фёдорович,66 53 847508,"клх Валаам, ш. Журавлева, д. 358 стр. 738, 185424",+7 (794) 977-9378
850,Милован Фролович Устинов,37 59 916462,"п. Владивосток, пр. Комарова, д. 106 к. 821, 125477",+7 426 148 7918
851,Наумов Наум Бориславович,81 57 316827,"ст. Смирных, бул. Гаражный, д. 2/2 к. 48, 809272",+7 (936) 132-9501
852,Мартынов Потап Евстигнеевич,75 78 526972,"с. Кизилюрт, пр. Ореховый, д. 597, 897323",+7 394 047 8108
853,Молчанова Синклитикия Наумовна,69 72 765186,"п. Иркутск, алл. Мусы Джалиля, д. 6/8 к. 51, 466862",8 (954) 744-95-84
854,Пестова Нинель Семеновна,59 21 338561,"д. Королев, наб. Угольная, д. 71, 262772",84423204582
855,Симон Иосипович Дмитриев,33 62 996254,"ст. Киров (Вятка), наб. Ленина, д. 337 к. 3/3, 423961",+7 (813) 108-20-39
856,Сысоев Митофан Демьянович,95 89 533242,"с. Печенга, пер. Спортивный, д. 1/4 к. 4/8, 161158",+7 (106) 230-05-34
857,тов. Гришин Варлаам Терентьевич,79 28 522873,"п. Мокшан, бул. Ярославский, д. 66, 734948",+7 (810) 005-5555
858,Фёкла Болеславовна Мухина,11 59 261810,"ст. Андреаполь, ул. Кольцова, д. 135, 223100",89956805335
859,Мясников Виталий Гордеевич,45 45 998781,"д. Мезень, ш. Братское, д. 2/9 стр. 10, 010644",+7 (070) 079-5549
860,Исаев Иван Фокич,49 42 166511,"г. Кировск (Ленин.), бул. Горняцкий, д. 2 к. 2, 518190",+7 (058) 156-8766
861,Лидия Кузьминична Фомина,43 63 937363,"к. Колпашево, пр. Краснодарский, д. 18 стр. 73, 511529",8 389 799 4626
862,Мишина Фаина Владиславовна,95 67 502041,"г. Саров (Морд.), ул. Омская, д. 91 к. 6, 144369",8 519 179 5072
863,Никанор Адрианович Мамонтов,94 29 812581,"клх Нижневартовск, бул. Механизаторов, д. 2/1, 464812",+7 (049) 137-04-95
864,Аксенов Александр Дорофеевич,18 95 841488,"ст. Галич, пер. Трактовый, д. 3/3 стр. 93, 510180",+7 (347) 831-5824
865,Филиппова Галина Афанасьевна,30 60 105598,"г. Барнаул, пер. Минина, д. 8, 706638",8 (735) 398-48-33
866,Красильников Руслан Ерофеевич,12 79 280612,"п. Анапа, наб. Троицкая, д. 335 стр. 4, 020968",84792256185
867,тов. Одинцова Анна Александровна,97 56 797301,"клх Петропавловск-Камчатский, бул. Союзный, д. 797, 958635",8 (035) 718-2945
868,Галактион Георгиевич Дорофеев,49 27 120201,"ст. Ведено, бул. Комсомольский, д. 2, 657538",+7 391 352 91 18
869,Колесникова Любовь Кузьминична,13 40 816863,"ст. Жигулевск, алл. Панфилова, д. 4/9, 146529",8 749 846 20 59
870,Селезнева Алевтина Евгеньевна,81 85 549752,"ст. Учалы, пер. Урожайный, д. 15 стр. 9, 910957",8 439 690 6549
871,Михеев Владислав Борисович,75 30 625908,"г. Дербент, ул. Славянская, д. 5 к. 6/8, 423823",8 519 735 6452
872,Лука Валерианович Денисов,59 84 778326,"с. Усть-Ордынский, пер. Казачий, д. 433, 670796",+7 972 908 15 18
873,Брагин Флорентин Гурьевич,23 11 808840,"г. Нязепетровск, ул. Панфилова, д. 43 к. 5, 753746",82716231952
874,Адриан Ефстафьевич Кошелев,98 12 766178,"с. Карпинск, ул. Бабушкина, д. 72 стр. 5/6, 719103",8 345 326 76 79
875,Колобова Татьяна Олеговна,61 69 282055,"к. Нягань, пр. Блюхера, д. 65, 997072",+7 (484) 478-95-26
876,Комарова Агафья Болеславовна,38 82 363138,"г. Новый Оскол, бул. Геологический, д. 887 стр. 699, 331174",8 (586) 242-87-74
877,Елисеев Каллистрат Геннадиевич,51 90 872012,"г. Эльтон, пр. Карла Либкнехта, д. 980 к. 1/8, 921529",8 (928) 921-7920
878,Милий Якубович Исаков,36 62 467718,"клх Кунгур, наб. Ягодная, д. 52, 122231",84915366368
879,г-н Евдокимов Харлампий Гавриилович,70 41 751316,"с. Кизляр, наб. Докучаева, д. 3/4 к. 3, 980244",8 (798) 905-01-89
880,Ершов Твердислав Арсеньевич,80 93 842972,"п. Тавда, наб. Слободская, д. 134 к. 1/3, 931913",+7 100 725 19 65
881,Морозов Святослав Алексеевич,61 22 997372,"д. Байкальск, ш. Морозова, д. 98 к. 1/1, 448919",8 (230) 648-34-52
882,Юлий Игнатьевич Лыткин,40 65 386351,"п. Рыльск, бул. Цветочный, д. 525 стр. 7, 350352",8 (641) 414-0464
883,Карпов Богдан Гурьевич,27 61 859057,"ст. Елатьма, ш. Ленинское, д. 6/7 к. 6, 869036",+7 (958) 171-34-40
884,Иванов Артем Тимурович,17 77 145333,"с. Шали, ш. Фабричное, д. 22 стр. 58, 419536",+7 565 045 8787
885,Николаев Мина Даниилович,66 68 133437,"ст. Чехов, пер. Береговой, д. 630 стр. 17, 319293",8 (273) 432-4399
886,Русакова Светлана Ниловна,30 32 160759,"к. Витим, пер. Одесский, д. 4 стр. 1/3, 604807",+7 477 304 44 03
887,Гаврилова Валерия Александровна,72 39 281841,"п. Беслан, ул. Крылова, д. 473 стр. 6/8, 569600",8 290 174 0118
888,Стрелкова Мария Натановна,62 94 923631,"к. Миллерово, ш. Фурманова, д. 1 стр. 245, 856786",+7 833 052 5755
889,Юдин Богдан Исидорович,16 42 139026,"с. Анадырь, ш. Тополиное, д. 96 стр. 7, 446751",+7 (645) 384-9061
890,Лукин Максимильян Ерофеевич,11 80 672709,"клх Кондопога, ул. Энгельса, д. 35, 791486",+7 784 333 1378
891,Акулина Федоровна Белова,69 60 203475,"с. Шерегеш, ш. Больничное, д. 110 к. 311, 243280",8 (991) 019-6368
892,г-жа Чернова Кира Рудольфовна,44 88 181327,"к. Ростов-на-Дону, алл. Социалистическая, д. 2 стр. 1/8, 593291",8 (193) 023-21-98
893,Евдокимова Лукия Григорьевна,49 21 157704,"ст. Заводоуковск, бул. Проточный, д. 6/9, 061316",+75529762487
894,Валерия Альбертовна Крюкова,28 56 619836,"д. Суздаль, бул. Промышленный, д. 5, 915082",80721293490
895,Еремей Харлампьевич Щербаков,85 97 232943,"с. Шали, пер. Кошевого, д. 79, 092741",+7 (464) 197-0047
896,Борис Тимурович Прохоров,72 38 976792,"ст. Курган, ул. Рыбацкая, д. 35, 094397",8 (591) 799-62-49
897,Белоусова Вероника Афанасьевна,37 27 385027,"клх Лагань, пер. Седова, д. 6/5, 792433",+7 628 492 28 08
898,Иванна Ивановна Стрелкова,65 28 954735,"клх Усть-Ордынский, пер. Олимпийский, д. 385, 696959",+7 319 556 58 75
899,Кабанов Онуфрий Ануфриевич,76 87 245509,"к. Чулым, пер. Горный, д. 94 стр. 7, 152687",8 233 788 13 38
900,Галкина София Алексеевна,81 63 102106,"клх Уэлен, ш. Морское, д. 4 стр. 6, 397218",+7 (757) 490-5041
901,Вячеслав Теймуразович Симонов,31 59 283819,"д. Камышин, пер. Халтурина, д. 395 к. 166, 179509",8 (997) 718-84-57
902,Алина Ждановна Попова,39 60 871489,"ст. Мокшан, алл. Малиновая, д. 9/4 к. 8/8, 116473",+7 101 215 89 10
903,Климент Германович Моисеев,25 83 849651,"г. Александров, ул. Щетинкина, д. 94 к. 5/9, 432541",+7 (759) 287-91-52
904,Федот Архипович Никонов,42 91 588855,"с. Люберцы, бул. Циолковского, д. 49 стр. 3/2, 727805",+7 (736) 306-23-60
905,Самойлова Екатерина Рудольфовна,23 77 665859,"ст. Ялуторовск, пер. Проточный, д. 235, 083096",82174152031
906,Копылов Орест Игоревич,87 87 913928,"д. Енисейск, ш. Боровое, д. 49 стр. 7/9, 836281",+7 239 224 3376
907,Зинаида Федоровна Меркушева,36 11 347069,"ст. Чебоксары, ул. Надежды, д. 911 к. 1, 477271",+7 689 815 3399
908,Васильева Милица Геннадьевна,10 50 547067,"п. Чебоксары, пр. Социалистический, д. 59 стр. 349, 102213",+7 (741) 393-67-04
909,Пестов Савелий Аксёнович,59 46 637015,"г. Орехово-Зуево, пер. Речной, д. 182 к. 951, 150828",+7 401 107 98 15
910,Ангелина Егоровна Доронина,52 27 996770,"клх Губкин, бул. Заречный, д. 71, 861458",86812453541
911,Калашникова Лора Эдуардовна,65 67 483642,"с. Чебоксары, ш. Челюскинцев, д. 6, 796698",+7 210 885 7546
912,Давыдова Антонина Рудольфовна,88 96 650050,"п. Верхний Баскунчак, пер. Короленко, д. 97, 199000",+72733991390
913,Дарья Егоровна Беспалова,14 43 277151,"к. Серпухов, наб. Волочаевская, д. 4, 302716",80125624978
914,Константинова Раиса Ждановна,50 30 934018,"клх Чита, ш. Маяковского, д. 4 к. 3/6, 383303",85997407937
915,Комаров Сильвестр Давыдович,49 82 940151,"клх Ковров, пер. Автомобилистов, д. 4/2 к. 13, 550262",80187944069
916,Фролов Мартьян Эдгарович,72 14 207754,"ст. Карабулак, ш. Городское, д. 68 к. 72, 137588",8 (630) 769-91-14
917,Мельникова Елизавета Натановна,84 46 977091,"к. Меренга, ш. Радищева, д. 9 стр. 610, 881025",+7 041 789 7410
918,Екатерина Леоновна Беляева,69 47 884185,"г. Уэлен, пр. Курортный, д. 361 к. 3, 968008",8 605 781 60 94
919,Гущин Макар Гавриилович,37 84 366280,"с. Балашиха, ул. Ленинская, д. 659 стр. 6, 312106",+7 218 957 5987
920,Кириллова Вера Кирилловна,58 84 322648,"клх Липецк, алл. Тихая, д. 840 стр. 3/8, 276424",+7 (104) 629-00-30
921,Амос Бенедиктович Наумов,19 37 778899,"клх Лысьва, пр. Л.Толстого, д. 68, 923341",+7 (405) 661-4900
922,Прасковья Семеновна Савельева,34 91 974289,"клх Мелеуз, пер. Короленко, д. 8/7, 230859",86012278612
923,Пелагея Константиновна Игнатьева,48 55 476089,"г. Вуктыл, наб. 60 лет СССР, д. 6/1 к. 585, 185853",8 024 691 5670
924,Сергеев Максим Артемьевич,77 34 902402,"клх Горячий Ключ, ш. Октября, д. 50 стр. 1/8, 385533",8 (049) 945-5778
925,г-жа Соколова Оксана Андреевна,34 32 469828,"г. Буденновск, наб. Краснопартизанская, д. 79 к. 8/1, 125833",+7 360 785 4396
926,Вера Натановна Крюкова,72 71 463264,"к. Сковородино, алл. Виноградная, д. 8/2 стр. 73, 172294",+7 (130) 755-8182
927,Комиссаров Устин Феоктистович,44 74 453789,"г. Снежногорск (Мурм.), пр. Горный, д. 348 стр. 3/8, 042393",8 (256) 222-90-08
928,Гостомысл Викентьевич Никитин,32 78 262248,"ст. Курск, алл. Маркса Карла, д. 1/9, 756760",+73710803552
929,Фотий Федотович Крылов,10 34 272832,"ст. Артем, наб. Луговая, д. 239, 403345",81787256650
930,Сысоева Ия Макаровна,35 22 537244,"к. Терскол, алл. Новоселов, д. 792 к. 85, 647236",8 (388) 701-2924
931,Кузьмина Екатерина Львовна,79 52 808027,"д. Ногинск (Моск.), пер. Крымский, д. 6/2, 520496",+7 250 196 0230
932,Рогов Савелий Васильевич,57 81 191770,"д. Арсеньев, ул. Таманская, д. 94 стр. 97, 008044",86100209501
933,Валерия Робертовна Потапова,77 78 630798,"п. Сасово, алл. Тополиная, д. 71, 872533",+7 990 725 42 23
934,Родионова Дарья Тимуровна,74 91 654947,"г. Серебряные Пруды, алл. Культуры, д. 49 стр. 3, 575873",8 157 566 3817
935,Елена Ниловна Шубина,23 15 927529,"клх Юрюзань, пер. Октябрьский, д. 976 стр. 44, 092163",8 (634) 744-0937
936,Фёкла Феликсовна Емельянова,69 37 606265,"г. Кизляр, пр. Дорожников, д. 896 к. 70, 449234",8 (477) 083-5480
937,Муравьев Анатолий Бориславович,16 87 180297,"с. Плесецк, ул. Авиационная, д. 51, 528266",+7 323 869 6491
938,Евдокия Федоровна Селезнева,63 31 908031,"с. Южно-Сахалинск, алл. 60 лет Октября, д. 230 стр. 9/4, 014816",+7 924 315 49 68
939,Самсонова Антонина Натановна,18 68 273395,"с. Внуково (метеост.), ш. Малое, д. 65 к. 776, 448279",+75609455716
940,Котов Игорь Ильясович,29 25 864262,"г. Усинск, пр. Красноярский, д. 97, 322085",+73015623268
941,Ираида Юрьевна Зуева,90 10 171498,"к. Юрьев-Польский, алл. Менделеева, д. 7 стр. 9, 426714",8 (993) 147-5464
942,Никита Феофанович Лебедев,93 63 504386,"д. Каспийск, бул. Высоцкого, д. 2/6 стр. 677, 841790",+7 (750) 471-04-92
943,Зыков Святополк Иосифович,27 93 184348,"д. Ревда (Сверд.), пр. Средний, д. 9, 322383",8 (068) 380-05-35
944,Елисей Еремеевич Панфилов,76 58 938572,"ст. Егорьевск, алл. Смоленская, д. 6, 056864",8 243 221 70 21
945,Кудряшова Маргарита Макаровна,40 38 348656,"с. Жиганск, наб. Привокзальная, д. 91 стр. 94, 255035",+7 (377) 350-3336
946,Носов Каллистрат Бориславович,41 33 455335,"д. Мценск, наб. Фадеева, д. 239 к. 775, 924850",8 967 890 7182
947,Зинаида Федоровна Сергеева,55 27 391097,"п. Темрюк, наб. Чехова, д. 1 к. 76, 794529",85479135108
948,Маргарита Эльдаровна Бобылева,84 59 963403,"д. Майкоп, ш. Песочное, д. 128 к. 2/1, 065716",+7 (596) 186-2798
949,Елизавета Константиновна Терентьева,75 37 436493,"ст. Кулунда, алл. Халтурина, д. 539, 731598",8 (455) 908-1900
950,Быков Филарет Трифонович,96 61 870351,"к. Невельск, пр. Бульварный, д. 6/5 к. 5, 403413",8 (081) 100-40-71
951,Каллистрат Денисович Зыков,17 35 938490,"п. Луга, бул. Поселковый, д. 10 стр. 9/4, 963340",8 (111) 022-90-19
952,Егор Бориславович Ермаков,22 58 286271,"г. Двинской, пер. Партизанский, д. 46 к. 3/3, 782260",+7 (786) 547-4655
953,Нинель Кузьминична Кириллова,99 66 444585,"к. Мезень, наб. 50 лет Победы, д. 134 стр. 47, 851351",+72163606625
954,Кузнецова Юлия Захаровна,98 85 259980,"клх Черкесск, пер. Сиреневый, д. 45 стр. 44, 490574",+70726172295
955,Агафья Никифоровна Бирюкова,24 39 620125,"ст. Рязань, бул. Брянский, д. 7/9, 287761",+79875639357
956,Рубен Трифонович Стрелков,65 13 779245,"клх Токсово, алл. Краснознаменная, д. 4/3, 393477",+72022164523
957,Мартынова Варвара Сергеевна,62 34 178829,"п. Пушкинские Горы, алл. Терешковой, д. 254 стр. 888, 042582",+7 (188) 771-3560
958,Тарасова Анжелика Филипповна,32 37 195071,"к. Тура, ш. Крымское, д. 1 стр. 19, 001782",8 777 366 13 02
959,Елизар Венедиктович Дроздов,55 64 138475,"к. Домбай, наб. Сахалинская, д. 262, 022184",+7 959 292 4888
960,Фрол Елисеевич Цветков,73 72 818907,"г. Морозовск, алл. Дружба, д. 83 к. 7/9, 562899",+76965384913
961,Егор Валентинович Миронов,89 95 454612,"с. Лесной (Сверд.), наб. Новосельская, д. 503 к. 15, 343766",8 (297) 118-0736
962,Яков Гордеевич Шарапов,57 23 949896,"ст. Мурманск, ул. Подгорная, д. 5 стр. 6, 487216",8 108 416 66 23
963,Орлова Юлия Олеговна,35 22 292564,"с. Щелково, наб. Николаева, д. 51 к. 2, 474942",+7 498 668 81 40
964,Дмитрий Алексеевич Филатов,38 89 892587,"д. Ковров, пер. Блюхера, д. 124, 036401",+7 674 466 8882
965,Евдокия Алексеевна Никонова,87 24 725351,"с. Бугуруслан, алл. Дачная, д. 94, 078619",8 890 252 2950
966,Белякова Ольга Харитоновна,18 84 528439,"д. Усть-Камчатск, пр. Шолохова, д. 5 к. 203, 994407",8 (330) 966-92-26
967,Акулина Ильинична Прохорова,36 51 874848,"г. Кисловодск, алл. Пархоменко, д. 31 стр. 23, 003826",89460027845
968,Артем Герасимович Давыдов,82 96 464866,"клх Эльбрус, пер. Приморский, д. 3 стр. 8/6, 877119",+7 (043) 907-27-13
969,Некрасова Наина Богдановна,16 66 800266,"п. Витим, бул. Коллективный, д. 2/7 к. 853, 053112",8 (275) 832-9229
970,Моисеева Наина Станиславовна,96 69 216336,"д. Верхотурье, алл. Минина, д. 832 стр. 1/5, 413137",86074575947
971,Екатерина Аркадьевна Игнатьева,18 54 361774,"г. Каневская, бул. Транспортный, д. 6 к. 9, 947405",+7 407 268 2070
972,Данилов Амвросий Евсеевич,89 61 527996,"г. Каневская, пр. Азовский, д. 9/9 стр. 18, 028928",+7 (589) 771-7962
973,Исакова Феврония Степановна,54 62 130071,"д. Глазов, ш. Стадионное, д. 4, 997336",+7 737 486 8798
974,Ситников Феоктист Богданович,78 20 134125,"д. Улан-Удэ, наб. Микрорайон, д. 5/7 к. 239, 570376",82773782439
975,Ширяева Алина Аскольдовна,72 76 358371,"клх Красноуфимск, ул. Кузнечная, д. 380 к. 1, 788550",8 354 555 0753
976,Петухов Капитон Брониславович,26 60 723679,"д. Тосно, пер. Энергетический, д. 2, 922160",+7 (446) 992-76-89
977,Ульяна Владиславовна Матвеева,23 58 921687,"с. Тайшет, алл. Почтовая, д. 191, 390267",+74453934117
978,Михеев Архип Иларионович,31 99 207818,"с. Терней, пр. Челюскинцев, д. 988 к. 2/7, 226833",8 (297) 204-2732
979,Антонова Анна Борисовна,79 54 794485,"г. Балтийск, бул. Ручейный, д. 39, 099636",8 (223) 422-97-84
980,Орлов Порфирий Анисимович,87 86 750890,"ст. Воткинск, пр. Щорса, д. 5 к. 7, 940421",+7 358 172 11 71
981,Алла Вадимовна Кириллова,45 16 278623,"к. Павловская, алл. Лесная, д. 231 к. 49, 803884",8 801 990 17 49
982,Дьячков Демьян Матвеевич,38 44 754735,"с. Петухово, наб. Новоселов, д. 92 стр. 6, 372280",83370217319
983,Мельникова Дарья Юльевна,27 30 632262,"к. Соболево, пер. Иванова, д. 617 стр. 83, 558622",8 (278) 489-1117
984,Регина Кирилловна Пономарева,77 68 885544,"с. Новокузнецк, пр. Павлова, д. 80 к. 78, 291896",8 (163) 824-1931
985,Еремей Фадеевич Яковлев,16 75 911414,"д. Таштагол, ш. Главное, д. 1/7 к. 90, 722190",8 (146) 126-43-34
986,Светозар Фролович Ильин,15 49 600249,"с. Воркута, ул. Краснопартизанская, д. 33 к. 293, 587959",+7 572 739 23 42
987,Абрамова Юлия Геннадиевна,65 62 564456,"с. Оймякон, ул. Вишневая, д. 726, 250383",+7 694 426 88 36
988,тов. Кулакова Акулина Кузьминична,48 43 866764,"ст. Рубцовск, ул. Северная, д. 8 стр. 530, 955528",80695137611
989,Нинель Вячеславовна Бобылева,47 45 953201,"к. Морозовск, наб. Театральная, д. 2, 222791",+72187971252
990,Вера Вадимовна Калашникова,84 74 694643,"д. Королев, наб. 8-е Марта, д. 9, 709730",+78954553928
991,Лора Аркадьевна Русакова,58 80 608127,"п. Троицк (Моск.), алл. Красногвардейская, д. 8 к. 6/3, 184273",+7 877 021 9354
992,Гришин Василий Феликсович,84 27 509793,"г. Инта, ул. Высоковольтная, д. 2/8 стр. 2/3, 121271",85336093350
993,Куликов Олег Григорьевич,35 37 860442,"г. Чусовой, бул. Каштановый, д. 5/7, 131371",+7 (572) 945-0879
994,Анжелика Робертовна Федосеева,93 92 301181,"д. Вилюйск, пер. Казачий, д. 98 стр. 60, 631990",8 (048) 007-4661
995,Ладимир Демидович Игнатьев,79 32 267722,"ст. Камышин, алл. Полярная, д. 271, 516638",+7 (929) 275-72-36
996,Фирс Афанасьевич Селиверстов,98 57 646396,"г. Пушкинские Горы, алл. Средняя, д. 9/2 к. 5, 226330",+7 077 450 93 13
997,Клавдия Афанасьевна Куликова,41 87 810353,"к. Мценск, бул. Новосельский, д. 58 к. 653, 818059",8 (754) 697-30-09
998,Казакова Мария Богдановна,85 21 463163,"к. Луховицы, наб. Титова, д. 66, 736512",8 (249) 040-39-75
999,Кулакова Вера Ждановна,37 23 426734,"ст. Новая Игирма, наб. Хвойная, д. 187 стр. 464, 220425",8 (480) 491-7238
1000,Лапина Евпраксия Александровна,99 29 994471,"ст. Буйнакск, ш. Стадионное, д. 4/7, 651281",+7 (530) 808-7808
