fine_id,car_id,date,amount,status
1,734,2026-04-22,542.1932583721201,Не оплачен
2,968,2026-05-14,837.7507165971679,Оплачен
3,692,2026-01-11,906.3286770009998,Не оплачен
4,1098,2026-04-08,556.8102995017387,Не оплачен
5,910,2026-02-22,623.1245070406516,Не оплачен
6,558,2026-01-05,567.627982854623,Не оплачен
7,959,2026-03-07,989.4887071388829,Оплачен
8,84,2026-05-15,506.794221529061,Оплачен
9,820,2026-01-24,652.6478632322664,Оплачен
10,1162,2026-01-26,377.4659043022995,Оплачен
11,773,2026-02-04,461.8230953137197,Оплачен
12,147,2026-01-18,633.8935354950451,Оплачен
13,1045,2026-02-20,754.8152648187145,Не оплачен
14,241,2026-04-22,234.0631658927698,Не оплачен
15,31,2026-01-06,406.3619899077214,Не оплачен
16,607,2026-05-09,924.2579644885147,Оплачен
17,917,2026-03-25,864.3613344242721,Не оплачен
18,72,2026-02-19,495.7668436622003,Оплачен
19,363,2026-02-12,159.28330744110065,Не оплачен
20,368,2026-03-19,421.99799837296274,Не оплачен
21,1089,2026-04-08,532.3023153354798,Оплачен
22,91,2026-01-16,268.82798397590204,Оплачен
23,190,2026-01-09,175.26141626346475,Не оплачен
24,949,2026-02-27,747.6077915852119,Не оплачен
25,433,2026-03-12,556.7305902172327,Оплачен
26,908,2026-05-15,103.6548091539615,Оплачен
27,1049,2026-05-24,652.2540865244823,Не оплачен
28,821,2026-02-04,847.2509732425607,Не оплачен
29,1100,2026-03-02,584.5189028236421,Оплачен
30,693,2026-02-04,139.83423424344062,Не оплачен
31,525,2026-03-27,480.37420507437287,Оплачен
32,1095,2026-05-08,712.990185648477,Не оплачен
33,9,2026-05-21,810.312467605941,Оплачен
34,784,2026-03-27,411.89032524283795,Оплачен
35,1042,2026-01-29,729.7996888733784,Оплачен
36,32,2026-01-27,445.6827850735363,Оплачен
37,957,2026-05-10,253.11644484898275,Не оплачен
38,726,2026-01-05,942.3720394167094,Оплачен
39,839,2026-05-25,941.5623067968071,Оплачен
40,731,2026-02-17,697.7452014730802,Оплачен
41,471,2026-04-29,239.1602937657724,Оплачен
42,134,2026-02-16,142.91364590090353,Оплачен
43,339,2026-01-04,787.0163519830365,Оплачен
44,1132,2026-03-20,292.455862271886,Оплачен
45,1146,2026-05-27,371.8208080043552,Оплачен
46,731,2026-02-18,916.8133658874052,Оплачен
47,31,2026-02-24,177.0809743368143,Не оплачен
48,729,2026-05-18,319.7830418942144,Оплачен
49,1137,2026-01-30,685.6682990272681,Не оплачен
50,614,2026-05-03,213.79144965778835,Не оплачен
51,390,2026-04-09,495.093937252012,Не оплачен
52,757,2026-04-27,805.6959019413118,Оплачен
53,1088,2026-02-07,246.32646390307053,Оплачен
54,681,2026-04-22,893.1210948163454,Оплачен
55,1084,2026-05-06,750.950311037415,Оплачен
56,503,2026-05-22,580.4230116989766,Не оплачен
57,882,2026-03-26,505.9195655096678,Оплачен
58,156,2026-04-04,531.3882681674759,Не оплачен
59,1112,2026-02-11,835.6639346447006,Не оплачен
60,7,2026-01-20,492.35534220618956,Оплачен
61,14,2026-01-18,621.4587462985039,Не оплачен
62,1122,2026-02-08,573.3158684144529,Оплачен
63,366,2026-03-26,228.81024307623207,Не оплачен
64,648,2026-04-10,803.8705113563694,Оплачен
65,413,2026-03-30,529.7426858517744,Не оплачен
66,183,2026-02-11,272.2512894560597,Не оплачен
67,368,2026-04-23,692.3317464813894,Оплачен
68,122,2026-01-25,319.2768194223593,Не оплачен
69,602,2026-04-03,247.1917731879542,Не оплачен
70,1019,2026-03-19,461.91967544690374,Не оплачен
71,533,2026-02-17,422.82881410829896,Оплачен
72,290,2026-04-01,892.527111408873,Оплачен
73,52,2026-01-30,164.00463948558303,Оплачен
74,22,2026-05-07,231.0204656748617,Оплачен
75,153,2026-01-03,306.4670571492761,Оплачен
76,681,2026-03-02,252.68892688095758,Не оплачен
77,564,2026-03-03,967.3413066843424,Оплачен
78,836,2026-01-21,227.24926801627817,Оплачен
79,1009,2026-04-25,225.9002542546438,Оплачен
80,960,2026-02-11,517.9798542704712,Оплачен
81,296,2026-02-04,822.7198290684039,Оплачен
82,413,2026-03-15,251.55757107525056,Оплачен
83,1140,2026-04-18,141.4843590687784,Оплачен
84,570,2026-04-22,925.8733818658566,Оплачен
85,41,2026-05-02,948.9668232710243,Не оплачен
86,598,2026-01-31,991.0113286849598,Оплачен
87,351,2026-01-25,464.2264259843936,Не оплачен
88,155,2026-01-28,495.9827784925318,Оплачен
89,599,2026-03-23,265.8605721097976,Оплачен
90,1196,2026-03-16,180.026686903697,Не оплачен
91,739,2026-03-12,449.50265949256107,Не оплачен
92,897,2026-05-03,891.5427219878627,Не оплачен
93,92,2026-02-25,618.8136784570598,Не оплачен
94,819,2026-05-04,520.9525310274825,Оплачен
95,243,2026-03-05,706.9820517588097,Не оплачен
96,615,2026-04-16,330.6956001076442,Не оплачен
97,478,2026-05-03,436.1552335422583,Не оплачен
98,1140,2026-03-25,784.9390971414609,Не оплачен
99,385,2026-01-16,583.8179789846204,Не оплачен
100,680,2026-02-03,873.3492070537562,Оплачен
101,745,2026-05-03,987.9812567649282,Не оплачен
102,19,2026-01-14,985.4859094755744,Не оплачен
103,949,2026-02-17,394.72997633760315,Не оплачен
104,283,2026-05-27,180.70824135542262,Оплачен
105,924,2026-04-13,860.6553468967459,Оплачен
106,596,2026-01-26,896.290245688537,Оплачен
107,972,2026-02-11,817.2867207445752,Оплачен
108,123,2026-01-25,731.5988837601101,Не оплачен
109,1060,2026-05-09,272.6655756264764,Оплачен
110,1010,2026-01-25,596.5788489866495,Не оплачен
111,286,2026-04-22,196.67382305937178,Не оплачен
112,768,2026-03-29,362.080019086854,Оплачен
113,13,2026-03-13,957.6309705145734,Оплачен
114,206,2026-01-21,767.767350794873,Не оплачен
115,406,2026-05-21,969.8994067651811,Не оплачен
116,881,2026-02-16,841.2401853769366,Оплачен
117,925,2026-03-12,913.8492186122227,Не оплачен
118,58,2026-03-07,250.71915976716357,Не оплачен
119,635,2026-05-16,619.4007572944379,Не оплачен
120,444,2026-05-11,961.749677322912,Не оплачен
121,770,2026-05-05,532.3339956881392,Не оплачен
122,655,2026-05-21,728.4266996791489,Не оплачен
123,520,2026-03-29,473.28744698344127,Оплачен
124,158,2026-02-26,371.7016400209064,Оплачен
125,353,2026-04-29,388.17213341708305,Оплачен
126,686,2026-05-08,664.4647597814425,Оплачен
127,979,2026-02-04,133.04804223544403,Не оплачен
128,641,2026-01-19,589.3524586895393,Оплачен
129,1048,2026-02-19,619.1879436870058,Не оплачен
130,960,2026-04-02,244.76784072629374,Не оплачен
131,1191,2026-01-13,346.22807823048737,Не оплачен
132,1187,2026-05-02,807.9338992527652,Оплачен
133,810,2026-01-25,672.7912149489708,Оплачен
134,1090,2026-03-20,846.9295770839401,Не оплачен
135,507,2026-01-15,232.04452176224734,Оплачен
136,300,2026-01-21,696.375922252485,Оплачен
137,895,2026-02-04,724.6819505395242,Не оплачен
138,1124,2026-02-15,367.37287436559706,Оплачен
139,76,2026-01-28,579.1619146562065,Не оплачен
140,511,2026-03-05,127.4303864960666,Оплачен
141,888,2026-03-02,312.4763440549526,Не оплачен
142,1099,2026-05-21,634.4959773306323,Не оплачен
143,431,2026-05-10,218.1526177223897,Оплачен
144,673,2026-05-26,644.4037943509543,Не оплачен
145,926,2026-02-17,140.09673020637186,Не оплачен
146,745,2026-02-03,740.5186918877124,Не оплачен
147,830,2026-02-09,129.2977345805181,Оплачен
148,963,2026-04-27,814.5128270430764,Оплачен
149,827,2026-05-15,317.36544092912266,Не оплачен
150,1034,2026-03-11,398.4482144241501,Оплачен
151,1055,2026-05-14,593.9576255408023,Не оплачен
152,781,2026-03-22,736.9402051200661,Оплачен
153,819,2026-04-09,124.15324759027963,Не оплачен
154,734,2026-02-14,151.53216116519437,Оплачен
155,649,2026-02-09,695.1353153142521,Оплачен
156,440,2026-04-18,140.85014976809055,Оплачен
157,537,2026-03-01,276.108739929197,Оплачен
158,521,2026-02-19,116.77373408875715,Оплачен
159,471,2026-02-25,522.1327533070406,Не оплачен
160,587,2026-04-29,490.4451510544452,Не оплачен
161,35,2026-04-28,465.3509937742203,Оплачен
162,771,2026-03-05,737.6363859781402,Оплачен
163,598,2026-04-15,506.7590691737642,Не оплачен
164,322,2026-04-07,301.4239886793659,Оплачен
165,830,2026-02-19,611.9500322896839,Оплачен
166,870,2026-02-26,941.4238507862304,Не оплачен
167,701,2026-05-16,457.86401930757705,Оплачен
168,238,2026-02-19,968.0426515043521,Оплачен
169,279,2026-01-18,140.14511433024177,Оплачен
170,141,2026-03-11,601.6625177342039,Не оплачен
171,1062,2026-05-13,169.28747483315055,Не оплачен
172,234,2026-04-08,562.4597724780393,Оплачен
173,1000,2026-01-16,850.8806399753753,Оплачен
174,780,2026-03-16,515.7274869560346,Не оплачен
175,254,2026-02-16,834.4032458349774,Оплачен
176,896,2026-01-27,932.6067798778395,Оплачен
177,260,2026-01-05,294.82281156624197,Оплачен
178,481,2026-05-08,905.6110804676426,Оплачен
179,293,2026-01-26,511.9378565289109,Оплачен
180,825,2026-01-25,452.5689095787439,Не оплачен
181,158,2026-01-16,100.2833701988816,Оплачен
182,873,2026-03-13,470.43371705695125,Не оплачен
183,299,2026-04-13,358.3107335844037,Оплачен
184,1068,2026-05-21,245.44120698920347,Не оплачен
185,689,2026-02-25,972.5796959704752,Оплачен
186,648,2026-01-17,458.52075076866015,Не оплачен
187,87,2026-03-02,830.7647232721915,Оплачен
188,639,2026-03-19,604.4660548364297,Оплачен
189,763,2026-04-09,289.8689098242706,Оплачен
190,433,2026-05-27,895.7176706543823,Не оплачен
191,901,2026-03-16,720.0093932063453,Оплачен
192,131,2026-05-17,821.7888202454461,Не оплачен
193,68,2026-01-09,599.1701885652783,Не оплачен
194,718,2026-05-23,680.91646290833,Не оплачен
195,508,2026-01-29,274.12293513662723,Оплачен
196,650,2026-04-06,788.509298873352,Не оплачен
197,904,2026-04-20,816.4421132028111,Не оплачен
198,830,2026-02-09,306.5007034937024,Оплачен
199,342,2026-01-01,676.3824804726767,Не оплачен
200,162,2026-05-20,718.3000436672646,Не оплачен
201,873,2026-05-29,418.55538463110764,Оплачен
202,1074,2026-02-07,267.2933562265605,Не оплачен
203,728,2026-02-15,868.4604052778448,Оплачен
204,447,2026-05-14,107.49060341465535,Не оплачен
205,58,2026-05-24,141.56359732626416,Не оплачен
206,25,2026-03-14,507.24516665936557,Не оплачен
207,469,2026-01-14,112.62412762072655,Оплачен
208,624,2026-02-28,837.6251311468238,Не оплачен
209,140,2026-05-11,964.8162990687288,Оплачен
210,1037,2026-04-01,498.0928312345756,Не оплачен
211,131,2026-03-08,367.5652170493479,Не оплачен
212,573,2026-04-27,211.24201325735208,Не оплачен
213,502,2026-05-21,522.4151567540368,Не оплачен
214,117,2026-04-24,366.24209527019616,Оплачен
215,665,2026-04-28,526.2213464339382,Не оплачен
216,832,2026-04-09,480.36432246781317,Оплачен
217,35,2026-04-19,275.64808897641035,Не оплачен
218,651,2026-02-14,572.4686021392997,Оплачен
219,927,2026-02-09,321.5498679980674,Оплачен
220,695,2026-05-04,333.8605760853961,Оплачен
221,823,2026-04-21,521.1293045277401,Не оплачен
222,522,2026-01-08,997.3507510818158,Не оплачен
223,1190,2026-03-29,803.2793505130298,Оплачен
224,193,2026-03-17,363.94161546729936,Не оплачен
225,248,2026-05-16,728.267562757444,Не оплачен
226,308,2026-01-12,968.4459380673537,Не оплачен
227,418,2026-03-26,129.3877916504331,Оплачен
228,776,2026-03-03,915.4235132225751,Оплачен
229,730,2026-01-01,743.3997763457851,Не оплачен
230,262,2026-04-12,129.20067770327975,Не оплачен
231,98,2026-05-18,819.3049122465628,Не оплачен
232,850,2026-02-17,208.1227438785073,Оплачен
233,1089,2026-01-19,531.3904141651508,Не оплачен
234,307,2026-01-14,715.2458543926001,Не оплачен
235,533,2026-05-27,184.04982538735544,Оплачен
236,426,2026-02-26,193.7669692714402,Оплачен
237,38,2026-02-21,140.2907711674008,Не оплачен
238,1139,2026-05-26,337.0440602982751,Не оплачен
239,879,2026-04-17,483.7180935257312,Не оплачен
240,284,2026-04-24,693.6508600434466,Не оплачен
241,1114,2026-03-25,515.7369572591278,Оплачен
242,369,2026-02-05,494.3724371513454,Не оплачен
243,154,2026-04-06,157.07691510469084,Не оплачен
244,459,2026-02-19,612.0457494385964,Оплачен
245,524,2026-01-11,320.0671449127383,Не оплачен
246,758,2026-02-27,231.88894496905783,Оплачен
247,51,2026-01-18,705.5788657769392,Оплачен
248,376,2026-05-10,680.0088796678108,Оплачен
249,209,2026-05-13,351.27553733548984,Не оплачен
250,991,2026-04-05,154.6843332278878,Оплачен
251,15,2026-01-19,861.7605484182619,Оплачен
252,888,2026-02-15,185.2870949409192,Оплачен
253,690,2026-02-15,185.92834590323912,Оплачен
254,168,2026-02-04,895.2182747139013,Оплачен
255,176,2026-01-03,234.81491556211532,Оплачен
256,120,2026-03-28,322.62825423654556,Не оплачен
257,987,2026-01-01,790.1761811542216,Не оплачен
258,769,2026-05-04,695.8828998524162,Не оплачен
259,645,2026-04-06,324.9129724422511,Не оплачен
260,953,2026-04-07,777.7014296835282,Не оплачен
261,770,2026-05-22,615.3065198685308,Оплачен
262,56,2026-02-18,108.51539679200748,Не оплачен
263,967,2026-03-11,980.7005039805063,Не оплачен
264,637,2026-04-04,121.45928042148073,Не оплачен
265,1027,2026-05-16,358.2972699822996,Оплачен
266,347,2026-01-25,711.7532485794904,Оплачен
267,710,2026-02-13,528.9424056446251,Оплачен
268,620,2026-02-15,768.3645681356237,Оплачен
269,388,2026-01-19,173.90708475056255,Не оплачен
270,179,2026-03-17,275.30325918722764,Не оплачен
271,1194,2026-03-17,852.0878799719392,Не оплачен
272,797,2026-05-12,703.5971543954059,Оплачен
273,312,2026-03-27,208.0243601683339,Не оплачен
274,649,2026-03-15,510.34544101609384,Не оплачен
275,390,2026-01-16,732.0039984634687,Не оплачен
276,177,2026-03-12,186.0967580794843,Не оплачен
277,1053,2026-02-16,873.9931238335596,Не оплачен
278,55,2026-02-07,668.7682233814696,Не оплачен
279,1184,2026-03-16,581.0877715798472,Оплачен
280,1049,2026-01-22,103.25943760233073,Оплачен
281,858,2026-01-21,286.94901888752537,Не оплачен
282,863,2026-05-06,680.5914763735,Оплачен
283,376,2026-01-22,509.0313621278457,Оплачен
284,874,2026-02-13,746.079587447244,Не оплачен
285,576,2026-02-16,630.453252618115,Оплачен
286,968,2026-01-04,207.1563496350348,Не оплачен
287,707,2026-04-26,276.3501744842596,Не оплачен
288,651,2026-05-01,955.3620908015082,Оплачен
289,695,2026-05-07,151.6037170398828,Оплачен
290,225,2026-01-21,379.7722707065182,Не оплачен
291,181,2026-05-05,776.4661074868197,Не оплачен
292,887,2026-04-11,269.13572941444266,Не оплачен
293,907,2026-04-12,313.8913602724705,Не оплачен
294,1054,2026-01-03,831.1503254366388,Не оплачен
295,230,2026-02-07,428.5091776398731,Не оплачен
296,431,2026-01-29,232.77189053109387,Оплачен
297,307,2026-04-13,769.7072106019987,Оплачен
298,1156,2026-05-08,524.1644296169678,Оплачен
299,160,2026-02-24,723.0755873250341,Не оплачен
300,1073,2026-04-24,831.6420778477369,Не оплачен
301,352,2026-04-11,246.5859554112283,Не оплачен
302,583,2026-01-15,602.915786159143,Не оплачен
303,813,2026-04-22,657.8067817473009,Оплачен
304,950,2026-05-18,176.29805030008504,Оплачен
305,84,2026-01-14,825.1182759089298,Оплачен
306,55,2026-05-09,558.0591838008025,Оплачен
307,690,2026-01-06,494.132892312228,Оплачен
308,163,2026-03-31,201.1841732512051,Оплачен
309,290,2026-05-06,747.270369295372,Оплачен
310,707,2026-03-02,264.34578735243883,Не оплачен
311,844,2026-03-06,319.5599398432909,Оплачен
312,749,2026-01-06,808.6035974997466,Оплачен
313,982,2026-01-30,717.6003931531733,Не оплачен
314,355,2026-02-17,433.4941109872096,Оплачен
315,623,2026-03-20,526.0862779452178,Оплачен
316,819,2026-02-15,883.2772595203963,Оплачен
317,498,2026-04-01,348.5835680006812,Не оплачен
318,1178,2026-02-15,372.2013948558099,Не оплачен
319,703,2026-02-24,178.22740361285423,Не оплачен
320,680,2026-04-04,635.1719813216039,Не оплачен
321,124,2026-05-13,446.43678065046987,Оплачен
322,573,2026-04-08,801.0039411754791,Оплачен
323,700,2026-03-26,241.37122658579122,Оплачен
324,216,2026-03-03,127.04269128720638,Не оплачен
325,915,2026-02-17,481.53421839877757,Не оплачен
326,68,2026-04-08,615.7578844833872,Оплачен
327,620,2026-05-19,731.0962905231113,Оплачен
328,620,2026-01-02,284.13959622681034,Оплачен
329,558,2026-01-16,843.8073069599902,Оплачен
330,757,2026-04-11,330.5391843119835,Оплачен
331,914,2026-03-25,668.1344140484708,Не оплачен
332,1106,2026-04-14,910.4129795523942,Не оплачен
333,672,2026-05-01,784.6311788196554,Не оплачен
334,913,2026-03-10,391.1527648847229,Не оплачен
335,189,2026-05-02,761.9401255081492,Не оплачен
336,980,2026-05-29,396.8602524938188,Не оплачен
337,216,2026-02-09,202.36811512983863,Не оплачен
338,159,2026-05-21,192.00214281482798,Не оплачен
339,547,2026-05-12,346.6131321480606,Оплачен
340,342,2026-01-15,617.523337524406,Не оплачен
341,14,2026-02-16,572.6171182166527,Не оплачен
342,1029,2026-02-08,782.0375519601887,Не оплачен
343,1163,2026-04-24,408.43219250739094,Не оплачен
344,795,2026-02-10,399.47762003841683,Не оплачен
345,982,2026-04-06,696.4178505458484,Не оплачен
346,387,2026-02-02,801.7396836424446,Оплачен
347,371,2026-05-27,708.7230033297533,Не оплачен
348,616,2026-04-07,150.1444171507643,Оплачен
349,375,2026-02-16,281.02888432570177,Оплачен
350,157,2026-05-15,152.9566042492932,Не оплачен
351,850,2026-04-21,646.701835478799,Не оплачен
352,880,2026-03-03,654.0931130168397,Оплачен
353,739,2026-04-15,969.0010669771399,Оплачен
354,1020,2026-04-08,446.0191390270487,Оплачен
355,399,2026-04-02,486.6099694533561,Оплачен
356,1137,2026-03-20,658.5406552158445,Оплачен
357,377,2026-01-19,536.2065113100584,Оплачен
358,43,2026-04-11,146.29738077599748,Оплачен
359,362,2026-05-02,727.3671531875796,Оплачен
360,395,2026-05-14,272.92791336084883,Оплачен
361,1191,2026-01-29,389.6996159779752,Не оплачен
362,972,2026-03-12,728.7247765730581,Не оплачен
363,711,2026-05-01,667.9315527231036,Не оплачен
364,988,2026-01-03,520.4764811264879,Не оплачен
365,1011,2026-04-01,386.2435959826119,Оплачен
366,654,2026-02-21,279.6764390044656,Оплачен
367,1092,2026-01-12,683.6453595952217,Не оплачен
368,12,2026-03-06,532.4790919529696,Не оплачен
369,1158,2026-02-09,609.325345438097,Не оплачен
370,1126,2026-01-07,430.13438319110384,Оплачен
371,1082,2026-03-17,140.32110877910478,Не оплачен
372,448,2026-02-12,685.3389255348073,Оплачен
373,424,2026-03-28,493.7665048798728,Оплачен
374,646,2026-01-12,226.55461517226797,Не оплачен
375,295,2026-02-20,462.00466171600107,Не оплачен
376,533,2026-02-02,554.7108012364916,Не оплачен
377,419,2026-01-20,899.1512891165488,Не оплачен
378,579,2026-02-02,128.10886506541578,Не оплачен
379,865,2026-04-21,493.0066691555147,Не оплачен
380,686,2026-01-05,654.772227061891,Не оплачен
381,423,2026-01-04,685.8024657638945,Оплачен
382,444,2026-05-19,187.6939073357566,Оплачен
383,775,2026-05-26,478.0456377992286,Оплачен
384,664,2026-02-26,883.4298882548914,Оплачен
385,1023,2026-02-07,646.6406715179855,Не оплачен
386,712,2026-03-17,546.8806311995875,Оплачен
387,1090,2026-01-04,659.8911612066615,Оплачен
388,260,2026-05-27,367.96028448731266,Оплачен
389,858,2026-03-08,405.1477018854689,Оплачен
390,164,2026-01-31,101.20895830217982,Оплачен
391,491,2026-01-31,410.0798399139259,Оплачен
392,495,2026-01-17,462.24946404233503,Оплачен
393,565,2026-04-07,638.8912071603147,Не оплачен
394,492,2026-01-27,517.5625468993416,Не оплачен
395,435,2026-01-23,580.073744125755,Оплачен
396,249,2026-03-24,871.3350143055728,Оплачен
397,1128,2026-04-28,895.8432879128226,Оплачен
398,1080,2026-02-07,690.8287240641854,Не оплачен
399,721,2026-03-30,789.6618163313351,Оплачен
400,673,2026-03-13,461.6294193763244,Оплачен
401,18,2026-01-21,428.3422235135661,Оплачен
402,735,2026-05-08,592.0737601175337,Не оплачен
403,1065,2026-02-15,773.5254682026276,Оплачен
404,757,2026-01-21,418.13801543986716,Оплачен
405,443,2026-05-18,645.8818064945856,Не оплачен
406,245,2026-01-02,422.7113093786327,Не оплачен
407,1015,2026-02-26,538.3155706962896,Оплачен
408,442,2026-04-27,242.8027737379204,Не оплачен
409,548,2026-04-19,718.3110110139766,Оплачен
410,704,2026-01-14,159.9055456224466,Оплачен
411,1159,2026-01-17,671.3197713811855,Не оплачен
412,576,2026-01-14,797.1843303244545,Не оплачен
413,987,2026-02-23,665.9750717153348,Не оплачен
414,639,2026-01-06,545.5182391769358,Оплачен
415,825,2026-03-08,572.8637798686104,Не оплачен
416,1165,2026-04-12,483.640833948948,Не оплачен
417,730,2026-04-16,801.7788113529424,Оплачен
418,596,2026-03-01,190.25032905999586,Не оплачен
419,518,2026-01-18,130.8727413847455,Оплачен
420,1019,2026-04-30,317.74675067942223,Не оплачен
421,1048,2026-01-21,422.1707769145594,Не оплачен
422,115,2026-01-01,442.38923357184075,Не оплачен
423,854,2026-05-16,619.0812427800953,Не оплачен
424,89,2026-04-20,927.429573832423,Не оплачен
425,632,2026-04-02,577.7893097318591,Оплачен
426,1128,2026-03-24,878.5062377396905,Не оплачен
427,181,2026-01-13,939.1109951673243,Не оплачен
428,203,2026-03-15,561.5676072229968,Не оплачен
429,446,2026-01-11,548.9573886410526,Не оплачен
430,1071,2026-04-06,290.14097765128287,Оплачен
431,670,2026-04-27,518.9746056519368,Оплачен
432,17,2026-05-23,922.7997106545057,Не оплачен
433,558,2026-01-15,417.89894633651414,Оплачен
434,817,2026-05-08,740.3248459353853,Не оплачен
435,24,2026-03-11,222.48576527890953,Оплачен
436,1107,2026-02-28,314.5739736562191,Не оплачен
437,748,2026-02-16,286.32076835961936,Оплачен
438,867,2026-05-07,774.5714471140012,Оплачен
439,993,2026-04-22,943.944789676453,Не оплачен
440,511,2026-05-19,682.1026777096848,Оплачен
441,1115,2026-04-18,564.1513448963316,Оплачен
442,85,2026-02-11,968.4558827987715,Оплачен
443,119,2026-04-19,646.2742124654125,Не оплачен
444,1167,2026-03-25,896.3004151885623,Не оплачен
445,751,2026-05-09,471.6877869718661,Оплачен
446,299,2026-01-04,335.13064502582733,Не оплачен
447,956,2026-03-10,123.05841280355551,Не оплачен
448,1039,2026-03-09,828.9993917290252,Не оплачен
449,318,2026-02-19,956.4550426669747,Не оплачен
450,633,2026-03-17,302.2379986274534,Не оплачен
451,717,2026-01-05,903.3038040066755,Не оплачен
452,453,2026-01-06,346.55103143419035,Оплачен
453,504,2026-01-20,788.3365775210954,Не оплачен
454,885,2026-01-15,610.3508153513021,Не оплачен
455,486,2026-02-27,375.8862138712677,Не оплачен
456,1186,2026-01-07,465.81295095096567,Не оплачен
457,127,2026-01-14,696.2243944340194,Не оплачен
458,328,2026-01-20,133.95849155087603,Не оплачен
459,561,2026-03-04,876.4302699827687,Не оплачен
460,514,2026-02-04,646.0621011996609,Не оплачен
461,795,2026-03-09,840.3429831748786,Не оплачен
462,263,2026-03-11,637.4813591748953,Оплачен
463,791,2026-04-09,504.48165550192937,Оплачен
464,608,2026-02-03,933.3433484061475,Не оплачен
465,887,2026-03-09,107.78489795907473,Не оплачен
466,1195,2026-04-11,802.6639089084035,Не оплачен
467,339,2026-04-12,573.6564461184958,Оплачен
468,849,2026-05-15,623.6416226879455,Оплачен
469,671,2026-02-06,840.40212562976,Оплачен
470,442,2026-04-07,122.5470108683021,Оплачен
471,552,2026-02-26,254.1529861028102,Оплачен
472,538,2026-05-15,194.95810346597466,Оплачен
473,115,2026-03-01,474.80435327950784,Не оплачен
474,1158,2026-02-13,612.9783764633113,Не оплачен
475,412,2026-03-11,354.94186173301745,Не оплачен
476,1129,2026-04-27,548.0434727120486,Не оплачен
477,921,2026-05-22,152.6814018727391,Не оплачен
478,505,2026-03-30,857.7718170451284,Оплачен
479,1083,2026-03-23,754.5473702827614,Оплачен
480,663,2026-05-23,258.95993196323866,Оплачен
481,970,2026-05-29,566.3017456860039,Оплачен
482,433,2026-02-28,919.314455651218,Не оплачен
483,328,2026-01-02,521.4342208032895,Оплачен
484,434,2026-04-10,551.5380717134391,Не оплачен
485,1019,2026-03-11,996.8980018741121,Оплачен
486,436,2026-03-21,759.437684701686,Оплачен
487,469,2026-05-26,267.7953702594993,Оплачен
488,577,2026-04-06,696.8594839342795,Оплачен
489,464,2026-02-28,848.656734549893,Оплачен
490,353,2026-02-04,678.855605117251,Не оплачен
491,367,2026-01-17,322.8168247170381,Не оплачен
492,1190,2026-01-27,124.42065537008142,Не оплачен
493,226,2026-05-09,746.43790464869,Оплачен
494,667,2026-03-13,299.7481135325391,Не оплачен
495,227,2026-04-09,559.3152028292968,Не оплачен
496,593,2026-04-23,976.3107707428621,Оплачен
497,519,2026-01-07,210.94761354961702,Не оплачен
498,788,2026-01-26,809.381305740427,Оплачен
499,115,2026-01-28,495.0694628656664,Не оплачен
500,314,2026-02-20,109.49151886884222,Оплачен
501,510,2026-04-05,298.2607599430297,Не оплачен
502,802,2026-02-03,699.1294649601997,Не оплачен
503,1031,2026-01-29,868.4535465677819,Оплачен
504,160,2026-03-11,535.1094802117206,Не оплачен
505,1145,2026-02-15,522.3855574131738,Не оплачен
506,671,2026-01-16,256.4002275256845,Оплачен
507,351,2026-04-28,440.7570399442942,Оплачен
508,169,2026-03-27,672.1132452441153,Оплачен
509,571,2026-02-21,646.1316404216883,Оплачен
510,340,2026-05-24,315.11740887675415,Оплачен
511,26,2026-05-16,990.2403936672954,Не оплачен
512,677,2026-02-02,667.4761450706677,Оплачен
513,1084,2026-03-04,328.1055081453526,Не оплачен
514,628,2026-03-05,308.2455685739974,Не оплачен
515,851,2026-01-19,670.4284226235526,Оплачен
516,1167,2026-05-22,260.0671138509909,Оплачен
517,620,2026-05-22,352.04033807164006,Оплачен
518,1071,2026-02-24,494.16378846381235,Оплачен
519,103,2026-04-23,374.4034148247256,Оплачен
520,297,2026-01-19,616.5537257825825,Не оплачен
521,659,2026-04-22,735.7106547121143,Не оплачен
522,86,2026-04-13,936.7512936638099,Не оплачен
523,986,2026-02-05,418.488727578733,Не оплачен
524,656,2026-01-14,397.3866399441309,Оплачен
525,363,2026-04-08,734.2783454206308,Не оплачен
526,492,2026-02-16,939.2448143190051,Не оплачен
527,321,2026-02-17,632.4814200266561,Оплачен
528,1057,2026-02-11,281.96704689853004,Не оплачен
529,1046,2026-03-11,839.523391235544,Не оплачен
530,1086,2026-01-25,853.1988451727577,Не оплачен
531,779,2026-04-11,268.88712533646833,Не оплачен
532,1013,2026-03-01,874.6108848741878,Оплачен
533,493,2026-05-09,985.1665347403919,Не оплачен
534,36,2026-02-09,500.132528308235,Оплачен
535,985,2026-05-22,495.7071307986084,Не оплачен
536,1059,2026-04-30,348.0646466754446,Оплачен
537,83,2026-05-04,650.4595710017702,Оплачен
538,1006,2026-01-29,492.0945803625853,Оплачен
539,39,2026-01-21,315.2606684129869,Оплачен
540,201,2026-04-19,534.4229700427227,Не оплачен
541,707,2026-01-13,531.0634649704315,Оплачен
542,327,2026-01-24,463.4770766024717,Оплачен
543,68,2026-01-27,331.52423324388735,Не оплачен
544,28,2026-03-24,731.4635244986644,Оплачен
545,824,2026-04-18,222.8701448663669,Не оплачен
546,761,2026-03-09,269.9452127963225,Не оплачен
547,296,2026-02-19,167.12570547883644,Не оплачен
548,976,2026-03-19,292.7012291053425,Оплачен
549,105,2026-05-14,566.2522750791002,Не оплачен
550,880,2026-02-02,523.0590141503872,Оплачен
551,779,2026-02-10,810.1527786911049,Не оплачен
552,893,2026-01-22,270.3544413885627,Не оплачен
553,985,2026-01-23,831.3851348924442,Оплачен
554,231,2026-03-23,878.2309160994637,Не оплачен
555,860,2026-02-08,331.62565455661934,Оплачен
556,96,2026-01-24,939.3832862158955,Не оплачен
557,387,2026-04-20,484.21226920221517,Оплачен
558,1118,2026-01-19,654.5272736840444,Оплачен
559,522,2026-01-11,533.312077395057,Оплачен
560,734,2026-04-12,680.3868701222644,Не оплачен
561,107,2026-03-04,447.2497484670838,Не оплачен
562,1188,2026-05-05,875.7027363478626,Оплачен
563,662,2026-02-25,476.1852292480904,Оплачен
564,520,2026-03-17,199.01643412985504,Не оплачен
565,584,2026-01-22,836.6913056034743,Оплачен
566,743,2026-02-06,335.031298713228,Оплачен
567,948,2026-04-24,787.3523640335629,Оплачен
568,441,2026-02-08,417.39023409463954,Оплачен
569,1032,2026-01-25,534.4366932492431,Не оплачен
570,120,2026-04-14,432.61359644199587,Оплачен
571,943,2026-04-18,265.4852862647865,Оплачен
572,476,2026-02-19,508.0472787694926,Не оплачен
573,252,2026-05-25,840.5623024815534,Не оплачен
574,437,2026-04-16,666.5267533573848,Не оплачен
575,1180,2026-03-25,134.9349632785069,Оплачен
576,93,2026-05-22,865.6984417306916,Не оплачен
577,492,2026-04-29,351.41761262388206,Не оплачен
578,571,2026-01-01,343.4334692219924,Не оплачен
579,75,2026-05-24,918.6213656557284,Оплачен
580,262,2026-02-01,504.1164267674135,Оплачен
581,830,2026-04-28,641.1188968027619,Не оплачен
582,844,2026-05-16,820.920777851404,Оплачен
583,125,2026-05-29,948.2261307890418,Оплачен
584,926,2026-03-21,739.6519222689716,Не оплачен
585,327,2026-03-22,255.74568565697413,Не оплачен
586,194,2026-01-01,104.89728801160308,Не оплачен
587,406,2026-04-12,421.30741239083903,Не оплачен
588,533,2026-02-05,839.81101041448,Оплачен
589,394,2026-05-25,784.0431908041584,Оплачен
590,475,2026-03-22,154.9754724681943,Не оплачен
591,51,2026-02-09,522.7122728580027,Не оплачен
592,341,2026-03-11,202.11503376881296,Оплачен
593,810,2026-01-29,576.803639127003,Не оплачен
594,949,2026-03-05,354.81247998250797,Не оплачен
595,916,2026-02-26,736.4843641980381,Оплачен
596,103,2026-03-15,928.9417189749573,Оплачен
597,442,2026-03-30,676.0378186864999,Не оплачен
598,754,2026-02-26,343.92919277391,Не оплачен
599,755,2026-03-11,235.04252949888183,Не оплачен
600,1078,2026-04-03,167.30817793534226,Не оплачен
601,3,2026-02-26,999.2567015741088,Не оплачен
602,269,2026-03-24,647.3704394377017,Не оплачен
603,340,2026-05-17,730.3388955056406,Оплачен
604,291,2026-04-28,807.2590013379903,Оплачен
605,1047,2026-04-24,194.52105277271272,Не оплачен
606,897,2026-03-11,315.32740894213293,Не оплачен
607,994,2026-05-23,908.7851603357699,Оплачен
608,821,2026-05-08,814.1646987841955,Не оплачен
609,212,2026-03-21,708.5351013126477,Не оплачен
610,413,2026-04-25,793.3429919369834,Оплачен
611,799,2026-03-02,909.7184836134198,Не оплачен
612,58,2026-03-03,272.7513816892706,Оплачен
613,714,2026-02-24,259.6857556461486,Не оплачен
614,407,2026-01-03,807.172993535506,Не оплачен
615,1118,2026-03-29,218.80232274553242,Не оплачен
616,179,2026-01-27,157.67246389518448,Оплачен
617,1170,2026-04-03,555.2027827472407,Оплачен
618,134,2026-03-13,200.42912708891583,Не оплачен
619,1051,2026-02-02,422.66833239298,Не оплачен
620,55,2026-03-01,413.5968749087736,Оплачен
621,916,2026-01-14,267.01102884381874,Оплачен
622,633,2026-03-01,722.1471933128871,Не оплачен
623,75,2026-05-13,616.1462624605969,Оплачен
624,1086,2026-05-13,264.729846455317,Оплачен
625,328,2026-05-17,122.32476774998665,Оплачен
626,125,2026-03-22,623.4438402052857,Оплачен
627,328,2026-05-14,487.61117946070107,Не оплачен
628,710,2026-05-25,242.97557737371224,Оплачен
629,1199,2026-02-17,922.2278018909112,Оплачен
630,462,2026-02-26,843.4876605758387,Не оплачен
631,381,2026-05-17,874.5729174973889,Оплачен
632,845,2026-05-29,738.798125182481,Оплачен
633,983,2026-02-15,879.2946552003905,Оплачен
634,149,2026-01-18,864.1442771973022,Не оплачен
635,728,2026-03-18,325.73878825933525,Оплачен
636,115,2026-02-11,333.96571076324767,Оплачен
637,833,2026-02-16,594.7257978819808,Оплачен
638,632,2026-05-20,930.5372056574225,Оплачен
639,254,2026-03-18,111.45166735757138,Оплачен
640,1142,2026-03-04,622.1561756632364,Не оплачен
641,518,2026-03-28,730.1079679635034,Оплачен
642,1091,2026-03-21,176.42506257888095,Не оплачен
643,916,2026-01-07,445.86489533078424,Не оплачен
644,906,2026-04-30,427.2010081401628,Оплачен
645,1173,2026-05-25,654.4783684010863,Оплачен
646,169,2026-04-27,927.6701243414002,Не оплачен
647,642,2026-04-13,584.06442752095,Не оплачен
648,334,2026-05-11,758.6352581438455,Не оплачен
649,434,2026-02-23,609.9780834289359,Оплачен
650,901,2026-05-19,156.48703037130474,Оплачен
651,578,2026-01-26,322.36367845321604,Не оплачен
652,1175,2026-05-24,523.2116864330533,Не оплачен
653,409,2026-03-31,898.7945666878769,Оплачен
654,48,2026-04-08,600.9108283610792,Оплачен
655,448,2026-01-21,451.2269545924921,Оплачен
656,878,2026-04-18,264.5515183669088,Оплачен
657,41,2026-04-24,204.82927860874588,Оплачен
658,1189,2026-05-11,188.53583204531503,Не оплачен
659,166,2026-01-18,695.6341932848557,Не оплачен
660,954,2026-03-03,761.0652618650922,Оплачен
661,648,2026-03-14,847.7891606468846,Не оплачен
662,611,2026-03-06,266.49562756057924,Оплачен
663,314,2026-05-09,484.23787720278085,Оплачен
664,1065,2026-01-22,205.60904514452983,Оплачен
665,989,2026-03-06,900.4724651170607,Не оплачен
666,57,2026-04-04,803.2256877102312,Оплачен
667,71,2026-02-12,644.8191885355983,Не оплачен
668,1012,2026-03-01,811.7801661325124,Оплачен
669,335,2026-02-21,834.5043306038613,Не оплачен
670,580,2026-05-10,341.3685030007903,Оплачен
671,198,2026-02-08,316.5069171559786,Оплачен
672,784,2026-01-17,214.0848009646561,Оплачен
673,362,2026-01-15,989.0892825106909,Оплачен
674,970,2026-04-30,468.2720197188032,Оплачен
675,121,2026-02-21,835.9590832327177,Не оплачен
676,713,2026-05-08,762.0878844161512,Оплачен
677,1014,2026-03-13,152.5562994399749,Не оплачен
678,463,2026-05-02,476.39128695636197,Не оплачен
679,846,2026-01-01,641.5126952877051,Оплачен
680,479,2026-04-10,552.1613609920773,Не оплачен
681,800,2026-02-11,539.281084180433,Не оплачен
682,587,2026-03-13,151.30688310368058,Не оплачен
683,642,2026-05-06,210.51684453588283,Не оплачен
684,170,2026-02-25,622.6131817696821,Не оплачен
685,620,2026-04-15,700.5541740274136,Оплачен
686,983,2026-03-28,749.3324214462708,Оплачен
687,657,2026-01-21,662.7443909804574,Не оплачен
688,39,2026-03-07,829.6132991342015,Не оплачен
689,176,2026-02-27,421.46186717783866,Оплачен
690,509,2026-02-12,280.94230336298085,Оплачен
691,139,2026-01-09,813.7188521243734,Не оплачен
692,344,2026-01-27,454.0781172105119,Оплачен
693,821,2026-03-28,743.2644823707109,Не оплачен
694,290,2026-04-19,119.47580937829107,Не оплачен
695,1115,2026-04-22,299.1264207266586,Оплачен
696,1166,2026-03-24,795.1610562098366,Оплачен
697,203,2026-04-20,103.3175787744606,Не оплачен
698,30,2026-01-09,234.81552902359314,Оплачен
699,631,2026-05-23,299.63369669292297,Не оплачен
700,47,2026-03-08,290.81943014469067,Оплачен
701,877,2026-01-06,263.81895263774254,Не оплачен
702,707,2026-02-16,721.6770858347383,Не оплачен
703,886,2026-05-12,557.8885165986444,Оплачен
704,421,2026-01-01,242.25126868210933,Оплачен
705,950,2026-04-02,796.7676492085315,Оплачен
706,904,2026-03-16,172.37648297333135,Не оплачен
707,802,2026-02-20,440.79372594223184,Оплачен
708,887,2026-03-03,700.904764703139,Не оплачен
709,1045,2026-02-20,169.3826214382144,Не оплачен
710,243,2026-02-24,439.2492504760494,Оплачен
711,83,2026-05-19,171.30589998705648,Оплачен
712,2,2026-02-16,670.8048593067148,Оплачен
713,281,2026-02-22,752.4326515010882,Не оплачен
714,507,2026-04-15,241.10460840445745,Не оплачен
715,707,2026-05-01,236.72991317203775,Не оплачен
716,514,2026-05-11,325.0893152997339,Не оплачен
717,1029,2026-04-27,282.63826112612924,Не оплачен
718,698,2026-03-03,358.8767722429662,Оплачен
719,22,2026-02-11,516.1780921451478,Не оплачен
720,273,2026-02-19,878.6003141396964,Оплачен
721,661,2026-04-24,293.8543170022994,Не оплачен
722,310,2026-03-12,301.05011975654037,Оплачен
723,761,2026-03-11,340.0063954402674,Оплачен
724,1005,2026-05-25,822.1815933388152,Не оплачен
725,282,2026-03-13,401.8666871267251,Не оплачен
726,54,2026-05-29,942.1525184575665,Оплачен
727,351,2026-03-26,925.5753555347185,Не оплачен
728,718,2026-03-13,545.4383005632421,Оплачен
729,426,2026-04-27,626.3002070957931,Не оплачен
730,480,2026-04-24,376.5229490128632,Не оплачен
731,630,2026-04-16,639.5857647959967,Не оплачен
732,947,2026-05-02,587.799814241507,Не оплачен
733,1109,2026-05-24,876.7428067596742,Оплачен
734,394,2026-03-17,968.955700039908,Оплачен
735,612,2026-02-17,219.40397665338642,Не оплачен
736,419,2026-05-13,985.0664268441077,Оплачен
737,142,2026-04-27,385.4427145985777,Не оплачен
738,611,2026-02-09,349.10685113834484,Оплачен
739,116,2026-04-23,221.519395459843,Не оплачен
740,182,2026-01-22,490.7169982829091,Не оплачен
741,760,2026-04-04,245.04680278729174,Оплачен
742,239,2026-02-12,629.6575110516914,Оплачен
743,1151,2026-03-18,726.7152728452866,Не оплачен
744,311,2026-05-02,431.11300563694545,Не оплачен
745,864,2026-02-10,607.6346262934471,Оплачен
746,179,2026-01-16,334.29901765923603,Не оплачен
747,107,2026-02-06,745.6989136305519,Не оплачен
748,956,2026-03-10,765.9000782875007,Не оплачен
749,1105,2026-01-04,724.747906807749,Не оплачен
750,675,2026-03-15,769.751708826716,Не оплачен
751,301,2026-02-18,146.029016936,Не оплачен
752,172,2026-02-12,207.7876061864763,Оплачен
753,787,2026-05-19,281.60663310297434,Не оплачен
754,464,2026-03-30,564.3146214726353,Не оплачен
755,350,2026-05-14,124.38605662938787,Не оплачен
756,762,2026-01-05,243.01578512443373,Оплачен
757,341,2026-02-25,892.4308386617779,Оплачен
758,658,2026-04-14,241.23273617272525,Не оплачен
759,322,2026-03-18,602.8757547325315,Оплачен
760,7,2026-05-16,311.59058633820405,Не оплачен
761,413,2026-04-18,231.0896330033663,Не оплачен
762,805,2026-01-06,446.80745096380025,Оплачен
763,1036,2026-04-04,840.8653856193971,Не оплачен
764,703,2026-05-01,840.320269619607,Оплачен
765,663,2026-03-11,734.5916801274046,Оплачен
766,1106,2026-01-21,953.9416674167607,Оплачен
767,263,2026-04-12,530.0059793663083,Оплачен
768,819,2026-01-24,189.5625974573299,Оплачен
769,585,2026-05-18,784.6229961703017,Не оплачен
770,950,2026-01-29,525.1494891861054,Не оплачен
771,906,2026-02-26,257.00072787042,Не оплачен
772,482,2026-04-23,617.4102347714854,Оплачен
773,553,2026-03-18,232.00731133441104,Оплачен
774,158,2026-01-07,963.0844590202299,Не оплачен
775,997,2026-05-23,936.8253794360937,Не оплачен
776,1095,2026-03-25,819.1483746085856,Не оплачен
777,828,2026-03-15,890.8170549948976,Не оплачен
778,18,2026-04-27,370.7096179885599,Оплачен
779,254,2026-02-06,911.5188463603813,Оплачен
780,1048,2026-03-24,348.7647337404573,Оплачен
781,587,2026-01-12,935.1211186472599,Не оплачен
782,310,2026-02-15,606.8574118170443,Не оплачен
783,643,2026-03-30,438.51402572013967,Не оплачен
784,1065,2026-05-15,941.7206670216277,Оплачен
785,944,2026-03-07,619.8099233483608,Оплачен
786,1113,2026-02-21,127.70357142364173,Не оплачен
787,336,2026-01-03,970.7075752359558,Не оплачен
788,770,2026-02-21,772.1139452469902,Не оплачен
789,491,2026-05-24,758.2682566070978,Не оплачен
790,425,2026-04-30,150.40655527462317,Оплачен
791,820,2026-04-09,829.1649329910866,Не оплачен
792,317,2026-05-05,485.13184103761876,Не оплачен
793,187,2026-04-30,144.92468927837493,Оплачен
794,498,2026-01-07,391.30386500070017,Не оплачен
795,472,2026-01-21,885.8493267788059,Не оплачен
796,406,2026-02-16,225.81396617179945,Оплачен
797,127,2026-03-17,199.15905587134688,Оплачен
798,17,2026-04-28,552.9109764981608,Не оплачен
799,167,2026-04-05,893.2513370180133,Оплачен
800,170,2026-03-27,136.6312550412574,Не оплачен
801,40,2026-01-04,791.6330878423155,Оплачен
802,321,2026-01-29,653.6933033173667,Не оплачен
803,1042,2026-01-06,514.2868039208283,Не оплачен
804,558,2026-02-20,966.1145219517543,Оплачен
805,432,2026-04-18,921.9051740496319,Оплачен
806,1146,2026-04-30,431.2426228691468,Оплачен
807,657,2026-01-16,110.48271365525981,Оплачен
808,773,2026-04-22,821.5331113057827,Оплачен
809,51,2026-02-26,100.54124381969908,Оплачен
810,64,2026-05-04,545.3962164257659,Не оплачен
811,419,2026-05-04,156.48795388468739,Оплачен
812,204,2026-05-24,856.3990975829657,Не оплачен
813,57,2026-03-05,339.6794094787207,Оплачен
814,371,2026-01-09,671.7605998989471,Не оплачен
815,536,2026-05-12,938.7355239444761,Не оплачен
816,2,2026-01-23,905.8280926107374,Оплачен
817,883,2026-03-11,713.6520946587036,Не оплачен
818,725,2026-01-01,426.11591328482734,Не оплачен
819,470,2026-03-27,800.243449427007,Не оплачен
820,619,2026-03-21,812.9273007137599,Не оплачен
821,1183,2026-02-06,792.4246438100486,Оплачен
822,516,2026-05-04,398.5216900571236,Не оплачен
823,627,2026-04-20,338.2369167441633,Не оплачен
824,1105,2026-01-31,580.2626448320029,Оплачен
825,828,2026-03-04,805.645769813434,Не оплачен
826,134,2026-02-17,540.1000253822849,Не оплачен
827,217,2026-03-15,370.9702377701089,Не оплачен
828,459,2026-02-01,902.653975528146,Не оплачен
829,1065,2026-04-05,129.4737976993706,Оплачен
830,252,2026-05-17,424.8327385329792,Оплачен
831,753,2026-02-01,510.25269044756163,Оплачен
832,110,2026-04-28,714.7586956772708,Оплачен
833,449,2026-02-10,700.2717150203587,Оплачен
834,145,2026-01-02,169.36954944214608,Оплачен
835,814,2026-02-02,562.5950327113537,Оплачен
836,229,2026-02-25,736.2100553236857,Оплачен
837,41,2026-02-20,952.7933339371267,Оплачен
838,15,2026-05-17,989.035699198978,Не оплачен
839,780,2026-04-16,989.4959658536166,Не оплачен
840,872,2026-05-06,927.1109524807018,Оплачен
841,207,2026-02-13,880.1214011993359,Оплачен
842,960,2026-01-11,125.19626942136462,Не оплачен
843,426,2026-01-30,424.2630912837249,Оплачен
844,980,2026-03-02,791.1122082120656,Не оплачен
845,33,2026-01-20,204.04337162592867,Не оплачен
846,623,2026-04-22,150.36498684050883,Не оплачен
847,973,2026-04-12,480.76989039907824,Оплачен
848,977,2026-04-04,121.73388591832278,Оплачен
849,1057,2026-01-24,784.4737658533098,Не оплачен
850,276,2026-01-16,792.8946351326144,Оплачен
851,1094,2026-02-28,378.41993888293473,Оплачен
852,470,2026-03-12,989.4109281724188,Не оплачен
853,235,2026-04-18,722.8203422828756,Не оплачен
854,466,2026-01-12,135.9642481103324,Не оплачен
855,81,2026-01-02,634.7503666010425,Не оплачен
856,1161,2026-01-08,923.0577782602991,Не оплачен
857,623,2026-03-24,618.8604179719422,Не оплачен
858,794,2026-01-01,634.2004475963595,Не оплачен
859,1013,2026-01-08,174.0590376024806,Не оплачен
860,266,2026-04-24,970.963393196216,Не оплачен
861,999,2026-02-06,341.323880308611,Не оплачен
862,785,2026-02-01,615.3429879144975,Оплачен
863,152,2026-02-06,977.3249083844106,Оплачен
864,170,2026-04-25,896.7693458915471,Оплачен
865,592,2026-01-28,480.69099157730216,Не оплачен
866,354,2026-03-08,334.8024895295995,Не оплачен
867,673,2026-02-15,141.55800552626692,Оплачен
868,1173,2026-05-27,820.1104195437525,Оплачен
869,1078,2026-04-28,698.1960968103937,Оплачен
870,227,2026-03-22,697.5453567561225,Оплачен
871,907,2026-05-04,520.8191135659536,Не оплачен
872,496,2026-03-07,824.880282551567,Оплачен
873,735,2026-04-27,440.21130043860325,Оплачен
874,997,2026-05-04,252.65136381705662,Оплачен
875,756,2026-04-25,470.50971374322086,Не оплачен
876,1049,2026-01-06,552.7186696773581,Не оплачен
877,731,2026-02-18,701.588626123439,Не оплачен
878,538,2026-03-30,755.441182456103,Оплачен
879,753,2026-01-08,364.91881332663996,Оплачен
880,429,2026-03-11,368.83682702157245,Оплачен
881,847,2026-01-06,266.74892710134037,Оплачен
882,336,2026-02-10,960.7500956883865,Оплачен
883,533,2026-04-28,663.5820034719738,Не оплачен
884,1137,2026-01-09,288.6889768209212,Не оплачен
885,913,2026-01-01,409.4078003350215,Оплачен
886,302,2026-05-29,840.7649557072017,Не оплачен
887,495,2026-03-13,388.3207596614697,Оплачен
888,1077,2026-02-18,192.7909761552939,Оплачен
889,722,2026-03-01,767.3236751104287,Оплачен
890,1194,2026-01-03,119.78212301909751,Оплачен
891,446,2026-03-06,328.0403335813511,Не оплачен
892,1080,2026-01-10,370.18591443587945,Не оплачен
893,499,2026-05-03,421.85470954240577,Оплачен
894,212,2026-04-28,620.6779284280815,Оплачен
895,470,2026-05-22,785.6400813040036,Оплачен
896,1016,2026-04-25,802.3366037663086,Оплачен
897,740,2026-01-08,405.80188204468834,Оплачен
898,839,2026-02-27,196.60133278972074,Не оплачен
899,671,2026-02-07,595.9956287353502,Не оплачен
900,245,2026-05-04,592.1735451688245,Оплачен
901,1127,2026-05-12,534.9107448761971,Оплачен
902,923,2026-03-25,382.5451666492975,Оплачен
903,581,2026-01-08,893.9842260582944,Оплачен
904,145,2026-04-25,456.1521292553525,Оплачен
905,644,2026-03-03,227.03723778446584,Не оплачен
906,971,2026-05-14,618.4643921105366,Оплачен
907,701,2026-05-17,812.1939905148454,Не оплачен
908,1024,2026-03-05,381.8083085757645,Не оплачен
909,406,2026-03-18,465.016657117269,Оплачен
910,417,2026-04-18,152.5034798499844,Оплачен
911,1160,2026-03-23,260.45460701670584,Оплачен
912,283,2026-02-21,566.9855302659469,Оплачен
913,1162,2026-05-28,733.0505213026129,Не оплачен
914,619,2026-05-25,818.6986788500108,Оплачен
915,589,2026-05-13,371.65934879124643,Оплачен
916,839,2026-03-14,573.9766024755709,Не оплачен
917,462,2026-05-23,211.92610174204992,Не оплачен
918,271,2026-03-30,413.6355552544335,Не оплачен
919,5,2026-04-24,146.55955421261598,Не оплачен
920,1157,2026-04-06,706.4886133283343,Не оплачен
921,708,2026-03-06,815.3383454208247,Не оплачен
922,630,2026-04-15,798.7831602755974,Оплачен
923,985,2026-03-27,564.4621004142823,Оплачен
924,18,2026-03-09,940.3347288610865,Не оплачен
925,857,2026-04-28,316.1859468926385,Оплачен
926,1015,2026-04-27,242.32607984723288,Оплачен
927,244,2026-04-09,145.95756194274935,Не оплачен
928,692,2026-03-22,765.4371683204782,Оплачен
929,730,2026-01-28,569.1387820829791,Оплачен
930,10,2026-02-11,275.57503169866186,Не оплачен
931,821,2026-02-03,557.0018016661163,Оплачен
932,623,2026-01-21,942.3226817911976,Оплачен
933,86,2026-01-03,347.4435136204585,Оплачен
934,364,2026-02-26,313.0148269558747,Не оплачен
935,1048,2026-02-27,436.42606288576064,Оплачен
936,171,2026-01-05,661.5142096273366,Не оплачен
937,404,2026-02-11,346.6392994229941,Не оплачен
938,708,2026-01-28,191.6987888384171,Оплачен
939,95,2026-03-17,714.6393519480326,Не оплачен
940,305,2026-05-06,413.90970442566294,Не оплачен
941,485,2026-02-28,374.20375095283623,Оплачен
942,678,2026-02-01,256.48599810967244,Не оплачен
943,113,2026-04-21,111.00657675012022,Не оплачен
944,137,2026-02-10,158.8794766426505,Оплачен
945,735,2026-01-12,586.7221537473467,Оплачен
946,845,2026-03-28,184.5209934797507,Оплачен
947,654,2026-03-06,142.88613693262283,Не оплачен
948,1062,2026-04-05,712.779887035113,Не оплачен
949,996,2026-01-24,902.0325004767571,Оплачен
950,440,2026-05-22,996.1822557212785,Оплачен
951,140,2026-02-02,635.1757376176041,Оплачен
952,1117,2026-05-19,143.0048596701759,Оплачен
953,797,2026-03-08,309.8608086768659,Не оплачен
954,842,2026-05-24,195.148859546138,Оплачен
955,93,2026-02-15,696.0721899242253,Оплачен
956,48,2026-02-11,510.33064042656247,Оплачен
957,607,2026-04-14,216.74502471762648,Оплачен
958,1058,2026-05-25,504.30599792385846,Оплачен
959,987,2026-04-06,476.4663939246632,Не оплачен
960,769,2026-03-18,265.57121609927833,Не оплачен
961,738,2026-05-14,742.973762629088,Не оплачен
962,377,2026-03-22,649.077306350388,Не оплачен
963,415,2026-03-30,154.82159050159964,Не оплачен
964,632,2026-01-20,569.5160477588224,Оплачен
965,31,2026-03-13,227.38913844195412,Оплачен
966,1004,2026-03-10,223.97440674305477,Не оплачен
967,1089,2026-05-08,634.476331412687,Не оплачен
968,395,2026-02-11,620.6414901967681,Оплачен
969,593,2026-01-20,156.99056878047048,Не оплачен
970,576,2026-02-05,451.12851262346265,Оплачен
971,193,2026-02-16,872.6365538099228,Не оплачен
972,1154,2026-01-05,647.6813439170221,Оплачен
973,1187,2026-04-13,926.0466202261209,Не оплачен
974,926,2026-04-01,180.9493043004045,Оплачен
975,187,2026-04-18,489.7983774795184,Не оплачен
976,1065,2026-04-15,151.78702936495222,Оплачен
977,705,2026-04-08,269.9972201507993,Не оплачен
978,422,2026-04-06,912.8963780247321,Оплачен
979,837,2026-05-25,211.4513590996993,Не оплачен
980,682,2026-05-09,828.2341618105903,Оплачен
981,15,2026-04-05,598.5835075221236,Не оплачен
982,910,2026-04-04,877.579305887605,Оплачен
983,113,2026-01-23,229.63178449543352,Оплачен
984,1173,2026-05-08,685.23826627651,Оплачен
985,357,2026-04-02,609.7903366872662,Не оплачен
986,451,2026-04-16,969.7713158261772,Оплачен
987,636,2026-05-14,312.13110868872116,Оплачен
988,639,2026-01-18,711.3038457091664,Не оплачен
989,681,2026-01-24,555.1536012171,Не оплачен
990,151,2026-05-28,766.6852553982558,Оплачен
991,410,2026-02-17,584.6675202866786,Оплачен
992,47,2026-05-27,849.9900441644247,Оплачен
993,1012,2026-04-28,883.8431967006987,Оплачен
994,1027,2026-03-18,695.9379689519543,Не оплачен
995,322,2026-05-10,729.5635005575742,Оплачен
996,340,2026-02-21,397.28405543867717,Оплачен
997,180,2026-02-25,700.6016424551636,Оплачен
998,810,2026-04-14,732.2756536211374,Оплачен
999,822,2026-02-04,801.529420869225,Не оплачен
1000,1180,2026-03-29,109.05065263694102,Оплачен
1001,779,2026-02-21,549.3539838767495,Не оплачен
1002,361,2026-04-23,929.7214424417842,Не оплачен
1003,330,2026-02-12,135.82420218882925,Не оплачен
1004,548,2026-02-19,301.77288910650145,Оплачен
1005,58,2026-05-14,297.3789146613851,Оплачен
1006,322,2026-03-16,365.30167525900265,Оплачен
1007,579,2026-02-06,780.8833163890953,Оплачен
1008,373,2026-05-13,709.930187693018,Не оплачен
1009,835,2026-03-24,533.2174274252791,Не оплачен
1010,287,2026-04-12,382.53474801790355,Оплачен
1011,149,2026-05-07,280.210109875356,Не оплачен
1012,1069,2026-01-03,197.381738233503,Оплачен
1013,367,2026-03-04,318.78520855392327,Оплачен
1014,1105,2026-03-23,860.758844233403,Не оплачен
1015,1089,2026-04-18,347.9709874618936,Не оплачен
1016,448,2026-02-20,389.1149853839704,Не оплачен
1017,451,2026-04-22,342.4002491887446,Не оплачен
1018,435,2026-03-22,530.7613311810865,Не оплачен
1019,105,2026-04-11,959.5136289767859,Оплачен
1020,1106,2026-04-02,845.6428265202067,Оплачен
1021,693,2026-05-20,516.9047754439931,Оплачен
1022,378,2026-01-09,397.8160588077712,Не оплачен
1023,919,2026-01-24,394.590286930142,Не оплачен
1024,104,2026-04-30,799.6008375384426,Не оплачен
1025,949,2026-01-22,512.3711082282457,Оплачен
1026,178,2026-01-10,950.566155871994,Не оплачен
1027,241,2026-04-27,785.9704459730871,Не оплачен
1028,599,2026-02-25,369.8481369674962,Оплачен
1029,427,2026-01-20,597.3239736174307,Не оплачен
1030,1002,2026-03-10,513.8301693001531,Оплачен
1031,432,2026-05-09,713.0743013646177,Оплачен
1032,220,2026-04-19,630.8656667917103,Не оплачен
1033,1028,2026-04-15,928.7814383688818,Не оплачен
1034,786,2026-04-15,327.0924970903662,Оплачен
1035,1166,2026-02-04,714.3526015557305,Не оплачен
1036,658,2026-05-29,256.58674436510773,Оплачен
1037,1091,2026-05-19,334.5764320171625,Не оплачен
1038,1049,2026-01-07,213.1537479501646,Не оплачен
1039,527,2026-05-03,347.6802385084183,Не оплачен
1040,967,2026-02-24,979.8518155150158,Не оплачен
1041,446,2026-05-02,624.702161669436,Оплачен
1042,20,2026-03-03,488.39134958283717,Оплачен
1043,502,2026-01-09,709.236123708622,Не оплачен
1044,722,2026-02-09,523.2109255279081,Оплачен
1045,732,2026-02-02,910.6295364798121,Оплачен
1046,849,2026-03-15,729.1485795150758,Не оплачен
1047,478,2026-01-22,704.4766863185505,Не оплачен
1048,485,2026-03-14,653.492601072873,Не оплачен
1049,958,2026-02-02,917.4053635810906,Оплачен
1050,336,2026-02-28,841.0485639511278,Не оплачен
1051,872,2026-01-03,798.3547663662389,Оплачен
1052,867,2026-03-05,618.1252414579775,Оплачен
1053,425,2026-02-28,695.3298044759663,Оплачен
1054,333,2026-01-16,564.701518826489,Оплачен
1055,1080,2026-01-04,305.0121681969475,Не оплачен
1056,17,2026-01-02,370.7394785176842,Не оплачен
1057,1149,2026-04-01,916.818391443146,Оплачен
1058,836,2026-05-08,480.7877420515601,Не оплачен
1059,68,2026-02-06,889.6297515952461,Не оплачен
1060,249,2026-03-22,266.5083251363325,Оплачен
1061,925,2026-02-19,794.3922179753312,Оплачен
1062,651,2026-05-19,947.1112101652499,Не оплачен
1063,10,2026-04-11,610.6683211151978,Не оплачен
1064,53,2026-05-16,715.6875534575844,Не оплачен
1065,109,2026-01-21,438.51787338954546,Оплачен
1066,270,2026-01-19,576.3486951259263,Оплачен
1067,905,2026-01-02,623.0049478217411,Оплачен
1068,677,2026-02-22,126.76691267442362,Оплачен
1069,276,2026-05-16,773.3748668593348,Не оплачен
1070,780,2026-04-08,216.8970463254486,Оплачен
1071,69,2026-02-20,243.7290301187972,Оплачен
1072,825,2026-03-23,818.4524775741413,Оплачен
1073,658,2026-05-09,803.1992007541085,Не оплачен
1074,105,2026-02-28,553.9230666566276,Оплачен
1075,797,2026-01-09,227.0965408667163,Оплачен
1076,912,2026-05-20,247.36363790294453,Оплачен
1077,309,2026-05-04,674.6475311801121,Оплачен
1078,321,2026-01-29,420.3933862727929,Оплачен
1079,1063,2026-05-13,481.1187003634775,Оплачен
1080,496,2026-01-01,990.8364810425401,Не оплачен
1081,1083,2026-03-16,212.55820521342963,Оплачен
1082,159,2026-03-21,836.6014226530681,Не оплачен
1083,444,2026-01-12,713.0102467547088,Оплачен
1084,714,2026-03-04,395.5385575950541,Оплачен
1085,1177,2026-04-19,656.3376666866869,Оплачен
1086,960,2026-04-02,996.7356861460314,Не оплачен
1087,865,2026-04-02,592.5428867186736,Не оплачен
1088,1031,2026-01-30,908.0118689643651,Не оплачен
1089,217,2026-05-29,862.2559388593561,Оплачен
1090,747,2026-04-18,392.78470523270835,Не оплачен
1091,302,2026-01-27,783.9507221247059,Оплачен
1092,796,2026-03-19,399.70173743241213,Оплачен
1093,306,2026-01-20,887.6550179045367,Оплачен
1094,1010,2026-05-06,484.99791134462697,Оплачен
1095,636,2026-03-03,983.2300938613413,Оплачен
1096,892,2026-01-10,229.60888077856174,Не оплачен
1097,1077,2026-05-17,626.6180108843772,Оплачен
1098,462,2026-02-17,896.0119378186957,Оплачен
1099,751,2026-05-21,258.37600107975686,Не оплачен
1100,551,2026-04-03,824.0298262427149,Оплачен
1101,1046,2026-02-06,214.80174325214222,Оплачен
1102,555,2026-02-01,943.3441439139635,Оплачен
1103,1020,2026-04-04,344.1736629107329,Не оплачен
1104,746,2026-01-17,684.1178018192855,Оплачен
1105,928,2026-04-19,377.1826439712308,Оплачен
1106,280,2026-04-05,657.797353193818,Не оплачен
1107,575,2026-05-18,743.225174931824,Не оплачен
1108,978,2026-02-13,318.7608179106196,Оплачен
1109,112,2026-04-30,261.8631221020398,Не оплачен
1110,458,2026-04-28,436.3307752338757,Оплачен
1111,126,2026-02-21,323.989206150041,Не оплачен
1112,899,2026-03-18,234.8841032886186,Не оплачен
1113,978,2026-01-31,887.76437480368,Оплачен
1114,319,2026-01-15,377.6251415195167,Не оплачен
1115,721,2026-05-19,903.6556232619982,Не оплачен
1116,507,2026-04-14,487.9607872530674,Оплачен
1117,3,2026-03-26,910.0294231892393,Оплачен
1118,432,2026-03-26,735.7672210939343,Не оплачен
1119,277,2026-01-22,458.3867019744746,Оплачен
1120,269,2026-01-16,117.92117470927764,Оплачен
1121,1080,2026-01-06,643.4823813208676,Оплачен
1122,429,2026-04-12,567.4315487674602,Оплачен
1123,155,2026-02-16,417.6306026379544,Оплачен
1124,359,2026-01-24,736.6198966294188,Оплачен
1125,830,2026-01-29,970.7399101465777,Не оплачен
1126,1125,2026-02-28,885.7682158649258,Не оплачен
1127,418,2026-01-30,884.2940361010061,Оплачен
1128,672,2026-01-01,522.9549904273456,Не оплачен
1129,287,2026-04-04,235.9915680686964,Оплачен
1130,1005,2026-01-13,172.8740886195696,Оплачен
1131,15,2026-01-13,678.695020719525,Не оплачен
1132,69,2026-01-30,166.81196331292807,Оплачен
1133,71,2026-05-18,977.0295537141974,Оплачен
1134,148,2026-02-17,768.0669716640141,Не оплачен
1135,98,2026-02-01,596.4676956928017,Не оплачен
1136,455,2026-02-27,840.8965689525988,Оплачен
1137,179,2026-01-21,640.748110811075,Оплачен
1138,1035,2026-04-01,724.1612136657818,Оплачен
1139,794,2026-04-16,286.25310112958886,Оплачен
1140,123,2026-04-15,102.36706918315673,Оплачен
1141,452,2026-01-26,249.12445884085383,Не оплачен
1142,876,2026-04-07,502.9948264324453,Оплачен
1143,535,2026-03-13,938.4361211299362,Не оплачен
1144,183,2026-01-30,224.72741358893316,Оплачен
1145,449,2026-04-24,859.6484125620374,Не оплачен
1146,393,2026-02-28,195.19872257789086,Не оплачен
1147,492,2026-05-10,735.2866153586488,Оплачен
1148,965,2026-05-15,813.1958311240982,Не оплачен
1149,297,2026-04-29,560.3344493432664,Не оплачен
1150,475,2026-01-12,779.1964007983222,Оплачен
1151,130,2026-03-01,348.91108679252795,Оплачен
1152,275,2026-02-01,704.2207492384446,Не оплачен
1153,406,2026-05-16,170.17092937976702,Оплачен
1154,80,2026-01-24,239.39272534863946,Оплачен
1155,317,2026-03-16,857.0687762715817,Не оплачен
1156,182,2026-01-30,919.0213019341024,Не оплачен
1157,222,2026-03-24,301.4552890673643,Оплачен
1158,761,2026-03-31,612.2355604513854,Не оплачен
1159,548,2026-01-27,644.8734582166325,Не оплачен
1160,1015,2026-04-05,915.5771667520585,Не оплачен
1161,276,2026-04-18,654.7452398051656,Оплачен
1162,1057,2026-05-24,877.6891765533878,Не оплачен
1163,507,2026-03-07,205.17283561228342,Не оплачен
1164,952,2026-01-15,971.0721707625565,Не оплачен
1165,738,2026-01-29,906.6499765628776,Не оплачен
1166,356,2026-03-14,273.5629699867281,Не оплачен
1167,225,2026-02-18,567.5034646558591,Не оплачен
1168,648,2026-03-26,657.4927682452067,Оплачен
1169,1112,2026-03-21,511.4500049021224,Не оплачен
1170,808,2026-05-13,480.3687433953986,Не оплачен
1171,412,2026-04-14,277.5044419825599,Оплачен
1172,966,2026-01-21,519.4207148112515,Не оплачен
1173,584,2026-03-26,177.7407388938513,Не оплачен
1174,1198,2026-03-03,241.32524424941508,Не оплачен
1175,188,2026-05-21,478.5081182416168,Не оплачен
1176,749,2026-04-14,607.9033898045786,Оплачен
1177,18,2026-05-06,676.5593598532145,Не оплачен
1178,860,2026-02-28,977.788727784146,Оплачен
1179,959,2026-02-28,908.6481197464034,Не оплачен
1180,229,2026-02-25,472.58566694277556,Оплачен
1181,381,2026-05-27,203.63099248028948,Не оплачен
1182,394,2026-02-05,106.13754637554385,Оплачен
1183,411,2026-02-16,771.4103159127434,Не оплачен
1184,1154,2026-01-25,466.1210920621974,Оплачен
1185,622,2026-05-15,395.63260145906213,Оплачен
1186,89,2026-01-19,954.7248645558811,Не оплачен
1187,387,2026-03-22,801.6627364355363,Оплачен
1188,362,2026-04-10,667.8793850863009,Не оплачен
1189,333,2026-04-11,764.5438509500265,Не оплачен
1190,308,2026-03-17,970.0847809632746,Оплачен
1191,951,2026-02-03,924.834416207874,Не оплачен
1192,1135,2026-05-16,830.4715252593861,Не оплачен
1193,202,2026-05-26,422.7862908125588,Не оплачен
1194,182,2026-02-26,703.6902863863556,Не оплачен
1195,758,2026-04-29,384.712219927355,Не оплачен
1196,243,2026-01-10,996.7081070328917,Не оплачен
1197,496,2026-03-23,926.7660335968898,Оплачен
1198,420,2026-04-24,761.2370276993584,Оплачен
1199,675,2026-05-20,163.57313377367106,Не оплачен
1200,195,2026-02-02,228.79362610862836,Не оплачен
1201,277,2026-04-15,798.1293051418819,Оплачен
1202,783,2026-01-17,673.1197983078919,Оплачен
1203,1045,2026-05-16,305.4984688609321,Оплачен
1204,920,2026-05-04,183.9341689538678,Оплачен
1205,57,2026-01-09,832.8163687222147,Не оплачен
1206,255,2026-01-15,726.9103762707393,Не оплачен
1207,1049,2026-04-11,871.8385399104542,Оплачен
1208,127,2026-04-17,219.6760116846279,Не оплачен
1209,408,2026-04-08,920.4955592955132,Не оплачен
1210,898,2026-02-15,115.00656417328247,Оплачен
1211,911,2026-03-27,647.907631912483,Оплачен
1212,992,2026-04-05,607.584493413164,Не оплачен
1213,209,2026-03-30,187.0186755341811,Оплачен
1214,1154,2026-02-05,879.6591951183266,Не оплачен
1215,342,2026-04-21,588.0555778272251,Оплачен
1216,862,2026-01-12,361.3576448658554,Оплачен
1217,871,2026-04-24,308.9052267958067,Оплачен
1218,795,2026-05-14,258.7456213019756,Не оплачен
1219,1049,2026-01-30,118.40100599130939,Не оплачен
1220,484,2026-04-24,981.8309432064765,Оплачен
1221,639,2026-02-04,772.5349379650282,Оплачен
1222,333,2026-03-12,410.24008372965477,Не оплачен
1223,276,2026-05-15,687.1562490040734,Не оплачен
1224,545,2026-05-08,134.05406899207713,Оплачен
1225,990,2026-04-23,291.8010144947655,Оплачен
1226,295,2026-02-21,912.6142678335051,Не оплачен
1227,1035,2026-03-28,196.7197293375222,Оплачен
1228,1164,2026-02-21,321.01795101783557,Не оплачен
1229,316,2026-01-24,417.78735957736075,Не оплачен
1230,192,2026-01-12,519.3065809142388,Не оплачен
1231,2,2026-04-26,331.09323967706115,Оплачен
1232,138,2026-03-19,830.4708376640946,Не оплачен
1233,820,2026-05-23,230.72678840030224,Оплачен
1234,676,2026-05-18,190.86307953342038,Оплачен
1235,1044,2026-01-07,911.4508265077762,Не оплачен
1236,1073,2026-02-04,549.6915586678514,Оплачен
1237,221,2026-03-17,419.17314925570065,Оплачен
1238,172,2026-01-19,201.46757748053125,Оплачен
1239,430,2026-04-05,184.5534702058838,Не оплачен
1240,841,2026-01-03,508.3044339129445,Не оплачен
1241,825,2026-03-26,595.3568820344922,Оплачен
1242,337,2026-04-11,463.5075089187429,Не оплачен
1243,920,2026-01-12,546.1504599735615,Оплачен
1244,763,2026-03-02,399.20250740572686,Оплачен
1245,112,2026-03-20,656.5298386534049,Не оплачен
1246,904,2026-04-28,335.5322962966077,Не оплачен
1247,529,2026-04-23,179.51163246117164,Оплачен
1248,1024,2026-05-29,501.77261925839775,Оплачен
1249,1113,2026-02-06,701.99682090679,Оплачен
1250,873,2026-02-17,465.2677406061786,Оплачен
1251,895,2026-02-16,625.859849090875,Оплачен
1252,960,2026-05-08,300.583409729321,Не оплачен
1253,10,2026-01-05,420.31662649333225,Не оплачен
1254,312,2026-04-18,266.97198812146826,Оплачен
1255,499,2026-04-13,437.2696967376965,Оплачен
1256,760,2026-01-02,680.2301037009098,Оплачен
1257,562,2026-03-28,331.34179187178006,Не оплачен
1258,808,2026-03-22,687.2144704126868,Оплачен
1259,468,2026-01-22,209.8215653640611,Не оплачен
1260,617,2026-02-04,630.5381331850923,Оплачен
1261,423,2026-02-14,960.520741083657,Оплачен
1262,698,2026-03-28,873.1597689742321,Не оплачен
1263,785,2026-01-18,589.6071736906066,Не оплачен
1264,547,2026-02-17,938.341308847067,Оплачен
1265,938,2026-01-09,544.4227475200743,Не оплачен
1266,916,2026-04-17,881.3941198480208,Не оплачен
1267,271,2026-05-25,527.1506436440668,Оплачен
1268,469,2026-04-18,478.6616286184612,Не оплачен
1269,143,2026-04-13,319.4285695695176,Оплачен
1270,164,2026-04-02,212.80728257390538,Не оплачен
1271,568,2026-02-13,487.8782677973971,Оплачен
1272,695,2026-02-11,913.8929322047065,Оплачен
1273,429,2026-01-18,672.7763333271492,Оплачен
1274,126,2026-04-04,924.0402138607759,Не оплачен
1275,1003,2026-04-02,839.7506181207721,Оплачен
1276,371,2026-01-25,726.389523587503,Не оплачен
1277,838,2026-05-23,846.642118786898,Не оплачен
1278,248,2026-01-28,288.475572347234,Оплачен
1279,134,2026-01-14,263.17757677885197,Оплачен
1280,581,2026-04-13,842.4006024635565,Оплачен
1281,6,2026-02-02,902.590296942423,Не оплачен
1282,119,2026-05-10,105.23938072135789,Оплачен
1283,785,2026-03-30,375.7053020170403,Не оплачен
1284,674,2026-02-12,231.53537171170322,Не оплачен
1285,239,2026-01-20,496.42161388362524,Не оплачен
1286,375,2026-04-04,123.52960448472754,Оплачен
1287,365,2026-03-11,767.1282448332353,Оплачен
1288,269,2026-04-28,606.6205691166317,Не оплачен
1289,1160,2026-01-08,170.54845045214864,Не оплачен
1290,32,2026-02-02,838.5292765528701,Оплачен
1291,320,2026-04-18,897.2795196900614,Оплачен
1292,154,2026-04-07,646.2857660743275,Не оплачен
1293,542,2026-03-31,423.87500215987126,Не оплачен
1294,1161,2026-03-27,990.0352161698488,Не оплачен
1295,935,2026-01-11,226.4580316698004,Не оплачен
1296,864,2026-01-28,566.9434895288623,Не оплачен
1297,1106,2026-04-18,278.55804558604854,Оплачен
1298,427,2026-05-24,292.35410432627646,Не оплачен
1299,1159,2026-03-09,733.8254312828367,Не оплачен
1300,265,2026-03-15,377.4829280179298,Оплачен
1301,119,2026-03-01,338.41058895481535,Оплачен
1302,1080,2026-04-11,821.0475424496324,Оплачен
1303,678,2026-02-05,322.41445477921513,Не оплачен
1304,597,2026-01-05,676.3640103748673,Оплачен
1305,48,2026-04-24,323.7448855836002,Оплачен
1306,212,2026-02-20,674.3539815559685,Оплачен
1307,1163,2026-01-21,126.21950059962626,Оплачен
1308,149,2026-05-13,562.2823712146836,Не оплачен
1309,662,2026-01-08,581.9806261856073,Не оплачен
1310,694,2026-02-05,529.3416434837422,Не оплачен
1311,315,2026-05-18,901.0539088581116,Оплачен
1312,1159,2026-03-09,750.1136694019759,Не оплачен
1313,206,2026-03-03,269.311962728759,Оплачен
1314,720,2026-01-13,346.86286054345885,Оплачен
1315,1021,2026-03-24,874.4096853406263,Оплачен
1316,864,2026-03-23,666.0100858093472,Оплачен
1317,552,2026-04-18,342.9008897792204,Не оплачен
1318,864,2026-04-28,435.8256278887942,Оплачен
1319,1051,2026-03-18,671.1878762406236,Оплачен
1320,926,2026-02-02,337.1823745661609,Не оплачен
1321,808,2026-01-30,912.4466970759471,Оплачен
1322,1067,2026-05-24,575.8192400657897,Оплачен
1323,859,2026-03-22,484.0649766539579,Оплачен
1324,743,2026-03-07,245.48533579019332,Оплачен
1325,656,2026-02-20,479.96382510159583,Не оплачен
1326,967,2026-05-09,147.63542481779427,Оплачен
1327,708,2026-04-03,633.8958562683978,Не оплачен
1328,621,2026-03-24,603.2544581742102,Оплачен
1329,760,2026-02-13,749.6057652421172,Не оплачен
1330,945,2026-02-02,391.24782510161606,Оплачен
1331,876,2026-01-25,743.9438559616556,Не оплачен
1332,275,2026-03-25,568.5455242926247,Оплачен
1333,1117,2026-03-09,345.8432654423009,Оплачен
1334,445,2026-02-13,362.74160962811123,Оплачен
1335,646,2026-01-17,730.4304288939215,Не оплачен
1336,297,2026-03-16,780.2014819551144,Не оплачен
1337,179,2026-04-07,129.88952477201082,Не оплачен
1338,1147,2026-01-01,786.9478943960611,Не оплачен
1339,551,2026-03-27,213.4659496254559,Оплачен
1340,81,2026-02-11,682.7844946735961,Оплачен
1341,750,2026-04-01,180.71043731730083,Оплачен
1342,589,2026-04-20,615.3229391346,Оплачен
1343,1064,2026-05-10,597.6749897652269,Оплачен
1344,558,2026-03-31,255.28416439149802,Не оплачен
1345,918,2026-02-08,558.6312024136619,Не оплачен
1346,334,2026-02-12,110.49725639604412,Оплачен
1347,1010,2026-01-19,705.7737227255782,Оплачен
1348,51,2026-04-13,214.53895321528327,Оплачен
1349,70,2026-03-04,414.6886356351433,Не оплачен
1350,514,2026-05-13,977.0318558378851,Не оплачен
1351,752,2026-05-11,531.4740167549073,Оплачен
1352,676,2026-04-06,959.6157129081715,Оплачен
1353,1015,2026-05-04,466.89028517011553,Не оплачен
1354,257,2026-05-07,485.1027904753719,Не оплачен
1355,1024,2026-04-19,195.08983249006485,Не оплачен
1356,896,2026-05-29,877.307820821405,Оплачен
1357,469,2026-03-23,875.0632169873992,Не оплачен
1358,171,2026-02-12,904.9625204647194,Оплачен
1359,809,2026-03-04,852.7211439690849,Не оплачен
1360,1063,2026-03-06,238.36562066191163,Не оплачен
1361,232,2026-03-31,503.8730408397175,Оплачен
1362,607,2026-05-27,982.5089784766869,Оплачен
1363,87,2026-01-11,528.3051267838284,Не оплачен
1364,1148,2026-02-06,895.7322269695027,Оплачен
1365,925,2026-04-12,379.4717545263909,Не оплачен
1366,1059,2026-01-19,300.1216699313182,Оплачен
1367,881,2026-03-01,192.63053310416592,Не оплачен
1368,883,2026-02-24,781.4449017546189,Оплачен
1369,1076,2026-01-14,908.3887245922879,Оплачен
1370,394,2026-02-25,505.8954078488864,Не оплачен
1371,453,2026-02-18,418.6586692225093,Оплачен
1372,537,2026-02-21,856.4164394387366,Оплачен
1373,190,2026-05-23,769.3117966393302,Не оплачен
1374,1100,2026-05-08,916.4568450282665,Не оплачен
1375,889,2026-04-18,519.3252257082559,Оплачен
1376,60,2026-04-30,803.3422342009577,Не оплачен
1377,1180,2026-03-05,401.2867615882846,Не оплачен
1378,997,2026-04-20,532.7465399387958,Оплачен
1379,347,2026-02-24,249.32889200134494,Оплачен
1380,155,2026-05-13,255.92230974358736,Оплачен
1381,377,2026-03-26,573.9824712419461,Оплачен
1382,230,2026-02-27,217.9423124630568,Оплачен
1383,1192,2026-05-07,600.8705209933222,Не оплачен
1384,293,2026-05-05,350.2323399061188,Оплачен
1385,17,2026-03-21,417.7453687196914,Не оплачен
1386,171,2026-01-22,933.485831183877,Оплачен
1387,1046,2026-02-14,767.1324630699365,Не оплачен
1388,46,2026-01-14,326.4515257825866,Не оплачен
1389,800,2026-01-05,797.3288488203867,Оплачен
1390,142,2026-01-28,956.1569137841145,Оплачен
1391,601,2026-02-10,485.32172214073705,Оплачен
1392,529,2026-02-21,828.5232385003617,Оплачен
1393,727,2026-03-29,477.5854347091587,Оплачен
1394,535,2026-03-02,776.3459563347858,Оплачен
1395,722,2026-04-23,509.1562817433923,Не оплачен
1396,490,2026-02-07,321.7372530260507,Оплачен
1397,685,2026-04-06,776.4407603114486,Не оплачен
1398,243,2026-02-09,314.6157705274907,Оплачен
1399,163,2026-04-14,112.30049011083275,Не оплачен
1400,231,2026-05-06,791.5769055800424,Оплачен
1401,117,2026-02-21,274.02902615289685,Не оплачен
1402,221,2026-05-11,129.14224447671754,Не оплачен
1403,1077,2026-03-13,255.6833982754814,Оплачен
1404,653,2026-04-12,485.591638242384,Не оплачен
1405,920,2026-04-22,470.21205513411144,Не оплачен
1406,119,2026-02-26,498.09815800416857,Не оплачен
1407,105,2026-05-01,579.3933872289952,Оплачен
1408,986,2026-04-19,892.6191961641191,Оплачен
1409,489,2026-05-03,567.9841171391663,Оплачен
1410,658,2026-04-01,582.6362581144965,Оплачен
1411,294,2026-03-09,711.2785191409245,Не оплачен
1412,1109,2026-03-29,809.4864695409753,Не оплачен
1413,264,2026-04-12,612.2849551089313,Оплачен
1414,695,2026-03-14,488.3347892672009,Оплачен
1415,923,2026-02-26,184.67582487263178,Не оплачен
1416,665,2026-05-29,346.5495667302621,Не оплачен
1417,713,2026-01-29,944.7553730641545,Оплачен
1418,458,2026-03-01,944.8011831427424,Не оплачен
1419,788,2026-03-26,921.6676648375045,Оплачен
1420,663,2026-01-20,587.6392318811263,Не оплачен
1421,497,2026-03-20,557.2781902251668,Оплачен
1422,569,2026-05-17,616.8327108604971,Не оплачен
1423,545,2026-02-13,222.78898863282717,Не оплачен
1424,1131,2026-01-15,785.2068093972699,Не оплачен
1425,579,2026-04-17,370.9870485590816,Оплачен
1426,1065,2026-01-19,395.94072288299355,Оплачен
1427,1026,2026-02-21,373.1939905334348,Не оплачен
1428,441,2026-01-11,250.4706487664761,Оплачен
1429,451,2026-03-15,189.4653737270128,Оплачен
1430,406,2026-05-19,516.466951355549,Не оплачен
1431,136,2026-02-03,223.35818677407258,Оплачен
1432,403,2026-03-18,169.2067103979751,Оплачен
1433,510,2026-01-16,707.2503069708746,Не оплачен
1434,631,2026-05-19,826.3203688623604,Оплачен
1435,764,2026-03-04,822.2574812264057,Не оплачен
1436,809,2026-02-17,252.9210554305072,Не оплачен
1437,1082,2026-04-14,924.8953477415677,Оплачен
1438,974,2026-04-15,191.11409821348383,Оплачен
1439,1075,2026-01-15,934.1478137677603,Не оплачен
1440,200,2026-05-20,289.8231127368457,Оплачен
1441,196,2026-02-05,129.56323087622496,Оплачен
1442,569,2026-01-31,841.0976965227127,Не оплачен
1443,888,2026-01-25,847.5128918731507,Не оплачен
1444,921,2026-05-27,386.3820908921035,Не оплачен
1445,711,2026-03-17,830.5274738750658,Оплачен
1446,42,2026-04-11,934.9586772616052,Не оплачен
1447,48,2026-03-07,140.69457095255055,Не оплачен
1448,891,2026-04-24,795.2486294198699,Оплачен
1449,387,2026-03-31,298.3078798130397,Не оплачен
1450,346,2026-02-18,596.7363972274652,Не оплачен
1451,366,2026-05-13,917.3709933896637,Не оплачен
1452,970,2026-05-07,294.2649277000829,Не оплачен
1453,863,2026-02-17,971.695133415063,Не оплачен
1454,1026,2026-02-28,773.0025338616927,Не оплачен
1455,1033,2026-03-12,574.0351131986276,Не оплачен
1456,125,2026-02-13,547.4532467003573,Оплачен
1457,478,2026-03-29,806.9526512453192,Оплачен
1458,1166,2026-03-05,156.82305969076617,Оплачен
1459,787,2026-01-05,368.96343499766124,Оплачен
1460,561,2026-01-20,609.1754602859526,Оплачен
1461,258,2026-04-05,477.49268621821966,Оплачен
1462,247,2026-02-11,876.0633896205966,Оплачен
1463,266,2026-05-04,819.822735491943,Не оплачен
1464,936,2026-02-16,922.7034368803861,Не оплачен
1465,973,2026-04-20,205.2784163731686,Не оплачен
1466,928,2026-05-21,542.2955826170642,Не оплачен
1467,475,2026-04-20,435.6892228578132,Не оплачен
1468,418,2026-05-12,706.586650954912,Оплачен
1469,1053,2026-04-09,911.1034401542232,Не оплачен
1470,231,2026-04-12,810.428077613506,Не оплачен
1471,751,2026-01-28,619.8023806366317,Оплачен
1472,304,2026-04-24,753.8004501165605,Оплачен
1473,1189,2026-02-06,968.9416905378138,Не оплачен
1474,60,2026-03-22,868.418957983682,Оплачен
1475,501,2026-01-28,566.1637685657466,Не оплачен
1476,179,2026-02-03,483.1899201868303,Оплачен
1477,190,2026-04-01,612.8716976245156,Оплачен
1478,755,2026-02-08,543.4363884197023,Оплачен
1479,1074,2026-01-17,623.8731334101801,Не оплачен
1480,1086,2026-01-04,928.3854618015682,Оплачен
1481,1138,2026-04-24,578.7664572849876,Оплачен
1482,1062,2026-04-06,372.7450824390555,Не оплачен
1483,92,2026-04-20,768.0999884797811,Не оплачен
1484,648,2026-01-26,773.9979625292958,Не оплачен
1485,677,2026-05-24,496.1624525032318,Оплачен
1486,352,2026-04-04,802.4566446874327,Не оплачен
1487,611,2026-03-11,264.23605512549784,Оплачен
1488,583,2026-04-21,397.8829397429716,Оплачен
1489,787,2026-05-25,791.3463209234169,Не оплачен
1490,730,2026-03-02,808.0692375458431,Не оплачен
1491,826,2026-01-02,729.6953830312104,Не оплачен
1492,1096,2026-04-30,961.7103777742376,Не оплачен
1493,67,2026-01-19,841.412839302362,Оплачен
1494,816,2026-01-29,678.5155403010625,Оплачен
1495,637,2026-03-25,544.2988092833212,Не оплачен
1496,392,2026-02-05,991.104043870223,Оплачен
1497,886,2026-01-02,264.9530307889494,Оплачен
1498,35,2026-05-13,516.8099906690004,Оплачен
1499,234,2026-03-15,240.18322170376993,Не оплачен
1500,70,2026-03-12,154.714567571906,Оплачен
1501,673,2026-05-23,972.4480141468366,Не оплачен
1502,13,2026-03-19,441.2818261453813,Не оплачен
1503,361,2026-05-14,664.0696495653355,Не оплачен
1504,798,2026-02-07,593.7178421631877,Не оплачен
1505,720,2026-02-07,792.4663994686653,Не оплачен
1506,676,2026-02-23,949.2386938547905,Не оплачен
1507,215,2026-05-21,728.7774107423073,Не оплачен
1508,16,2026-04-23,639.404462399701,Не оплачен
1509,488,2026-05-12,629.852804313593,Не оплачен
1510,939,2026-03-16,129.2528743332444,Не оплачен
1511,123,2026-05-19,438.7730035090409,Оплачен
1512,596,2026-02-25,281.8134178744515,Не оплачен
1513,146,2026-03-20,699.7901552824592,Оплачен
1514,30,2026-02-20,510.22644464921984,Не оплачен
1515,232,2026-02-08,226.29126988035728,Не оплачен
1516,535,2026-03-18,489.96042073366596,Не оплачен
1517,932,2026-05-10,132.27002277793383,Оплачен
1518,199,2026-05-26,394.5034672620338,Не оплачен
1519,40,2026-04-25,500.26697551972933,Оплачен
1520,714,2026-02-05,371.41765306567896,Не оплачен
1521,476,2026-03-26,236.70545332723304,Оплачен
1522,373,2026-01-08,377.73192490547626,Не оплачен
1523,1178,2026-04-24,752.2388673416605,Не оплачен
1524,467,2026-02-12,271.1338243208969,Не оплачен
1525,407,2026-05-11,541.0780944009307,Оплачен
1526,256,2026-01-22,878.3201230623357,Оплачен
1527,477,2026-05-06,407.6052665733286,Не оплачен
1528,1162,2026-02-25,384.4645611480786,Оплачен
1529,1057,2026-01-04,276.4485101057634,Не оплачен
1530,1065,2026-04-02,546.1728908933609,Оплачен
1531,687,2026-02-22,787.5726662479896,Оплачен
1532,485,2026-02-07,142.12468935431332,Не оплачен
1533,854,2026-02-11,712.2851783421703,Оплачен
1534,919,2026-05-12,978.2890071093625,Оплачен
1535,402,2026-03-19,253.1657014793603,Оплачен
1536,719,2026-05-28,356.00313709098344,Оплачен
1537,127,2026-04-18,840.855542151056,Оплачен
1538,1075,2026-05-03,556.4946419080029,Оплачен
1539,1166,2026-03-01,507.5667725336745,Не оплачен
1540,54,2026-03-05,974.5596685521256,Оплачен
1541,251,2026-05-22,270.0520039943185,Оплачен
1542,1136,2026-04-03,371.10476946328987,Не оплачен
1543,262,2026-01-03,255.43204787978883,Не оплачен
1544,464,2026-02-12,186.54829047189907,Не оплачен
1545,319,2026-04-29,165.88441334933742,Не оплачен
1546,467,2026-02-27,939.6754823861484,Оплачен
1547,256,2026-03-15,827.5038784313404,Не оплачен
1548,225,2026-01-09,721.8281646635484,Не оплачен
1549,824,2026-05-24,505.67247951757673,Не оплачен
1550,480,2026-02-04,572.6818584178156,Не оплачен
1551,563,2026-03-23,671.4091050553274,Оплачен
1552,174,2026-04-29,881.8382185599905,Оплачен
1553,723,2026-02-23,364.2514327123534,Не оплачен
1554,152,2026-02-28,650.5336049091244,Не оплачен
1555,1086,2026-01-28,872.8047069740513,Не оплачен
1556,878,2026-04-29,571.4768717472255,Не оплачен
1557,32,2026-01-06,706.6466460885339,Оплачен
1558,803,2026-04-22,762.2056979461427,Оплачен
1559,871,2026-03-12,746.159768682962,Оплачен
1560,775,2026-01-12,723.7361891161821,Оплачен
1561,513,2026-05-14,110.04747503181805,Оплачен
1562,828,2026-05-25,804.9342764298541,Оплачен
1563,268,2026-05-27,552.4611972199225,Не оплачен
1564,685,2026-02-17,832.6486678431925,Оплачен
1565,662,2026-04-05,863.2124317282708,Не оплачен
1566,271,2026-01-09,991.9155166546116,Не оплачен
1567,907,2026-01-08,774.3562238791718,Оплачен
1568,806,2026-05-16,924.8882698968188,Оплачен
1569,440,2026-01-10,130.30771090389095,Не оплачен
1570,140,2026-01-22,495.0822800024028,Не оплачен
1571,208,2026-05-28,445.4489417288405,Оплачен
1572,355,2026-01-05,667.9025748300725,Оплачен
1573,1179,2026-04-26,639.5352863981722,Оплачен
1574,731,2026-03-23,279.8667859848306,Оплачен
1575,297,2026-03-11,540.1367234558436,Оплачен
1576,515,2026-04-09,317.25139778626965,Оплачен
1577,675,2026-03-28,784.7826535971727,Оплачен
1578,1116,2026-05-17,933.5718549277167,Не оплачен
1579,1011,2026-02-15,802.4353494728241,Оплачен
1580,244,2026-03-27,625.7755829753796,Оплачен
1581,677,2026-05-07,330.4294855183764,Оплачен
1582,70,2026-03-26,539.1127207507263,Не оплачен
1583,251,2026-03-12,865.6727986163123,Оплачен
1584,255,2026-04-06,915.8525873171554,Не оплачен
1585,770,2026-05-15,722.2911069069664,Оплачен
1586,659,2026-05-21,151.51214318526527,Оплачен
1587,463,2026-02-22,337.19645370961643,Не оплачен
1588,262,2026-05-10,962.3222608951314,Оплачен
1589,662,2026-05-28,171.77182894907025,Оплачен
1590,1013,2026-03-29,360.4020847632489,Оплачен
1591,476,2026-01-06,498.39711995895533,Не оплачен
1592,669,2026-02-14,550.3124441346868,Не оплачен
1593,402,2026-02-15,962.2820333697334,Оплачен
1594,511,2026-02-28,289.1521736338202,Не оплачен
1595,194,2026-05-09,690.5045081376909,Оплачен
1596,293,2026-05-29,176.52738748532008,Не оплачен
1597,251,2026-01-11,903.7337183695929,Оплачен
1598,10,2026-05-02,360.80465656580776,Оплачен
1599,422,2026-01-30,576.522583307182,Не оплачен
1600,262,2026-04-02,122.55464305693128,Оплачен
1601,999,2026-01-11,989.7455197884403,Оплачен
1602,428,2026-01-31,630.4589684501116,Оплачен
1603,427,2026-02-15,669.6143413255883,Оплачен
1604,402,2026-01-31,408.3301475693135,Оплачен
1605,93,2026-03-13,539.8287071752611,Не оплачен
1606,699,2026-04-19,920.5844795381192,Не оплачен
1607,226,2026-03-03,587.2551079685331,Не оплачен
1608,327,2026-02-03,268.00045162490494,Не оплачен
1609,689,2026-04-26,418.16780739466475,Оплачен
1610,60,2026-04-16,954.354190127924,Не оплачен
1611,351,2026-01-27,941.2173805765468,Оплачен
1612,341,2026-03-25,720.4205257750282,Оплачен
1613,822,2026-05-08,411.0337335754443,Не оплачен
1614,63,2026-01-25,830.3652937132742,Не оплачен
1615,830,2026-05-25,100.46099275631587,Не оплачен
1616,359,2026-01-19,989.6650840629873,Оплачен
1617,142,2026-01-20,164.91032862169794,Оплачен
1618,401,2026-05-07,242.79885900050797,Не оплачен
1619,1007,2026-01-17,149.01386986396741,Оплачен
1620,531,2026-05-08,103.11367540226173,Не оплачен
1621,466,2026-05-05,264.0149559632379,Не оплачен
1622,298,2026-02-19,531.3757839391888,Не оплачен
1623,704,2026-05-15,921.5770377240294,Не оплачен
1624,641,2026-04-18,189.1513297762674,Оплачен
1625,79,2026-03-14,567.8133722867005,Оплачен
1626,235,2026-01-02,650.1452429352961,Не оплачен
1627,975,2026-02-18,941.9051161765999,Оплачен
1628,95,2026-05-08,802.078769644296,Не оплачен
1629,132,2026-01-31,165.3365225185415,Не оплачен
1630,122,2026-04-19,410.52553330146975,Оплачен
1631,565,2026-02-17,786.1744832619858,Не оплачен
1632,1200,2026-03-13,989.7251616117503,Не оплачен
1633,28,2026-01-21,589.6855096598144,Оплачен
1634,290,2026-01-03,484.1802929358689,Не оплачен
1635,376,2026-03-26,380.28797573650337,Не оплачен
1636,684,2026-02-07,657.4346470525597,Не оплачен
1637,626,2026-05-24,598.1314481595689,Не оплачен
1638,785,2026-01-18,768.5705242753461,Оплачен
1639,121,2026-03-16,689.5621120559567,Оплачен
1640,499,2026-03-24,733.6722233365456,Оплачен
1641,1174,2026-04-13,679.7717636011174,Оплачен
1642,972,2026-04-19,529.3631915774141,Не оплачен
1643,19,2026-04-19,385.5214982300493,Оплачен
1644,727,2026-04-10,427.88206878519026,Оплачен
1645,1026,2026-02-27,567.2815313552693,Не оплачен
1646,603,2026-01-26,957.659026206756,Оплачен
1647,19,2026-01-28,124.66596919140945,Оплачен
1648,1124,2026-05-12,747.0468556782141,Оплачен
1649,683,2026-05-14,998.2342782260669,Оплачен
1650,747,2026-02-10,170.18114346493286,Не оплачен
1651,1128,2026-01-06,936.1790985943024,Оплачен
1652,354,2026-02-21,915.8960038356215,Не оплачен
1653,861,2026-02-24,180.91965876520834,Не оплачен
1654,70,2026-03-12,710.355579329997,Оплачен
1655,797,2026-04-01,845.2980208602585,Оплачен
1656,705,2026-01-11,939.4915131878291,Оплачен
1657,494,2026-01-21,939.3810594244303,Не оплачен
1658,374,2026-01-07,732.998579693149,Оплачен
1659,569,2026-05-22,442.614807568579,Оплачен
1660,212,2026-05-10,164.56210834178432,Не оплачен
1661,687,2026-04-24,296.90754844323163,Не оплачен
1662,866,2026-01-21,451.2163385882346,Не оплачен
1663,102,2026-01-01,906.401759459314,Оплачен
1664,858,2026-02-07,320.92566412891756,Не оплачен
1665,108,2026-03-29,499.4416111032739,Не оплачен
1666,460,2026-02-16,819.8964076344472,Не оплачен
1667,421,2026-01-30,454.15297007118414,Не оплачен
1668,157,2026-01-14,342.42367613498413,Оплачен
1669,837,2026-02-18,611.3373469141256,Оплачен
1670,139,2026-01-30,740.4715660573967,Оплачен
1671,879,2026-02-21,855.2380607928256,Не оплачен
1672,1059,2026-04-18,148.75353421481555,Оплачен
1673,822,2026-02-16,296.4024398871838,Оплачен
1674,46,2026-01-28,283.5552271314455,Оплачен
1675,708,2026-03-22,409.78952363106464,Оплачен
1676,61,2026-03-18,828.460861744002,Оплачен
1677,785,2026-02-23,247.829123837583,Оплачен
1678,555,2026-05-17,140.8488804617529,Не оплачен
1679,537,2026-01-09,333.5114891196598,Не оплачен
1680,340,2026-04-13,825.677857434654,Не оплачен
1681,1176,2026-02-16,243.238740366673,Оплачен
1682,1037,2026-04-21,737.7623190910492,Оплачен
1683,814,2026-01-13,948.8224314266021,Оплачен
1684,204,2026-01-03,464.1646263053894,Оплачен
1685,650,2026-02-10,275.9916814156018,Оплачен
1686,549,2026-03-08,501.29436522569335,Оплачен
1687,255,2026-01-17,841.4484958029863,Оплачен
1688,994,2026-04-13,658.6785852339468,Оплачен
1689,443,2026-05-27,685.008410200163,Оплачен
1690,739,2026-01-27,412.2752564516453,Оплачен
1691,30,2026-04-03,126.4601235168999,Не оплачен
1692,807,2026-04-15,458.8319389318864,Не оплачен
1693,860,2026-04-06,588.1865506677116,Не оплачен
1694,1108,2026-04-30,229.4091352895807,Оплачен
1695,667,2026-02-03,264.170303982705,Оплачен
1696,1002,2026-03-04,720.1400665020858,Оплачен
1697,211,2026-03-07,301.956505158484,Не оплачен
1698,569,2026-04-06,849.980014050553,Не оплачен
1699,198,2026-01-01,512.9536410633106,Не оплачен
1700,77,2026-04-20,983.5878823375308,Не оплачен
1701,1200,2026-04-30,205.42561358996966,Не оплачен
1702,77,2026-04-26,880.1178611120938,Не оплачен
1703,1044,2026-04-17,201.96138528943214,Не оплачен
1704,969,2026-04-20,507.56002121284513,Не оплачен
1705,491,2026-02-25,471.4996413678028,Не оплачен
1706,421,2026-05-21,656.0766864033488,Не оплачен
1707,747,2026-04-27,195.10780100781983,Оплачен
1708,731,2026-05-29,926.4287145512651,Не оплачен
1709,101,2026-05-02,351.70823482878603,Не оплачен
1710,695,2026-01-01,339.0434346554433,Оплачен
1711,350,2026-02-02,225.9051308743147,Оплачен
1712,912,2026-02-09,700.4479379252069,Оплачен
1713,1175,2026-04-05,465.5593313674634,Не оплачен
1714,764,2026-05-19,428.79840282616226,Оплачен
1715,375,2026-01-28,324.7931603856532,Не оплачен
1716,1145,2026-03-03,646.159090862093,Не оплачен
1717,1147,2026-03-23,553.8995485509249,Оплачен
1718,334,2026-04-20,460.9003875416214,Оплачен
1719,498,2026-05-01,181.59913176643306,Оплачен
1720,82,2026-02-25,422.84264889425435,Оплачен
1721,638,2026-01-26,850.8293549435155,Оплачен
1722,770,2026-04-12,363.30981433757916,Оплачен
1723,1124,2026-05-23,806.109747252203,Оплачен
1724,778,2026-02-11,121.4064895902256,Оплачен
1725,991,2026-05-03,637.3389681751763,Оплачен
1726,718,2026-04-17,849.5911625716694,Не оплачен
1727,1059,2026-03-14,470.09144595805026,Не оплачен
1728,129,2026-04-12,840.5350939017014,Оплачен
1729,850,2026-01-09,286.3666084947588,Оплачен
1730,101,2026-02-28,128.83651277874714,Не оплачен
1731,1064,2026-03-22,130.8375588855929,Оплачен
1732,159,2026-05-26,139.09885108793958,Не оплачен
1733,34,2026-02-14,561.4197980091649,Оплачен
1734,552,2026-01-24,643.7091342052754,Оплачен
1735,369,2026-01-11,462.9253709411386,Не оплачен
1736,27,2026-02-04,890.1583507265882,Не оплачен
1737,1021,2026-03-13,711.245668455813,Оплачен
1738,81,2026-03-30,292.6512071038352,Оплачен
1739,379,2026-04-13,491.58348785978507,Не оплачен
1740,729,2026-02-22,670.3181594763433,Не оплачен
1741,671,2026-04-19,954.3168753778298,Оплачен
1742,1137,2026-04-07,117.72453272108166,Оплачен
1743,467,2026-03-07,457.8793567242313,Не оплачен
1744,767,2026-02-24,451.7181975820686,Не оплачен
1745,617,2026-01-23,810.0782780545774,Не оплачен
1746,375,2026-04-13,622.0445671537763,Не оплачен
1747,580,2026-05-04,476.8839833578816,Оплачен
1748,118,2026-05-18,547.4379927422619,Оплачен
1749,759,2026-03-21,964.1552165035234,Не оплачен
1750,24,2026-04-18,674.4031433969751,Не оплачен
1751,112,2026-01-19,681.7366078395414,Не оплачен
1752,576,2026-02-09,615.9437966241967,Не оплачен
1753,104,2026-05-01,983.6574702157689,Оплачен
1754,826,2026-01-07,794.4713355205438,Оплачен
1755,436,2026-04-16,991.5512142311478,Не оплачен
1756,313,2026-02-27,249.8369621243204,Не оплачен
1757,595,2026-04-02,922.0178677846643,Оплачен
1758,250,2026-02-21,722.28304667454,Не оплачен
1759,953,2026-02-16,582.1524269429484,Не оплачен
1760,610,2026-03-23,968.862796118636,Оплачен
1761,754,2026-05-22,424.63329943548155,Не оплачен
1762,428,2026-04-14,143.69260105784338,Оплачен
1763,944,2026-02-09,585.4300855051182,Не оплачен
1764,896,2026-04-10,776.0570708702078,Оплачен
1765,211,2026-03-09,762.7595051129429,Не оплачен
1766,1157,2026-03-18,643.0318669424288,Оплачен
1767,78,2026-04-24,827.3647102865697,Оплачен
1768,474,2026-03-15,209.31942266231647,Оплачен
1769,741,2026-02-01,751.4365199654515,Не оплачен
1770,889,2026-01-02,795.6661542266356,Не оплачен
1771,777,2026-05-29,825.0155428842936,Не оплачен
1772,1146,2026-05-12,549.8956692109682,Не оплачен
1773,865,2026-04-21,189.78044155916638,Не оплачен
1774,355,2026-03-11,717.1517769865521,Не оплачен
1775,230,2026-02-16,963.1855429342212,Оплачен
1776,68,2026-04-21,363.0794833990143,Не оплачен
1777,468,2026-03-07,587.3916192393627,Оплачен
1778,952,2026-04-09,221.86277185583023,Не оплачен
1779,377,2026-01-14,472.85616843643203,Не оплачен
1780,976,2026-04-27,522.9785762987094,Не оплачен
1781,679,2026-02-15,705.972582145758,Не оплачен
1782,316,2026-02-27,668.0115603001618,Не оплачен
1783,176,2026-04-02,498.83906626202145,Оплачен
1784,837,2026-03-17,318.7635043395304,Не оплачен
1785,161,2026-02-25,780.3350609334408,Не оплачен
1786,827,2026-03-07,881.3956409011838,Не оплачен
1787,503,2026-01-05,626.4026018823371,Оплачен
1788,61,2026-03-15,759.8638934722851,Не оплачен
1789,248,2026-05-02,614.3955457050859,Оплачен
1790,379,2026-05-20,987.1482127805895,Оплачен
1791,1044,2026-03-11,210.85211280901854,Не оплачен
1792,685,2026-03-24,845.1373226103353,Оплачен
1793,807,2026-05-12,340.79451994309716,Оплачен
1794,1108,2026-04-25,334.8155822675959,Оплачен
1795,114,2026-05-25,921.4162441571492,Оплачен
1796,114,2026-05-02,326.2376709218803,Оплачен
1797,684,2026-05-13,652.5997985380504,Оплачен
1798,564,2026-01-27,662.943802413058,Оплачен
1799,896,2026-02-12,765.2743949680206,Оплачен
1800,276,2026-05-09,576.1196327078893,Не оплачен
1801,1061,2026-04-24,202.26972629904014,Не оплачен
1802,45,2026-05-18,138.57741231429023,Не оплачен
1803,431,2026-05-03,293.75601463224297,Оплачен
1804,625,2026-03-07,280.0311737141891,Оплачен
1805,99,2026-02-01,489.8289600797243,Оплачен
1806,59,2026-04-05,238.31630956427946,Оплачен
1807,239,2026-05-02,221.76314954470425,Оплачен
1808,148,2026-02-16,948.0823754758632,Оплачен
1809,960,2026-01-10,125.11160671028276,Не оплачен
1810,998,2026-02-20,368.7355476458591,Не оплачен
1811,475,2026-02-23,154.69518197707131,Оплачен
1812,944,2026-01-15,202.57818684473244,Оплачен
1813,1104,2026-04-18,652.7479641834755,Не оплачен
1814,785,2026-01-22,444.62579000512875,Оплачен
1815,653,2026-03-05,194.04890289790066,Оплачен
1816,56,2026-05-19,251.5769952227622,Не оплачен
1817,685,2026-04-08,309.0718080022932,Оплачен
1818,731,2026-01-14,499.79373499075916,Оплачен
1819,476,2026-01-02,380.5522017140393,Не оплачен
1820,485,2026-05-11,632.615433855951,Оплачен
1821,986,2026-02-08,124.76922201137478,Оплачен
1822,1027,2026-05-20,519.512827630125,Не оплачен
1823,928,2026-04-14,719.2991611246969,Оплачен
1824,1199,2026-01-17,928.7526505312043,Не оплачен
1825,967,2026-05-16,691.634048362889,Оплачен
1826,863,2026-02-23,670.7837570068895,Оплачен
1827,1186,2026-03-13,691.264529314063,Не оплачен
1828,2,2026-03-15,716.5075489702011,Оплачен
1829,438,2026-05-23,741.1972680037976,Не оплачен
1830,612,2026-03-18,961.367834018876,Не оплачен
1831,332,2026-04-07,111.88218430896319,Оплачен
1832,269,2026-03-03,869.8786340563928,Не оплачен
1833,228,2026-04-12,549.5381873265447,Оплачен
1834,600,2026-02-01,639.8348028809274,Оплачен
1835,454,2026-01-06,393.7139485694306,Не оплачен
1836,822,2026-04-12,407.680686374681,Оплачен
1837,893,2026-01-03,954.6130759855773,Оплачен
1838,512,2026-04-28,585.0538960600052,Не оплачен
1839,590,2026-04-20,102.08808488007915,Оплачен
1840,781,2026-01-31,335.57479326494325,Оплачен
1841,171,2026-04-08,423.2125080301785,Не оплачен
1842,199,2026-02-22,392.283720412754,Оплачен
1843,251,2026-04-09,949.3006721704767,Оплачен
1844,231,2026-02-11,656.6438687972123,Не оплачен
1845,840,2026-04-01,467.02361391344306,Не оплачен
1846,706,2026-02-25,572.8355961543668,Оплачен
1847,544,2026-04-30,110.01151274905885,Оплачен
1848,1063,2026-01-25,848.7766439216981,Оплачен
1849,1131,2026-04-29,944.4441961990204,Оплачен
1850,31,2026-02-01,321.37854124380476,Не оплачен
1851,240,2026-04-09,302.68568629922936,Оплачен
1852,108,2026-03-24,684.2064962991161,Не оплачен
1853,1190,2026-03-14,868.3111062042215,Не оплачен
1854,671,2026-01-23,668.8888768334167,Оплачен
1855,763,2026-03-19,345.70451315053117,Оплачен
1856,2,2026-01-06,865.7585608334974,Оплачен
1857,926,2026-02-18,178.05014870442778,Не оплачен
1858,727,2026-04-28,185.41517133282503,Не оплачен
1859,441,2026-02-04,153.65608993981718,Не оплачен
1860,34,2026-05-24,200.57426861170728,Не оплачен
1861,265,2026-01-06,338.05981359854735,Оплачен
1862,1030,2026-04-25,208.02528903949428,Оплачен
1863,263,2026-01-31,937.2670851368761,Не оплачен
1864,740,2026-04-03,623.0311920461492,Оплачен
1865,580,2026-05-22,909.2442798317378,Оплачен
1866,26,2026-04-04,583.7903231694131,Не оплачен
1867,702,2026-03-13,589.3711848351696,Не оплачен
1868,125,2026-03-15,545.5786024905385,Не оплачен
1869,1036,2026-02-03,182.95803109469023,Не оплачен
1870,371,2026-04-29,279.77106518185167,Не оплачен
1871,126,2026-02-18,914.1155381174282,Не оплачен
1872,107,2026-02-19,299.43715358396196,Оплачен
1873,415,2026-04-15,792.622377546052,Оплачен
1874,682,2026-04-09,447.5066118667465,Не оплачен
1875,1085,2026-04-10,777.1539625779777,Не оплачен
1876,289,2026-02-04,942.5330110876745,Не оплачен
1877,666,2026-05-02,628.260637447307,Оплачен
1878,286,2026-05-24,460.7658767846281,Оплачен
1879,394,2026-05-16,459.45536406342353,Оплачен
1880,680,2026-03-04,781.6558245549921,Оплачен
1881,721,2026-03-21,334.674850757335,Оплачен
1882,650,2026-02-08,604.7572667412873,Оплачен
1883,717,2026-03-23,300.48572229079116,Оплачен
1884,613,2026-04-29,556.2112440811411,Оплачен
1885,748,2026-03-02,944.1433310368533,Не оплачен
1886,452,2026-03-14,307.5919477581646,Не оплачен
1887,1139,2026-03-31,220.82732999181147,Не оплачен
1888,1087,2026-03-23,445.73810212638284,Оплачен
1889,332,2026-05-13,501.4310546427061,Оплачен
1890,273,2026-03-22,704.2653855065076,Не оплачен
1891,1036,2026-02-07,752.9306393923956,Не оплачен
1892,843,2026-01-14,609.6959133820484,Оплачен
1893,448,2026-02-19,780.0493114994975,Оплачен
1894,260,2026-02-18,656.6118639725112,Оплачен
1895,670,2026-03-26,147.97802085106684,Оплачен
1896,348,2026-05-05,374.4640447587866,Оплачен
1897,924,2026-02-03,375.6202159807184,Оплачен
1898,865,2026-04-27,888.8305400868794,Оплачен
1899,154,2026-01-04,595.1708832309889,Оплачен
1900,1199,2026-01-18,610.9811692624913,Не оплачен
1901,38,2026-05-11,405.3649800056928,Не оплачен
1902,990,2026-04-12,854.3551304105844,Оплачен
1903,88,2026-03-11,753.5641990207764,Не оплачен
1904,127,2026-04-01,408.87901050794466,Оплачен
1905,5,2026-01-17,169.25296036692885,Оплачен
1906,60,2026-01-19,338.8527281137633,Не оплачен
1907,652,2026-01-11,357.3144208556365,Оплачен
1908,924,2026-05-24,243.9535889524953,Оплачен
1909,385,2026-04-24,800.5973455426684,Не оплачен
1910,908,2026-01-03,797.1787578155783,Оплачен
1911,203,2026-02-11,333.29013611982236,Оплачен
1912,753,2026-01-17,679.8107114049196,Оплачен
1913,1060,2026-02-24,640.1061840471358,Оплачен
1914,1126,2026-01-20,181.95784452831305,Не оплачен
1915,449,2026-04-26,988.4724840425367,Не оплачен
1916,231,2026-03-26,124.5480125899947,Не оплачен
1917,433,2026-02-05,649.3223958945778,Оплачен
1918,778,2026-05-20,831.1205287179422,Оплачен
1919,538,2026-03-12,142.01552736861424,Не оплачен
1920,742,2026-03-08,629.1278399813026,Оплачен
1921,373,2026-02-18,776.9869664021392,Оплачен
1922,114,2026-01-23,321.89360911881533,Оплачен
1923,127,2026-02-22,818.4350821845987,Оплачен
1924,1106,2026-03-28,696.3568770025531,Не оплачен
1925,1067,2026-02-09,397.0250628164708,Оплачен
1926,547,2026-03-12,335.86658071198997,Не оплачен
1927,1183,2026-01-20,404.91095750135514,Не оплачен
1928,142,2026-02-18,195.32062129295235,Оплачен
1929,256,2026-04-17,495.3778985934788,Оплачен
1930,500,2026-02-10,580.6274997595244,Оплачен
1931,192,2026-03-27,349.64039484208945,Не оплачен
1932,1067,2026-02-19,374.5230182796462,Не оплачен
1933,899,2026-05-06,226.27093654167578,Не оплачен
1934,264,2026-04-24,891.4273397586217,Оплачен
1935,538,2026-03-05,469.1961502600916,Не оплачен
1936,338,2026-05-17,754.2785589540599,Не оплачен
1937,1149,2026-02-21,800.7031723479215,Оплачен
1938,381,2026-05-21,769.8934281813333,Оплачен
1939,27,2026-03-22,452.6738179610961,Оплачен
1940,968,2026-05-21,450.10115138046467,Не оплачен
1941,796,2026-05-12,709.9869510565891,Оплачен
1942,608,2026-02-11,715.4550147281101,Оплачен
1943,171,2026-04-03,998.0054535237389,Не оплачен
1944,71,2026-01-25,391.3613266863314,Оплачен
1945,1123,2026-05-01,948.1673651161635,Не оплачен
1946,544,2026-02-25,870.3442714673871,Не оплачен
1947,262,2026-05-08,695.8261859230103,Оплачен
1948,794,2026-01-31,519.9659922784373,Оплачен
1949,1167,2026-03-31,930.0160303372795,Не оплачен
1950,678,2026-05-16,345.3917424444861,Не оплачен
1951,766,2026-03-22,696.2249675406628,Оплачен
1952,1020,2026-01-22,411.99287254921444,Не оплачен
1953,942,2026-02-25,941.7682274970633,Не оплачен
1954,1033,2026-04-25,505.34128171105885,Не оплачен
1955,134,2026-04-24,726.8149425173258,Оплачен
1956,446,2026-03-11,513.7403129015077,Не оплачен
1957,427,2026-01-02,615.7111447710091,Оплачен
1958,391,2026-01-14,997.5909835064341,Оплачен
1959,350,2026-03-08,467.2905583647462,Оплачен
1960,396,2026-01-20,315.4527210631192,Оплачен
1961,60,2026-02-21,634.2230160258812,Оплачен
1962,930,2026-03-28,592.5774194039815,Оплачен
1963,458,2026-03-28,377.50949936004946,Не оплачен
1964,53,2026-04-22,820.9054330015922,Не оплачен
1965,820,2026-02-25,904.9338763075651,Не оплачен
1966,1170,2026-02-15,563.1553037938523,Не оплачен
1967,657,2026-05-22,680.7225541972879,Не оплачен
1968,290,2026-05-24,629.0421323356574,Не оплачен
1969,528,2026-03-10,693.5739846377217,Оплачен
1970,221,2026-05-08,469.92729497213026,Не оплачен
1971,270,2026-02-23,205.69509508818072,Оплачен
1972,509,2026-05-29,666.1573144100057,Не оплачен
1973,1102,2026-04-04,316.99161686990465,Не оплачен
1974,1148,2026-03-10,149.61359241775423,Оплачен
1975,788,2026-04-23,964.9741080809549,Не оплачен
1976,503,2026-03-29,117.11536705707945,Не оплачен
1977,822,2026-03-31,386.115485161846,Не оплачен
1978,413,2026-05-05,624.5615926760548,Не оплачен
1979,949,2026-01-10,827.9072767053196,Не оплачен
1980,445,2026-02-01,895.6053904681166,Не оплачен
1981,608,2026-04-10,848.5549557200428,Оплачен
1982,469,2026-04-08,648.8010372420546,Оплачен
1983,79,2026-04-27,202.5551144537208,Оплачен
1984,837,2026-02-09,182.0246847831197,Оплачен
1985,640,2026-01-01,996.4053834998977,Не оплачен
1986,578,2026-05-20,907.7906473342389,Не оплачен
1987,482,2026-04-27,843.6248827863627,Не оплачен
1988,974,2026-04-12,132.13843106108854,Оплачен
1989,334,2026-05-26,764.5151127475962,Оплачен
1990,281,2026-05-23,165.10405891757358,Не оплачен
1991,750,2026-03-02,494.57251091789647,Не оплачен
1992,182,2026-02-16,720.9807823114307,Не оплачен
1993,244,2026-04-10,964.730236222467,Оплачен
1994,631,2026-05-17,923.7603229022374,Не оплачен
1995,911,2026-04-30,352.75568599054475,Не оплачен
1996,373,2026-02-21,977.217255694854,Не оплачен
1997,466,2026-05-16,476.2981912054288,Оплачен
1998,387,2026-02-08,235.3833486186193,Не оплачен
1999,459,2026-04-18,533.7952485147623,Не оплачен
2000,547,2026-01-12,957.4467380504412,Не оплачен
2001,1057,2026-03-01,432.89765024392324,Не оплачен
2002,78,2026-01-14,755.2225175621143,Не оплачен
2003,407,2026-01-01,642.8661025137246,Оплачен
2004,741,2026-05-05,251.96575157452097,Не оплачен
2005,846,2026-01-22,646.9373660957204,Не оплачен
2006,1071,2026-03-18,752.9923498994298,Оплачен
2007,649,2026-01-12,784.000543712716,Не оплачен
2008,990,2026-03-22,938.3513731945359,Оплачен
2009,666,2026-01-23,254.15992108033214,Оплачен
2010,507,2026-04-30,687.0015521302043,Не оплачен
2011,218,2026-01-16,329.5180386530323,Не оплачен
2012,21,2026-05-04,214.62720506613982,Не оплачен
2013,449,2026-04-10,969.5082401519064,Оплачен
2014,850,2026-04-18,371.4083334437777,Оплачен
2015,906,2026-04-23,953.2093697816207,Оплачен
2016,727,2026-05-01,899.7666641276147,Не оплачен
2017,1009,2026-04-30,999.565764904221,Не оплачен
2018,15,2026-04-01,303.5461112039414,Не оплачен
2019,247,2026-04-02,251.16513207486256,Не оплачен
2020,496,2026-05-11,625.4688590741603,Оплачен
2021,437,2026-02-07,719.3057508534453,Не оплачен
2022,1088,2026-05-15,673.0294981843662,Не оплачен
2023,1025,2026-01-03,926.7654010970376,Не оплачен
2024,343,2026-05-23,684.9576142328434,Не оплачен
2025,516,2026-05-02,822.0844357786877,Не оплачен
2026,228,2026-04-23,199.11312217688445,Не оплачен
2027,723,2026-05-27,332.0325770569983,Не оплачен
2028,788,2026-04-16,156.84187351045466,Оплачен
2029,60,2026-05-09,520.6589547906353,Не оплачен
2030,640,2026-02-02,334.3792221167047,Оплачен
2031,511,2026-05-26,333.81195461291804,Оплачен
2032,867,2026-03-03,501.99816615350954,Оплачен
2033,1074,2026-01-22,864.3293899223485,Не оплачен
2034,358,2026-01-31,945.5348887413328,Не оплачен
2035,512,2026-04-03,372.53295882600634,Оплачен
2036,824,2026-03-14,815.6428915602601,Оплачен
2037,23,2026-03-18,329.1277051985798,Не оплачен
2038,843,2026-03-10,761.2332842432637,Не оплачен
2039,1083,2026-03-12,245.48673109171543,Не оплачен
2040,138,2026-03-18,606.6933854528019,Оплачен
2041,200,2026-01-15,565.3227347359823,Не оплачен
2042,411,2026-03-20,433.02649555456156,Не оплачен
2043,807,2026-03-12,233.70983684338253,Оплачен
2044,113,2026-03-06,214.72007685759746,Оплачен
2045,1189,2026-05-14,660.5289327055665,Не оплачен
2046,864,2026-01-29,299.8345414622395,Оплачен
2047,512,2026-04-12,216.73913128900438,Не оплачен
2048,78,2026-05-25,444.28124259432997,Оплачен
2049,1064,2026-01-11,225.6259064001622,Не оплачен
2050,413,2026-05-28,946.3277890078581,Оплачен
2051,187,2026-01-09,491.5248944030857,Оплачен
2052,20,2026-02-26,605.5828732055834,Не оплачен
2053,614,2026-02-16,174.2566034004006,Не оплачен
2054,785,2026-01-01,834.1608162529667,Оплачен
2055,1038,2026-01-05,595.5137301509029,Не оплачен
2056,790,2026-05-26,185.60055795036942,Оплачен
2057,234,2026-03-04,547.5430441419323,Не оплачен
2058,590,2026-02-28,136.4779399573622,Оплачен
2059,884,2026-05-04,510.56359436916114,Оплачен
2060,1130,2026-03-20,231.0527046208705,Не оплачен
2061,136,2026-03-23,501.4082319720642,Не оплачен
2062,140,2026-02-21,352.86529994423154,Не оплачен
2063,502,2026-04-24,597.9064731870736,Не оплачен
2064,613,2026-05-09,265.80912308385984,Оплачен
2065,123,2026-03-02,333.4855340934082,Не оплачен
2066,147,2026-01-08,221.01965861981762,Не оплачен
2067,871,2026-02-17,391.96404097459657,Не оплачен
2068,829,2026-01-07,469.3769232317832,Не оплачен
2069,409,2026-02-02,149.89910376559396,Не оплачен
2070,469,2026-01-31,454.8522789688352,Не оплачен
2071,839,2026-03-22,877.0866813494872,Не оплачен
2072,995,2026-03-09,881.5340524501364,Не оплачен
2073,707,2026-01-18,227.9349433003792,Оплачен
2074,380,2026-02-22,406.5401788954182,Оплачен
2075,725,2026-03-04,447.3352854505341,Оплачен
2076,846,2026-03-02,100.24935067157232,Оплачен
2077,1151,2026-05-06,653.184009309447,Оплачен
2078,306,2026-01-17,416.3814237612748,Не оплачен
2079,306,2026-01-06,947.6786044691852,Не оплачен
2080,880,2026-04-06,983.7168575768193,Не оплачен
2081,829,2026-01-07,980.6005987792813,Оплачен
2082,810,2026-04-27,176.32353661833037,Оплачен
2083,69,2026-01-11,799.5927387553211,Оплачен
2084,829,2026-04-07,436.9607692443769,Не оплачен
2085,364,2026-05-16,178.70617143019098,Не оплачен
2086,114,2026-03-04,736.1449503422891,Не оплачен
2087,577,2026-04-23,266.44240462779453,Оплачен
2088,1129,2026-03-30,637.5273650013418,Не оплачен
2089,365,2026-02-14,813.1994816906363,Оплачен
2090,994,2026-04-15,831.9802825421187,Не оплачен
2091,136,2026-02-05,236.24534031178473,Не оплачен
2092,415,2026-04-17,801.0520169475751,Не оплачен
2093,465,2026-03-23,525.9411698428128,Оплачен
2094,235,2026-02-03,848.7752709424124,Не оплачен
2095,141,2026-01-15,800.4983696114582,Оплачен
2096,366,2026-01-25,425.7062708108581,Не оплачен
2097,1039,2026-03-09,346.35734096829003,Оплачен
2098,153,2026-05-26,101.25191375388286,Не оплачен
2099,52,2026-02-25,267.3520278992008,Оплачен
2100,1191,2026-05-24,997.2045309105824,Не оплачен
2101,1079,2026-01-16,886.0546593386364,Не оплачен
2102,961,2026-03-01,516.7478387190173,Не оплачен
2103,939,2026-02-10,790.3506790579287,Оплачен
2104,823,2026-03-15,970.1170811111136,Не оплачен
2105,1171,2026-01-02,654.6521206895641,Не оплачен
2106,974,2026-05-02,148.49633417146427,Оплачен
2107,696,2026-03-16,707.2550901372415,Не оплачен
2108,1067,2026-02-07,189.87707576273738,Не оплачен
2109,108,2026-01-30,932.2778134728642,Оплачен
2110,448,2026-01-01,749.8335406126527,Оплачен
2111,949,2026-05-06,147.90956750808203,Не оплачен
2112,664,2026-05-07,949.1054524608401,Оплачен
2113,1097,2026-03-20,517.2959043272765,Не оплачен
2114,1169,2026-03-10,768.540605579298,Не оплачен
2115,223,2026-02-21,806.3879501922755,Оплачен
2116,823,2026-05-09,106.52055066465962,Оплачен
2117,622,2026-04-19,456.9126748460874,Оплачен
2118,131,2026-01-31,700.4369125794275,Оплачен
2119,1070,2026-01-10,454.65723949804436,Оплачен
2120,835,2026-01-07,293.6566966213688,Не оплачен
2121,999,2026-05-17,480.6066921774049,Не оплачен
2122,471,2026-03-24,591.899302045472,Оплачен
2123,71,2026-04-12,177.0370791730271,Оплачен
2124,841,2026-04-06,163.89669567906517,Не оплачен
2125,1180,2026-03-19,885.1842827503732,Оплачен
2126,579,2026-03-01,877.6713407156708,Не оплачен
2127,243,2026-04-08,870.885457729187,Не оплачен
2128,283,2026-03-18,715.6960270750019,Оплачен
2129,500,2026-05-27,942.5591199432466,Не оплачен
2130,144,2026-05-01,989.427780706921,Не оплачен
2131,1130,2026-03-31,928.9061344623998,Не оплачен
2132,1027,2026-05-07,703.6784522076641,Не оплачен
2133,845,2026-01-14,852.1384462974471,Оплачен
2134,381,2026-04-04,496.8212856164142,Не оплачен
2135,517,2026-05-06,941.0179722777536,Оплачен
2136,1035,2026-02-18,237.20584808028897,Оплачен
2137,581,2026-02-11,102.10741053240538,Оплачен
2138,422,2026-02-06,433.3909421841841,Оплачен
2139,1129,2026-04-07,332.54011121436133,Не оплачен
2140,382,2026-04-26,389.4826809587243,Оплачен
2141,811,2026-04-06,116.56811351560145,Оплачен
2142,593,2026-01-18,792.3678860074308,Не оплачен
2143,1077,2026-03-05,677.7787070159173,Не оплачен
2144,333,2026-05-14,528.531067082579,Не оплачен
2145,495,2026-01-26,939.8069406144359,Не оплачен
2146,861,2026-02-24,651.2146668755437,Не оплачен
2147,574,2026-04-04,819.1399861327584,Оплачен
2148,1040,2026-02-11,864.2941132675433,Оплачен
2149,788,2026-03-19,856.8118628781214,Оплачен
2150,111,2026-02-17,179.08439117291806,Оплачен
2151,793,2026-03-22,898.3673567881281,Не оплачен
2152,836,2026-02-19,441.97303287237565,Не оплачен
2153,142,2026-05-06,707.4384211395991,Оплачен
2154,661,2026-05-24,451.23266188890125,Не оплачен
2155,714,2026-02-17,190.21988657383466,Оплачен
2156,590,2026-01-19,698.9430792741922,Оплачен
2157,1024,2026-03-24,582.4303361510013,Не оплачен
2158,906,2026-04-22,678.2113359817154,Не оплачен
2159,806,2026-02-14,139.89892556259326,Оплачен
2160,159,2026-03-18,602.4861416890853,Оплачен
2161,899,2026-05-29,516.2523577145271,Не оплачен
2162,44,2026-05-19,824.7930093652095,Не оплачен
2163,595,2026-05-12,928.7671370882153,Не оплачен
2164,868,2026-01-13,860.6456716089065,Оплачен
2165,821,2026-05-20,869.454017963821,Не оплачен
2166,170,2026-05-02,357.5953921424554,Не оплачен
2167,64,2026-03-30,373.56474415557807,Не оплачен
2168,262,2026-03-08,904.7659719957802,Оплачен
2169,256,2026-04-23,925.939013426655,Оплачен
2170,192,2026-01-21,758.0380923447973,Оплачен
2171,458,2026-03-03,208.6888541255086,Не оплачен
2172,1149,2026-05-17,194.5982037371111,Не оплачен
2173,172,2026-05-23,770.4784020267415,Оплачен
2174,269,2026-01-28,220.05285519280068,Не оплачен
2175,495,2026-02-04,442.182921515479,Не оплачен
2176,128,2026-04-17,339.83767709577216,Не оплачен
2177,337,2026-03-05,256.38819156903116,Не оплачен
2178,1057,2026-02-11,311.7206267655687,Не оплачен
2179,937,2026-04-07,804.7576403627114,Не оплачен
2180,1145,2026-03-03,296.5520517249529,Оплачен
2181,790,2026-03-16,543.2203924575732,Оплачен
2182,678,2026-03-13,410.50336537643483,Оплачен
2183,340,2026-05-14,932.9996827370384,Не оплачен
2184,15,2026-03-08,695.3590030204401,Оплачен
2185,855,2026-04-08,818.1786945635062,Оплачен
2186,128,2026-04-26,506.82793379636007,Не оплачен
2187,21,2026-04-22,472.9788105554481,Не оплачен
2188,296,2026-03-26,986.1172512007088,Не оплачен
2189,809,2026-02-10,920.3354865476915,Не оплачен
2190,388,2026-02-26,197.6280727427408,Оплачен
2191,234,2026-01-01,814.1844790128588,Не оплачен
2192,378,2026-02-13,186.5407640318382,Не оплачен
2193,840,2026-04-18,426.79900261048465,Оплачен
2194,1165,2026-05-27,204.50638022467285,Оплачен
2195,462,2026-01-11,638.4652809908561,Не оплачен
2196,183,2026-01-03,573.9172054947064,Оплачен
2197,467,2026-02-01,765.4279690740851,Оплачен
2198,161,2026-01-09,208.27575351565906,Не оплачен
2199,1063,2026-03-19,693.5135871597183,Не оплачен
2200,974,2026-03-04,885.4952022215849,Оплачен
2201,798,2026-01-29,210.7617279407149,Оплачен
2202,1125,2026-02-08,592.9233140326882,Не оплачен
2203,195,2026-04-20,317.9261188198801,Не оплачен
2204,768,2026-03-09,147.2619051574198,Оплачен
2205,442,2026-03-09,662.7524821048503,Не оплачен
2206,595,2026-02-10,690.6408681965869,Оплачен
2207,447,2026-05-18,952.148282784266,Оплачен
2208,812,2026-03-22,116.63065192946205,Оплачен
2209,452,2026-05-24,881.7297097755522,Не оплачен
2210,883,2026-05-18,381.13773794514975,Оплачен
2211,566,2026-03-26,206.82155140872925,Оплачен
2212,81,2026-05-23,444.6097762061863,Оплачен
2213,24,2026-03-16,846.8442438338568,Оплачен
2214,22,2026-05-25,472.08027012625746,Не оплачен
2215,390,2026-02-11,151.96493076805552,Не оплачен
2216,1149,2026-01-17,608.5043208496174,Оплачен
2217,504,2026-04-05,382.6286910678135,Оплачен
2218,739,2026-03-07,686.1896686010002,Оплачен
2219,899,2026-05-07,706.3572920967805,Оплачен
2220,456,2026-04-10,741.9814307066682,Оплачен
2221,540,2026-01-18,208.15914895366404,Оплачен
2222,799,2026-04-25,156.76357253491403,Не оплачен
2223,780,2026-01-04,996.4608972213204,Оплачен
2224,746,2026-05-26,987.4271965178391,Оплачен
2225,362,2026-03-30,822.304741884708,Оплачен
2226,609,2026-01-09,992.6932467855452,Не оплачен
2227,140,2026-03-28,824.9488818665501,Не оплачен
2228,617,2026-04-11,860.4748720988881,Не оплачен
2229,1035,2026-01-14,780.3974536633816,Не оплачен
2230,120,2026-01-17,332.5301135241897,Не оплачен
2231,1151,2026-03-19,731.3615342547796,Оплачен
2232,5,2026-03-26,771.5739193539123,Оплачен
2233,623,2026-02-15,693.4824401438541,Оплачен
2234,961,2026-04-28,150.98992024997852,Оплачен
2235,515,2026-02-26,846.3861655502958,Не оплачен
2236,1161,2026-01-23,382.27131625995014,Оплачен
2237,143,2026-05-17,486.7660389366443,Не оплачен
2238,704,2026-03-21,948.4926649244317,Не оплачен
2239,1172,2026-02-15,640.0776426394971,Не оплачен
2240,992,2026-01-22,652.1341579949278,Не оплачен
2241,29,2026-04-27,776.959141627531,Оплачен
2242,9,2026-05-17,873.5707759184379,Не оплачен
2243,532,2026-05-08,867.1523529812168,Не оплачен
2244,121,2026-01-09,163.14831039785784,Оплачен
2245,633,2026-01-04,129.7950423613031,Оплачен
2246,472,2026-03-15,430.3854874626916,Оплачен
2247,1073,2026-05-09,564.2825476915509,Оплачен
2248,430,2026-03-20,164.56692688639896,Оплачен
2249,510,2026-05-06,894.1956336933056,Не оплачен
2250,1076,2026-05-11,453.47031247529804,Оплачен
2251,197,2026-01-29,583.7720907245557,Не оплачен
2252,864,2026-02-16,830.4792218985829,Не оплачен
2253,304,2026-01-03,109.17851255191219,Не оплачен
2254,698,2026-03-06,690.2610202496778,Оплачен
2255,652,2026-03-08,419.0819283885402,Оплачен
2256,585,2026-02-14,314.4991804255915,Не оплачен
2257,602,2026-02-10,432.33490616714124,Не оплачен
2258,52,2026-04-20,326.1374066356314,Оплачен
2259,714,2026-05-10,273.1561650436932,Не оплачен
2260,181,2026-03-30,969.0554174767742,Не оплачен
2261,1065,2026-02-19,575.6773972981705,Не оплачен
2262,1100,2026-03-24,673.9456263646658,Оплачен
2263,11,2026-02-26,949.5819794589258,Оплачен
2264,398,2026-04-29,369.2344611163871,Оплачен
2265,955,2026-02-07,201.7039633817563,Оплачен
2266,818,2026-02-15,347.80572856687246,Не оплачен
2267,357,2026-05-04,492.7127766302898,Оплачен
2268,401,2026-01-08,205.81304121300087,Не оплачен
2269,1119,2026-01-28,228.34927561859345,Оплачен
2270,1100,2026-05-18,787.0936784443621,Не оплачен
2271,20,2026-01-06,270.50081619372537,Не оплачен
2272,694,2026-03-21,844.8015062389235,Не оплачен
2273,132,2026-03-01,816.5247094591119,Не оплачен
2274,1105,2026-03-02,864.1916042269058,Оплачен
2275,605,2026-03-27,515.8120626404216,Не оплачен
2276,600,2026-02-15,697.8106387511838,Не оплачен
2277,183,2026-03-06,859.1016601011094,Не оплачен
2278,574,2026-03-10,397.8193387543632,Не оплачен
2279,980,2026-01-18,744.8013327559784,Не оплачен
2280,685,2026-04-29,166.1786850407954,Не оплачен
2281,920,2026-04-04,958.6187703883955,Не оплачен
2282,556,2026-05-04,134.7008574317556,Оплачен
2283,493,2026-02-05,171.45444697124088,Оплачен
2284,1021,2026-03-16,476.09617915613296,Не оплачен
2285,845,2026-01-20,658.9323375734359,Не оплачен
2286,903,2026-01-27,989.4160041621788,Не оплачен
2287,1008,2026-04-25,669.6687990835738,Не оплачен
2288,152,2026-03-27,893.459361551713,Не оплачен
2289,802,2026-03-26,657.6477179670118,Не оплачен
2290,849,2026-05-29,221.90893175782588,Оплачен
2291,146,2026-01-11,113.61975749817609,Оплачен
2292,196,2026-05-13,437.6095475169303,Не оплачен
2293,856,2026-03-15,971.1946763152587,Не оплачен
2294,1152,2026-01-25,534.039610088435,Оплачен
2295,833,2026-02-09,278.778474034424,Не оплачен
2296,719,2026-04-16,142.7064971796014,Не оплачен
2297,1138,2026-04-15,951.8892133109612,Не оплачен
2298,714,2026-05-18,257.5291201664376,Не оплачен
2299,1112,2026-03-27,657.2589486964042,Не оплачен
2300,294,2026-04-27,962.9762632920858,Оплачен
2301,42,2026-05-23,937.4909087241759,Не оплачен
2302,921,2026-04-06,578.8193380173857,Не оплачен
2303,749,2026-04-27,236.03650261488343,Не оплачен
2304,957,2026-03-16,470.6067736363758,Не оплачен
2305,1180,2026-03-28,509.4540445575647,Оплачен
2306,681,2026-01-26,228.964064055563,Оплачен
2307,722,2026-02-11,983.7738605771269,Не оплачен
2308,830,2026-05-18,733.4135670097562,Не оплачен
2309,813,2026-02-08,445.91260449559985,Оплачен
2310,761,2026-02-13,617.0389713348457,Не оплачен
2311,1174,2026-02-12,714.4398086972519,Не оплачен
2312,364,2026-04-11,663.5278585019258,Не оплачен
2313,882,2026-03-14,585.0309540276423,Не оплачен
2314,855,2026-03-17,394.66873707267524,Не оплачен
2315,565,2026-03-07,161.48163321418787,Не оплачен
2316,725,2026-03-13,360.37178120466734,Не оплачен
2317,427,2026-05-14,765.3454672111352,Не оплачен
2318,654,2026-01-01,305.980703798292,Не оплачен
2319,302,2026-03-09,481.47874018860404,Не оплачен
2320,3,2026-01-03,270.8997344043796,Оплачен
2321,246,2026-05-11,602.8519746400857,Не оплачен
2322,155,2026-01-22,947.9211898844932,Оплачен
2323,1189,2026-01-04,760.2492054156774,Не оплачен
2324,1151,2026-05-26,388.19293958531784,Не оплачен
2325,1034,2026-01-27,543.6376194878712,Не оплачен
2326,55,2026-04-06,958.1607173483292,Не оплачен
2327,928,2026-03-22,912.261768317311,Оплачен
2328,816,2026-01-07,267.69777422144523,Оплачен
2329,220,2026-05-12,158.74306916874667,Оплачен
2330,515,2026-01-18,842.0238449186003,Не оплачен
2331,367,2026-05-23,149.07707085271466,Оплачен
2332,441,2026-05-03,809.4100766246041,Оплачен
2333,701,2026-04-23,111.33348905730026,Оплачен
2334,341,2026-01-20,748.1750118477527,Оплачен
2335,408,2026-05-06,285.68332067797576,Не оплачен
2336,1177,2026-02-24,760.6699197720892,Оплачен
2337,1049,2026-03-31,217.84455532371396,Оплачен
2338,407,2026-02-07,119.95412460519888,Оплачен
2339,940,2026-04-20,486.41234932208886,Не оплачен
2340,180,2026-03-20,970.0401395020833,Оплачен
2341,118,2026-02-09,913.1607628319616,Оплачен
2342,249,2026-03-26,810.6466853758484,Оплачен
2343,635,2026-04-13,585.6025812223941,Оплачен
2344,1178,2026-05-03,958.4212746958206,Оплачен
2345,981,2026-02-28,994.1457157624042,Оплачен
2346,103,2026-04-24,544.7354791720136,Не оплачен
2347,537,2026-03-15,198.57917422830602,Не оплачен
2348,1090,2026-03-26,486.31164555131784,Оплачен
2349,714,2026-05-25,175.8542052015433,Оплачен
2350,842,2026-01-06,635.8335711397741,Не оплачен
2351,325,2026-05-23,385.52856773480073,Не оплачен
2352,1083,2026-02-25,260.3257471009158,Не оплачен
2353,213,2026-01-31,774.4758245807747,Оплачен
2354,602,2026-02-20,849.8681120829867,Не оплачен
2355,375,2026-02-08,170.56711684724974,Оплачен
2356,309,2026-02-03,429.4488888072569,Оплачен
2357,374,2026-01-15,347.84730778066853,Не оплачен
2358,346,2026-04-17,345.2161226196149,Не оплачен
2359,1168,2026-04-16,782.6003941644865,Не оплачен
2360,964,2026-05-21,986.503624698618,Оплачен
2361,478,2026-01-10,119.48916533264335,Не оплачен
2362,327,2026-05-20,185.24090370145205,Не оплачен
2363,230,2026-01-13,394.5385760223124,Оплачен
2364,662,2026-02-18,849.5826034642595,Оплачен
2365,482,2026-03-21,178.84073995063977,Не оплачен
2366,164,2026-03-28,277.39931430432716,Не оплачен
2367,315,2026-03-01,468.51036271835994,Не оплачен
2368,850,2026-04-12,356.02215027497425,Не оплачен
2369,847,2026-05-11,916.3251981895029,Не оплачен
2370,262,2026-03-23,245.76659098235686,Оплачен
2371,502,2026-01-16,541.8477887319069,Не оплачен
2372,907,2026-02-03,105.59948540630745,Оплачен
2373,112,2026-05-17,926.8552813205303,Не оплачен
2374,5,2026-03-10,719.4743584813617,Не оплачен
2375,428,2026-03-20,774.663244673369,Оплачен
2376,188,2026-02-01,786.4900195502534,Не оплачен
2377,1197,2026-05-03,456.193511720922,Не оплачен
2378,396,2026-03-30,274.5411272513858,Не оплачен
2379,65,2026-02-06,789.5065598909578,Оплачен
2380,410,2026-05-27,606.4787967723288,Оплачен
2381,345,2026-04-19,193.46204089218432,Оплачен
2382,844,2026-04-27,505.38538959379343,Не оплачен
2383,1055,2026-05-24,378.9687703444054,Оплачен
2384,1155,2026-03-24,745.1170589920586,Не оплачен
2385,1153,2026-03-23,968.6721963485119,Оплачен
2386,78,2026-03-12,380.3337512179881,Оплачен
2387,328,2026-03-16,846.2424890989138,Не оплачен
2388,316,2026-05-14,260.2500789012748,Не оплачен
2389,486,2026-04-03,176.5935835171013,Оплачен
2390,85,2026-03-28,713.3798834674437,Не оплачен
2391,958,2026-04-30,308.3645688416625,Оплачен
2392,551,2026-04-09,299.33763927644793,Не оплачен
2393,250,2026-02-02,554.4275033432457,Оплачен
2394,605,2026-05-25,944.0448821548567,Оплачен
2395,288,2026-03-06,394.8291338850275,Оплачен
2396,330,2026-02-04,101.27429362126236,Оплачен
2397,516,2026-03-24,325.7543733329287,Оплачен
2398,929,2026-02-27,450.4580918979727,Не оплачен
2399,659,2026-05-05,453.0380333152818,Оплачен
2400,1118,2026-01-23,830.2237209911262,Оплачен
2401,353,2026-03-16,843.4384006241366,Не оплачен
2402,578,2026-04-11,642.0907698775148,Не оплачен
2403,925,2026-02-14,165.70877708836707,Оплачен
2404,684,2026-03-21,670.1584752165953,Оплачен
2405,1060,2026-04-24,635.8074511741981,Не оплачен
2406,325,2026-05-12,459.4837014357496,Оплачен
2407,947,2026-04-23,390.77977390626774,Оплачен
2408,950,2026-02-08,814.8849282435777,Не оплачен
2409,584,2026-05-17,489.5748866307169,Не оплачен
2410,234,2026-04-20,948.0521685071623,Не оплачен
2411,968,2026-02-02,189.72030277534813,Не оплачен
2412,386,2026-05-08,894.3902067600612,Не оплачен
2413,1127,2026-02-01,663.5769952863727,Не оплачен
2414,461,2026-02-01,681.120635507455,Оплачен
2415,923,2026-04-17,488.4360404175363,Оплачен
2416,586,2026-02-23,588.0121255017234,Оплачен
2417,308,2026-01-12,734.5986658494757,Не оплачен
2418,643,2026-05-12,749.3761581759842,Не оплачен
2419,54,2026-04-01,409.00888771557317,Не оплачен
2420,37,2026-05-13,278.17303846186877,Не оплачен
2421,649,2026-04-20,753.92725423565,Не оплачен
2422,928,2026-02-15,934.5168962007134,Не оплачен
2423,1036,2026-05-28,153.59342314258694,Оплачен
2424,1058,2026-02-22,786.3212387310099,Оплачен
2425,205,2026-03-14,665.2130700494542,Не оплачен
2426,715,2026-02-15,479.0302184104393,Не оплачен
2427,497,2026-05-07,567.663104731976,Не оплачен
2428,206,2026-01-13,796.0884006290111,Оплачен
2429,1164,2026-03-04,812.4523271488872,Не оплачен
2430,124,2026-04-05,186.49330820892646,Оплачен
2431,167,2026-03-08,523.7814584414314,Не оплачен
2432,782,2026-01-28,370.7200489561508,Оплачен
2433,396,2026-05-22,625.0300480255906,Оплачен
2434,1038,2026-03-29,220.63207242847415,Оплачен
2435,294,2026-01-21,704.1163927799181,Оплачен
2436,787,2026-01-30,186.4911711754283,Оплачен
2437,645,2026-03-21,202.8203872641315,Не оплачен
2438,1112,2026-02-06,120.83255251857427,Оплачен
2439,964,2026-04-02,855.6901530789518,Не оплачен
2440,700,2026-02-16,879.9206222457918,Не оплачен
2441,958,2026-03-16,608.0657586250488,Оплачен
2442,748,2026-03-20,328.8250799013404,Не оплачен
2443,333,2026-02-28,940.1984619998896,Оплачен
2444,805,2026-02-07,322.35992810573555,Не оплачен
2445,1064,2026-02-14,254.50462178506973,Не оплачен
2446,193,2026-05-08,918.99798722312,Оплачен
2447,1147,2026-01-23,639.8591301822445,Не оплачен
2448,758,2026-03-23,292.5741375150988,Оплачен
2449,773,2026-04-26,750.2875831011776,Не оплачен
2450,614,2026-01-16,788.130047692431,Не оплачен
2451,135,2026-02-02,663.4775133141637,Не оплачен
2452,280,2026-02-13,895.9057940240452,Не оплачен
2453,1030,2026-05-24,185.7952009783208,Оплачен
2454,758,2026-05-24,832.9738353189239,Оплачен
2455,434,2026-05-05,924.8979618988758,Не оплачен
2456,675,2026-03-22,930.5353679198244,Не оплачен
2457,860,2026-05-17,981.1269221175124,Не оплачен
2458,477,2026-04-12,872.5332011674261,Оплачен
2459,511,2026-02-27,775.2691767181997,Не оплачен
2460,1128,2026-01-10,317.325672684616,Оплачен
2461,75,2026-01-24,505.31500340505374,Не оплачен
2462,765,2026-02-12,751.0972645660858,Оплачен
2463,203,2026-03-31,235.1330798256207,Не оплачен
2464,715,2026-05-14,690.2856151373685,Оплачен
2465,916,2026-01-12,428.2653140109507,Оплачен
2466,585,2026-03-10,941.2503908952555,Оплачен
2467,636,2026-04-16,147.68244472826663,Не оплачен
2468,699,2026-04-01,100.79089209980101,Оплачен
2469,1143,2026-03-22,516.9925623506331,Не оплачен
2470,761,2026-02-20,700.812975125982,Оплачен
2471,222,2026-03-15,714.981020815757,Оплачен
2472,848,2026-04-13,868.1589219378695,Оплачен
2473,612,2026-05-17,387.5266362565296,Оплачен
2474,1177,2026-02-19,447.6881529978137,Не оплачен
2475,362,2026-01-03,826.3127765457448,Оплачен
2476,849,2026-01-13,369.69924272777484,Не оплачен
2477,1110,2026-05-27,580.3382476540373,Оплачен
2478,237,2026-05-07,355.72654412791917,Оплачен
2479,320,2026-05-04,113.28552980926017,Оплачен
2480,875,2026-02-18,723.0530838387713,Оплачен
2481,911,2026-01-27,817.9771014217588,Не оплачен
2482,220,2026-04-25,503.28392167044956,Не оплачен
2483,1073,2026-05-09,158.872488570951,Не оплачен
2484,200,2026-04-08,289.6203501885344,Не оплачен
2485,565,2026-03-28,197.1868085259148,Не оплачен
2486,337,2026-05-03,455.45334194933463,Не оплачен
2487,959,2026-01-28,230.88052230842612,Оплачен
2488,642,2026-04-29,629.473269367975,Не оплачен
2489,41,2026-03-18,902.7104714619521,Не оплачен
2490,586,2026-02-27,576.9847221945453,Оплачен
2491,581,2026-03-31,435.15119262175307,Не оплачен
2492,701,2026-05-28,207.32776807120513,Оплачен
2493,339,2026-04-10,894.3728828861966,Не оплачен
2494,310,2026-03-19,818.9893997759302,Не оплачен
2495,946,2026-05-18,258.8298023535276,Оплачен
2496,441,2026-02-27,690.4537809172003,Не оплачен
2497,160,2026-05-19,105.9245742648619,Оплачен
2498,1157,2026-02-16,898.2649097851679,Не оплачен
2499,159,2026-01-01,293.3577940953819,Оплачен
2500,338,2026-03-05,232.04096912877975,Оплачен
2501,949,2026-01-03,512.9987991186287,Оплачен
2502,1187,2026-01-06,857.1257514935571,Оплачен
2503,197,2026-02-07,913.1058091480955,Оплачен
2504,424,2026-02-28,142.6000327979104,Оплачен
2505,1092,2026-03-10,827.9446863460054,Не оплачен
2506,718,2026-02-26,401.8131255692359,Не оплачен
2507,338,2026-05-29,369.67711953111865,Не оплачен
2508,145,2026-03-06,517.3855416811662,Оплачен
2509,586,2026-01-22,866.1612019785701,Не оплачен
2510,1182,2026-05-13,431.39747250436733,Не оплачен
2511,156,2026-03-08,343.5849000802916,Не оплачен
2512,280,2026-01-14,620.6930853278045,Оплачен
2513,283,2026-02-11,478.3495286983003,Не оплачен
2514,13,2026-02-09,703.5005047012279,Оплачен
2515,115,2026-04-01,911.5440399443546,Не оплачен
2516,417,2026-03-09,973.6098668018091,Не оплачен
2517,147,2026-02-14,712.4393248859215,Не оплачен
2518,294,2026-05-05,543.3345462354303,Не оплачен
2519,720,2026-05-12,523.459976294128,Не оплачен
2520,1105,2026-04-17,106.54571998022395,Оплачен
2521,538,2026-02-20,905.8918113362416,Оплачен
2522,899,2026-04-23,138.8526979349125,Оплачен
2523,83,2026-02-27,235.42826275382782,Не оплачен
2524,1146,2026-02-06,863.8714700588256,Не оплачен
2525,676,2026-03-28,670.2560474321139,Не оплачен
2526,326,2026-02-26,638.9007149274356,Оплачен
2527,514,2026-01-05,124.8821300376378,Оплачен
2528,241,2026-04-15,753.672176703488,Не оплачен
2529,123,2026-04-24,377.90084703902886,Оплачен
2530,1015,2026-05-17,933.5195546726832,Не оплачен
2531,273,2026-02-01,357.10359195433205,Оплачен
2532,727,2026-03-17,570.1365059521238,Не оплачен
2533,500,2026-03-31,980.4497951549256,Оплачен
2534,536,2026-04-12,448.78543638509433,Не оплачен
2535,226,2026-03-29,518.0148400409898,Оплачен
2536,896,2026-04-15,583.4079358764627,Не оплачен
2537,1000,2026-05-20,121.83049684725526,Не оплачен
2538,733,2026-01-03,986.3854448479276,Не оплачен
2539,465,2026-04-25,576.688836505268,Не оплачен
2540,771,2026-02-27,938.1488709843163,Не оплачен
2541,647,2026-05-14,755.5670141799774,Не оплачен
2542,116,2026-01-20,369.7192213457523,Оплачен
2543,870,2026-04-06,432.15715734009524,Оплачен
2544,449,2026-01-30,605.0192439074326,Оплачен
2545,1022,2026-05-07,211.74681248346235,Оплачен
2546,472,2026-01-16,785.8317595176926,Не оплачен
2547,967,2026-02-13,719.5927728296923,Не оплачен
2548,958,2026-02-03,311.9596731702826,Оплачен
2549,811,2026-01-19,136.01933556338014,Не оплачен
2550,876,2026-05-20,229.75300197216455,Не оплачен
2551,1184,2026-04-28,506.2314837684867,Не оплачен
2552,409,2026-04-09,564.3417521126019,Оплачен
2553,121,2026-02-10,117.8977486546645,Оплачен
2554,158,2026-04-09,528.3726948435033,Не оплачен
2555,991,2026-02-17,297.7074464255514,Не оплачен
2556,1142,2026-01-16,109.14554414367498,Оплачен
2557,477,2026-05-19,679.1978227988398,Не оплачен
2558,1156,2026-05-23,172.7895188143537,Не оплачен
2559,478,2026-05-16,945.7263231566666,Не оплачен
2560,36,2026-02-21,796.2910033685009,Оплачен
2561,746,2026-03-10,213.68353181769234,Не оплачен
2562,544,2026-02-23,629.6749709987264,Оплачен
2563,672,2026-04-13,201.62616718285005,Не оплачен
2564,890,2026-02-18,877.6864049338008,Оплачен
2565,257,2026-03-13,866.6274829694396,Не оплачен
2566,648,2026-04-13,384.2784305933803,Оплачен
2567,95,2026-02-04,308.92065328048045,Не оплачен
2568,52,2026-02-24,872.142468200257,Не оплачен
2569,408,2026-05-03,509.4968046774349,Оплачен
2570,1158,2026-05-20,996.4606506590821,Не оплачен
2571,705,2026-05-21,233.57713849063444,Оплачен
2572,298,2026-03-01,622.943940923035,Оплачен
2573,158,2026-03-27,507.7839332317133,Не оплачен
2574,318,2026-02-24,626.276543275426,Не оплачен
2575,17,2026-01-01,435.4500854042677,Оплачен
2576,216,2026-04-11,533.9480382673753,Оплачен
2577,1191,2026-02-01,297.83563963065063,Не оплачен
2578,1002,2026-04-06,908.5091940669101,Оплачен
2579,162,2026-02-03,109.74547391211125,Оплачен
2580,1071,2026-04-18,748.7647086849756,Не оплачен
2581,923,2026-02-07,660.104509935049,Оплачен
2582,960,2026-05-03,543.7656054844344,Оплачен
2583,1185,2026-05-24,802.4263586357586,Не оплачен
2584,334,2026-01-06,252.3511090023809,Не оплачен
2585,876,2026-03-18,854.539605251145,Не оплачен
2586,1071,2026-02-18,311.3909092063667,Не оплачен
2587,688,2026-05-06,863.9113103831716,Не оплачен
2588,17,2026-03-08,115.95006645978725,Оплачен
2589,122,2026-01-30,458.45651996601066,Оплачен
2590,1185,2026-05-27,879.6092806968322,Не оплачен
2591,1002,2026-02-11,109.53978447808574,Оплачен
2592,439,2026-01-31,640.1088155799755,Оплачен
2593,948,2026-01-07,419.7260744420902,Оплачен
2594,687,2026-01-12,502.1825620190631,Оплачен
2595,949,2026-04-20,684.8209356609386,Оплачен
2596,458,2026-05-06,652.2872589221615,Не оплачен
2597,319,2026-01-17,494.79196510674365,Не оплачен
2598,320,2026-04-12,326.3530002470178,Не оплачен
2599,341,2026-03-06,474.85408572752766,Не оплачен
2600,1175,2026-04-12,257.4520772338625,Оплачен
2601,953,2026-01-05,730.0788418281896,Оплачен
2602,525,2026-01-28,857.2885486064409,Оплачен
2603,778,2026-01-13,635.4020962242023,Оплачен
2604,866,2026-04-30,277.7868553692017,Не оплачен
2605,886,2026-01-25,313.4779103598481,Не оплачен
2606,31,2026-02-07,868.092217859304,Оплачен
2607,1177,2026-04-26,715.4837820227945,Оплачен
2608,876,2026-04-27,539.5211985657277,Не оплачен
2609,504,2026-03-26,735.1531109029047,Не оплачен
2610,160,2026-01-29,934.99613006152,Не оплачен
2611,20,2026-03-30,510.79526692637495,Оплачен
2612,520,2026-05-22,820.8621582619816,Оплачен
2613,1021,2026-02-23,925.3993552560262,Оплачен
2614,970,2026-01-25,260.9817995431645,Оплачен
2615,1178,2026-04-07,792.9184113477323,Не оплачен
2616,57,2026-02-05,815.4654230819137,Оплачен
2617,597,2026-04-27,962.6372425908195,Оплачен
2618,1054,2026-04-07,959.648876140578,Не оплачен
2619,1092,2026-01-24,836.0885193500887,Оплачен
2620,83,2026-03-20,267.7876725130159,Оплачен
2621,16,2026-02-06,716.5781782308609,Не оплачен
2622,1050,2026-04-20,688.6247317754751,Не оплачен
2623,95,2026-03-19,173.10888434540755,Оплачен
2624,63,2026-01-14,770.0348701671614,Оплачен
2625,936,2026-04-18,633.4150234078032,Не оплачен
2626,327,2026-01-11,909.9200939225658,Оплачен
2627,912,2026-02-09,574.6960227325337,Не оплачен
2628,519,2026-04-24,758.2610615694568,Не оплачен
2629,754,2026-03-20,765.8091344142882,Не оплачен
2630,846,2026-01-16,459.9749155580585,Не оплачен
2631,429,2026-05-17,275.51552169049916,Оплачен
2632,1029,2026-02-26,584.721060450516,Не оплачен
2633,462,2026-01-29,142.61346955343902,Не оплачен
2634,1036,2026-02-14,458.6875539588535,Оплачен
2635,1139,2026-03-13,591.8479039995893,Оплачен
2636,649,2026-04-22,189.92964616398513,Не оплачен
2637,152,2026-02-16,827.4947727857398,Не оплачен
2638,628,2026-02-04,187.77651968068858,Оплачен
2639,493,2026-05-15,987.4374371824259,Не оплачен
2640,153,2026-03-29,779.2449527315537,Не оплачен
2641,967,2026-03-31,838.7541363419634,Не оплачен
2642,555,2026-05-02,688.006077286843,Оплачен
2643,203,2026-01-13,203.15650107359687,Не оплачен
2644,951,2026-01-25,774.0343881232623,Не оплачен
2645,874,2026-02-19,593.7133089818715,Не оплачен
2646,774,2026-03-22,510.3068786731189,Не оплачен
2647,685,2026-02-23,916.8496721105829,Не оплачен
2648,720,2026-04-10,150.07120569873044,Оплачен
2649,1129,2026-03-13,484.3918338748725,Оплачен
2650,470,2026-03-30,410.1562531443079,Не оплачен
2651,60,2026-05-13,789.7469389115244,Оплачен
2652,1078,2026-04-02,990.5440068817826,Оплачен
2653,497,2026-03-29,448.8934652753903,Оплачен
2654,223,2026-04-18,495.43852983446476,Оплачен
2655,785,2026-05-13,248.18760591014424,Оплачен
2656,257,2026-02-11,266.29020798134604,Не оплачен
2657,691,2026-02-19,370.7802207207337,Оплачен
2658,198,2026-03-24,990.6619752181433,Оплачен
2659,618,2026-01-02,241.6732145590689,Оплачен
2660,975,2026-03-20,874.9041548886577,Не оплачен
2661,271,2026-04-25,632.232231356438,Оплачен
2662,355,2026-03-06,159.38360853012463,Оплачен
2663,597,2026-02-15,967.2314780778356,Не оплачен
2664,1053,2026-02-26,891.7518233544051,Не оплачен
2665,465,2026-02-14,414.7021692467798,Не оплачен
2666,42,2026-01-23,856.391721999276,Не оплачен
2667,286,2026-05-26,459.496389274955,Не оплачен
2668,340,2026-03-03,756.2041149132656,Не оплачен
2669,156,2026-03-18,329.5469555988764,Не оплачен
2670,427,2026-05-14,934.1606028819654,Оплачен
2671,421,2026-01-10,897.160043200346,Оплачен
2672,958,2026-01-28,818.9463129903654,Не оплачен
2673,870,2026-04-26,824.2105118344696,Не оплачен
2674,349,2026-05-28,759.144117321204,Оплачен
2675,439,2026-03-01,347.96372289360085,Оплачен
2676,958,2026-05-17,521.9914668099964,Не оплачен
2677,502,2026-05-15,847.5551880225959,Не оплачен
2678,1172,2026-04-09,855.5209552802271,Не оплачен
2679,135,2026-01-24,259.7397077910576,Оплачен
2680,387,2026-03-01,328.1142013572021,Не оплачен
2681,438,2026-05-19,274.03975229032994,Оплачен
2682,443,2026-02-02,409.9810838981607,Не оплачен
2683,142,2026-03-19,407.87557221013026,Оплачен
2684,736,2026-04-17,134.7906084341257,Не оплачен
2685,390,2026-02-10,503.0157758289861,Оплачен
2686,239,2026-03-04,955.0334998304658,Не оплачен
2687,240,2026-02-25,689.7289269255646,Оплачен
2688,273,2026-04-01,449.1684966845545,Не оплачен
2689,656,2026-05-24,736.1287155964817,Не оплачен
2690,569,2026-04-16,283.1466726193788,Не оплачен
2691,215,2026-01-09,977.0997228356626,Не оплачен
2692,256,2026-02-08,728.3888379793393,Не оплачен
2693,355,2026-02-12,543.8233316408717,Не оплачен
2694,722,2026-05-21,797.9326984348301,Оплачен
2695,153,2026-03-14,841.514404278374,Не оплачен
2696,274,2026-01-29,659.5622163248387,Оплачен
2697,857,2026-03-17,463.8205056755357,Оплачен
2698,530,2026-02-24,976.8276164673075,Не оплачен
2699,160,2026-04-25,683.6117953037634,Оплачен
2700,204,2026-04-26,105.88481883670961,Оплачен
2701,428,2026-04-11,795.0856456262292,Не оплачен
2702,32,2026-05-10,640.4927001550723,Не оплачен
2703,1172,2026-01-23,200.3796791785887,Оплачен
2704,353,2026-05-14,705.7541138630626,Не оплачен
2705,1027,2026-05-15,793.1346508014702,Оплачен
2706,46,2026-04-14,739.6946667840514,Оплачен
2707,14,2026-04-16,541.1924118175446,Оплачен
2708,1184,2026-04-29,657.0674480270427,Не оплачен
2709,806,2026-01-26,729.6752855940233,Оплачен
2710,819,2026-04-23,919.2346949507468,Оплачен
2711,1087,2026-02-04,399.648251831463,Оплачен
2712,722,2026-04-25,338.2802463189274,Не оплачен
2713,1029,2026-05-11,920.291854473465,Оплачен
2714,79,2026-01-02,218.98226218295946,Не оплачен
2715,312,2026-03-02,960.5827624297001,Не оплачен
2716,861,2026-05-24,923.7981135191029,Оплачен
2717,185,2026-04-29,284.81288262981184,Не оплачен
2718,8,2026-01-20,680.0478816400832,Не оплачен
2719,468,2026-01-09,975.0143375535713,Оплачен
2720,379,2026-01-02,941.6570458986987,Оплачен
2721,1069,2026-03-29,695.0107215042182,Оплачен
2722,319,2026-03-29,219.02532139429854,Не оплачен
2723,461,2026-02-02,385.17259506328486,Не оплачен
2724,577,2026-01-12,261.9846302004232,Не оплачен
2725,744,2026-05-20,790.8548253262055,Не оплачен
2726,1169,2026-04-19,881.802426566361,Оплачен
2727,707,2026-02-04,685.9027881991182,Не оплачен
2728,727,2026-04-24,741.0443138376671,Не оплачен
2729,600,2026-04-09,179.70164080348064,Оплачен
2730,296,2026-04-08,256.8830630684007,Не оплачен
2731,274,2026-01-01,985.498402656445,Оплачен
2732,1114,2026-03-20,966.4624833841623,Оплачен
2733,1039,2026-05-26,581.0278017961236,Оплачен
2734,631,2026-04-01,305.0899795709863,Не оплачен
2735,1099,2026-05-21,247.5746720465389,Оплачен
2736,229,2026-02-06,665.0910864788724,Не оплачен
2737,705,2026-05-16,680.6788333937876,Не оплачен
2738,244,2026-04-17,708.669145981581,Оплачен
2739,377,2026-02-08,268.7214608234168,Не оплачен
2740,782,2026-03-19,485.13194421616475,Не оплачен
2741,189,2026-01-19,603.1912445357547,Оплачен
2742,243,2026-02-08,469.00612171013995,Не оплачен
2743,88,2026-03-31,592.4084643644444,Не оплачен
2744,469,2026-05-25,951.9388211845427,Оплачен
2745,785,2026-03-01,191.6482388167263,Не оплачен
2746,632,2026-05-26,806.7336145791902,Не оплачен
2747,908,2026-05-08,590.92018521831,Не оплачен
2748,746,2026-02-06,635.3578729262971,Не оплачен
2749,124,2026-05-15,805.2650995814256,Оплачен
2750,1165,2026-03-15,897.359993574864,Не оплачен
2751,739,2026-04-15,504.6293999904288,Оплачен
2752,466,2026-01-08,256.68909252759033,Оплачен
2753,962,2026-01-25,924.9069119559542,Оплачен
2754,945,2026-02-01,425.66940327334606,Оплачен
2755,579,2026-05-15,496.92287217811753,Оплачен
2756,1081,2026-05-23,523.1497791039484,Не оплачен
2757,32,2026-04-26,195.58850996783207,Оплачен
2758,70,2026-03-25,131.48347970299196,Не оплачен
2759,1168,2026-02-05,510.01719597539636,Оплачен
2760,375,2026-05-28,648.6126998595307,Не оплачен
2761,133,2026-01-25,177.1860671694173,Оплачен
2762,523,2026-01-31,901.8624737556446,Не оплачен
2763,186,2026-04-06,779.7482879704108,Не оплачен
2764,944,2026-04-23,129.04209103922207,Оплачен
2765,185,2026-03-06,392.20795864772646,Не оплачен
2766,93,2026-04-29,560.2330236328797,Не оплачен
2767,578,2026-05-16,360.46475093977176,Не оплачен
2768,695,2026-03-27,349.11720872384115,Не оплачен
2769,1072,2026-05-04,593.6184727419286,Не оплачен
2770,861,2026-05-09,719.8727725456043,Не оплачен
2771,865,2026-01-30,862.4314598201192,Не оплачен
2772,195,2026-05-10,633.9430140405668,Не оплачен
2773,647,2026-03-02,186.19748134032704,Оплачен
2774,437,2026-02-15,462.98040757492475,Не оплачен
2775,1128,2026-03-13,204.94847137530388,Оплачен
2776,865,2026-05-19,681.2178875573167,Не оплачен
2777,1172,2026-04-26,650.0900376652348,Оплачен
2778,53,2026-04-20,659.0643358667749,Не оплачен
2779,400,2026-05-20,671.7626187812493,Оплачен
2780,275,2026-01-29,309.23695215659654,Оплачен
2781,1090,2026-05-18,663.277064911981,Не оплачен
2782,216,2026-03-20,367.9762135490765,Оплачен
2783,888,2026-02-28,391.7743944568217,Оплачен
2784,486,2026-05-28,193.91814350411425,Не оплачен
2785,66,2026-02-24,378.1168438051838,Оплачен
2786,118,2026-01-12,566.2486590219482,Оплачен
2787,581,2026-02-13,573.523801675964,Не оплачен
2788,1100,2026-01-19,346.70743035368014,Не оплачен
2789,861,2026-01-16,149.99020803342023,Оплачен
2790,115,2026-01-02,544.370183415527,Не оплачен
2791,1100,2026-02-26,755.2179286264226,Оплачен
2792,802,2026-05-28,669.0914570485253,Не оплачен
2793,485,2026-05-22,488.948016842697,Оплачен
2794,1042,2026-05-13,175.10859956731252,Не оплачен
2795,148,2026-03-11,411.4504580198177,Не оплачен
2796,880,2026-05-01,786.3026681121275,Оплачен
2797,78,2026-02-15,216.79587577989386,Оплачен
2798,1083,2026-04-09,179.67699653971025,Оплачен
2799,770,2026-01-09,105.59421218492061,Оплачен
2800,973,2026-01-16,433.0076458132827,Оплачен
2801,246,2026-01-08,878.8025116020868,Оплачен
2802,1033,2026-03-05,968.3914367386184,Не оплачен
2803,1030,2026-03-08,550.2078378731806,Оплачен
2804,408,2026-01-12,400.2481642320675,Не оплачен
2805,582,2026-03-04,519.4781190715139,Не оплачен
2806,1085,2026-03-05,210.653210423625,Не оплачен
2807,536,2026-05-21,997.5263363458045,Не оплачен
2808,1011,2026-02-25,246.378590212845,Не оплачен
2809,493,2026-01-25,764.6063694200212,Оплачен
2810,961,2026-05-17,353.60793714047986,Не оплачен
2811,316,2026-01-04,983.2219281878916,Оплачен
2812,763,2026-04-03,809.7166853466507,Оплачен
2813,82,2026-01-03,306.59939016133546,Оплачен
2814,1128,2026-03-25,408.13629552671915,Не оплачен
2815,474,2026-02-23,443.5505696296852,Не оплачен
2816,713,2026-02-03,255.17193982096012,Не оплачен
2817,1200,2026-03-16,126.53877230815212,Не оплачен
2818,1090,2026-04-05,157.31140043571665,Не оплачен
2819,512,2026-03-07,732.9750243296215,Оплачен
2820,246,2026-04-11,879.5467789916875,Не оплачен
2821,763,2026-01-11,588.4719182238506,Не оплачен
2822,1144,2026-01-15,445.9545191737857,Оплачен
2823,897,2026-04-26,182.33223811908695,Не оплачен
2824,865,2026-01-04,288.355055868848,Не оплачен
2825,705,2026-01-11,150.78124792563236,Не оплачен
2826,153,2026-03-24,770.0869281900041,Оплачен
2827,381,2026-02-18,938.0789468725036,Не оплачен
2828,772,2026-01-08,787.7097375588148,Оплачен
2829,499,2026-03-30,764.2998233933056,Не оплачен
2830,154,2026-01-02,107.97944180131795,Не оплачен
2831,729,2026-01-29,109.40670538092874,Не оплачен
2832,513,2026-03-08,461.39797931191464,Оплачен
2833,281,2026-05-04,960.2039118092039,Не оплачен
2834,1073,2026-02-20,917.358513757088,Не оплачен
2835,58,2026-02-21,458.2953434247483,Не оплачен
2836,592,2026-03-27,660.92582599336,Оплачен
2837,60,2026-03-26,830.2358300657428,Оплачен
2838,522,2026-05-29,351.07740616691524,Оплачен
2839,539,2026-03-11,215.73317127078894,Не оплачен
2840,454,2026-04-04,201.52103443266844,Оплачен
2841,482,2026-02-22,128.61298569819715,Не оплачен
2842,417,2026-02-11,810.9148404059898,Не оплачен
2843,995,2026-01-12,631.424441021845,Оплачен
2844,575,2026-04-01,710.2286364969827,Оплачен
2845,121,2026-02-16,935.8756748011928,Оплачен
2846,483,2026-02-04,976.6347243587304,Оплачен
2847,164,2026-05-24,834.2017940996321,Не оплачен
2848,498,2026-05-08,524.0545735559726,Не оплачен
2849,1081,2026-04-20,955.6079710868328,Не оплачен
2850,790,2026-01-11,249.69622576389764,Оплачен
2851,73,2026-04-07,813.5767040765079,Оплачен
2852,97,2026-02-23,187.05995401533102,Оплачен
2853,888,2026-01-02,328.87464447600206,Оплачен
2854,207,2026-05-29,599.6869609059945,Не оплачен
2855,585,2026-01-12,958.5154548715403,Оплачен
2856,749,2026-04-08,480.53702041738563,Не оплачен
2857,498,2026-03-09,280.3668477081582,Оплачен
2858,971,2026-02-25,868.3930392393618,Не оплачен
2859,766,2026-03-28,762.252490318003,Не оплачен
2860,1072,2026-04-29,369.19370767347476,Не оплачен
2861,607,2026-03-20,740.6373589832805,Не оплачен
2862,780,2026-05-11,163.7458312870852,Не оплачен
2863,874,2026-01-18,267.42233842410565,Оплачен
2864,679,2026-02-11,613.3522361096145,Не оплачен
2865,1164,2026-05-08,425.41061609232327,Не оплачен
2866,109,2026-04-26,147.45498979602897,Оплачен
2867,857,2026-02-20,422.9832568311453,Не оплачен
2868,875,2026-04-20,306.456144498083,Не оплачен
2869,217,2026-01-11,826.6972681901684,Оплачен
2870,923,2026-03-24,287.1116495446988,Оплачен
2871,121,2026-04-11,658.0820234819024,Оплачен
2872,755,2026-04-08,661.4828104038563,Оплачен
2873,199,2026-05-08,753.8281698376096,Оплачен
2874,67,2026-04-29,127.18147476786493,Оплачен
2875,1114,2026-05-14,813.0900628307755,Не оплачен
2876,725,2026-04-22,961.5785959864866,Оплачен
2877,843,2026-04-01,513.7474181517441,Не оплачен
2878,1178,2026-01-14,494.4070631589467,Не оплачен
2879,726,2026-01-08,153.62885126395423,Оплачен
2880,509,2026-03-31,189.16649531587413,Не оплачен
2881,954,2026-05-20,538.9138068004179,Не оплачен
2882,559,2026-02-27,882.6090658203634,Не оплачен
2883,45,2026-04-22,304.39118177433556,Не оплачен
2884,1009,2026-02-05,788.95085611454,Не оплачен
2885,862,2026-01-30,640.8170751794298,Оплачен
2886,412,2026-04-02,116.19232840833689,Не оплачен
2887,68,2026-02-11,177.75728436645448,Не оплачен
2888,273,2026-03-08,517.340538803596,Оплачен
2889,1197,2026-02-01,444.1286825783691,Оплачен
2890,861,2026-05-10,258.98089199957496,Не оплачен
2891,315,2026-04-14,361.9885275927565,Оплачен
2892,575,2026-05-08,414.71700404943164,Не оплачен
2893,908,2026-03-07,854.2801909369837,Оплачен
2894,755,2026-03-24,928.9192647794164,Оплачен
2895,453,2026-04-03,178.57188247559804,Не оплачен
2896,557,2026-03-18,707.0475096880245,Не оплачен
2897,569,2026-03-03,468.078594154491,Оплачен
2898,974,2026-05-25,130.6879621693267,Не оплачен
2899,257,2026-03-10,130.9687413001398,Оплачен
2900,79,2026-03-30,915.3594636059597,Оплачен
2901,827,2026-04-24,815.4881855393465,Не оплачен
2902,738,2026-04-05,720.5261806334395,Оплачен
2903,805,2026-02-26,484.2680430765362,Оплачен
2904,601,2026-04-19,657.5660836395912,Не оплачен
2905,1006,2026-05-03,523.9354962639541,Оплачен
2906,336,2026-02-16,970.4737112218705,Оплачен
2907,980,2026-04-28,201.2363502950905,Оплачен
2908,907,2026-05-17,618.5697317687337,Оплачен
2909,175,2026-02-20,611.2082052748003,Оплачен
2910,844,2026-03-25,948.9931360845254,Не оплачен
2911,129,2026-04-11,513.1919304939474,Оплачен
2912,874,2026-04-05,761.1601642311572,Не оплачен
2913,672,2026-03-02,625.3741652230941,Оплачен
2914,636,2026-02-28,526.2125651014667,Не оплачен
2915,166,2026-01-13,702.2754704300775,Не оплачен
2916,1122,2026-03-24,320.0963511898996,Не оплачен
2917,873,2026-01-22,237.01705199963024,Оплачен
2918,769,2026-03-18,937.5643644214381,Оплачен
2919,1138,2026-05-19,148.79468857258217,Оплачен
2920,194,2026-03-17,457.8263750478826,Не оплачен
2921,807,2026-04-15,236.2841622740933,Не оплачен
2922,521,2026-04-01,899.1734060313995,Не оплачен
2923,801,2026-05-08,476.8743330036115,Оплачен
2924,1048,2026-05-07,128.96023103183853,Оплачен
2925,431,2026-02-12,331.3928776014787,Не оплачен
2926,1106,2026-05-23,984.3106503435836,Не оплачен
2927,54,2026-04-23,469.1921296100507,Не оплачен
2928,876,2026-02-07,908.3256468545042,Оплачен
2929,971,2026-03-10,512.9989078638562,Не оплачен
2930,551,2026-01-23,579.1706061510827,Не оплачен
2931,568,2026-04-20,964.2899109173612,Не оплачен
2932,1146,2026-05-05,262.9543984420088,Не оплачен
2933,399,2026-05-16,915.2453503186655,Оплачен
2934,1046,2026-01-10,918.8887671311124,Не оплачен
2935,562,2026-02-18,496.44154910890796,Оплачен
2936,509,2026-01-06,158.11476391749318,Оплачен
2937,800,2026-01-15,486.92199283458507,Оплачен
2938,353,2026-01-04,166.59176716275113,Не оплачен
2939,648,2026-03-09,216.57874393987404,Не оплачен
2940,663,2026-02-16,953.5638378002977,Не оплачен
2941,309,2026-04-02,546.2031108338001,Не оплачен
2942,1043,2026-04-17,210.92854612798584,Оплачен
2943,841,2026-03-20,381.35523228242516,Не оплачен
2944,1041,2026-03-15,392.6655042829506,Не оплачен
2945,731,2026-04-10,718.3869076070745,Оплачен
2946,464,2026-02-04,164.0651948697212,Оплачен
2947,1029,2026-02-18,105.24832147681168,Оплачен
2948,307,2026-01-26,837.6240331447225,Оплачен
2949,848,2026-04-22,482.2101280387924,Не оплачен
2950,1118,2026-05-09,117.78365082091015,Оплачен
2951,18,2026-05-09,839.810168841665,Оплачен
2952,724,2026-01-14,275.73912177718745,Не оплачен
2953,501,2026-05-03,751.3690709426403,Не оплачен
2954,654,2026-05-05,663.6131952519946,Оплачен
2955,849,2026-05-25,856.274983740932,Оплачен
2956,882,2026-05-09,367.64844247705804,Не оплачен
2957,548,2026-03-10,954.0465887391737,Оплачен
2958,954,2026-04-05,441.4756236541756,Оплачен
2959,980,2026-01-24,841.5720367569959,Оплачен
2960,122,2026-02-23,902.9798257519751,Не оплачен
2961,778,2026-01-10,865.7415094852732,Оплачен
2962,870,2026-04-09,896.0151803186769,Оплачен
2963,526,2026-03-30,267.86377180952826,Оплачен
2964,78,2026-02-23,561.1941834673421,Не оплачен
2965,609,2026-02-21,544.6445849545291,Оплачен
2966,340,2026-03-30,756.4371738551199,Не оплачен
2967,595,2026-04-17,345.8613024667966,Оплачен
2968,865,2026-03-01,706.3027739543189,Оплачен
2969,786,2026-05-13,901.2881256888962,Не оплачен
2970,588,2026-01-03,320.5103912280838,Оплачен
2971,749,2026-04-01,207.58783546665595,Не оплачен
2972,895,2026-04-04,376.1768823644608,Не оплачен
2973,425,2026-05-15,108.27240422410632,Не оплачен
2974,276,2026-02-13,302.1985969756585,Оплачен
2975,71,2026-03-26,484.67706808796476,Не оплачен
2976,1154,2026-01-25,258.1492413176932,Не оплачен
2977,723,2026-01-27,303.9850554170562,Не оплачен
2978,924,2026-04-14,458.0679901309008,Не оплачен
2979,1158,2026-01-17,210.79386097170345,Оплачен
2980,22,2026-03-30,529.4543094632638,Оплачен
2981,1103,2026-05-18,679.9422360565372,Оплачен
2982,235,2026-01-15,939.2618605884134,Оплачен
2983,690,2026-04-06,377.9161701381631,Не оплачен
2984,571,2026-01-30,820.732727956467,Оплачен
2985,974,2026-04-23,503.99863109840584,Не оплачен
2986,887,2026-02-06,251.3547283560803,Оплачен
2987,709,2026-02-07,814.37993171476,Не оплачен
2988,969,2026-04-08,182.8493402524304,Оплачен
2989,878,2026-04-20,444.2487699442628,Не оплачен
2990,826,2026-02-22,820.9902976140872,Не оплачен
2991,821,2026-02-17,681.0585905890355,Оплачен
2992,630,2026-03-17,799.0139331633954,Оплачен
2993,320,2026-04-25,934.4391386229942,Не оплачен
2994,154,2026-04-22,502.9428014459557,Не оплачен
2995,960,2026-02-16,980.8518763014264,Оплачен
2996,670,2026-05-18,545.1561961570098,Не оплачен
2997,364,2026-01-24,377.1473095424233,Оплачен
2998,1088,2026-01-12,389.31669363297925,Оплачен
2999,939,2026-04-22,428.41842562394413,Не оплачен
3000,785,2026-04-17,527.9474615890398,Оплачен
3001,245,2026-04-24,573.5846375608223,Не оплачен
3002,67,2026-04-25,637.2778427064836,Не оплачен
3003,66,2026-05-02,371.0267339700399,Оплачен
3004,936,2026-01-07,175.8024500131835,Не оплачен
3005,288,2026-01-22,479.08003550064666,Оплачен
3006,392,2026-04-26,449.14457579230947,Не оплачен
3007,439,2026-03-24,592.3233999727879,Оплачен
3008,950,2026-01-08,475.0887182928602,Не оплачен
3009,777,2026-04-23,218.02072346689198,Оплачен
3010,449,2026-05-07,394.1762560752335,Не оплачен
3011,811,2026-04-28,436.19513911293143,Оплачен
3012,567,2026-02-01,830.9018129790836,Оплачен
3013,885,2026-01-15,103.04753999379976,Оплачен
3014,1112,2026-03-14,186.27908448282363,Не оплачен
3015,840,2026-01-21,522.6351935620122,Не оплачен
3016,408,2026-04-17,510.42802388858536,Не оплачен
3017,951,2026-05-29,343.8407035497935,Оплачен
3018,223,2026-02-08,957.0789114859252,Не оплачен
3019,1063,2026-02-23,392.6818506047676,Оплачен
3020,932,2026-03-20,543.2415849478743,Не оплачен
3021,183,2026-04-03,234.32733138973475,Оплачен
3022,1158,2026-03-17,296.26502690159566,Не оплачен
3023,865,2026-02-27,236.46903601843277,Не оплачен
3024,553,2026-01-22,819.7868783875763,Оплачен
3025,982,2026-03-12,976.6994487570416,Не оплачен
3026,1195,2026-01-25,599.6162877620175,Оплачен
3027,250,2026-04-18,465.0437624154952,Не оплачен
3028,698,2026-03-23,897.9713700303383,Не оплачен
3029,335,2026-03-21,276.4949011549045,Не оплачен
3030,8,2026-02-17,667.0040018864731,Оплачен
3031,122,2026-04-17,458.0136511817509,Не оплачен
3032,380,2026-02-13,151.80650382379565,Не оплачен
3033,1007,2026-02-27,852.3688873359442,Оплачен
3034,1123,2026-03-18,459.29603050499753,Не оплачен
3035,952,2026-01-07,762.1034000713446,Не оплачен
3036,67,2026-04-28,766.1107759529416,Не оплачен
3037,1164,2026-02-18,952.2407842006911,Оплачен
3038,1096,2026-01-01,676.272167191166,Оплачен
3039,54,2026-05-22,942.7403959440928,Не оплачен
3040,100,2026-02-21,882.1709974302842,Оплачен
3041,76,2026-02-26,502.11944975372404,Оплачен
3042,930,2026-03-19,444.44872081324127,Оплачен
3043,1073,2026-03-12,884.9242653816633,Не оплачен
3044,383,2026-02-12,265.89990594385677,Не оплачен
3045,529,2026-05-27,869.4771491144235,Оплачен
3046,996,2026-01-13,493.1681062762657,Не оплачен
3047,820,2026-02-23,267.59691401705754,Оплачен
3048,479,2026-04-05,203.25970911082038,Оплачен
3049,563,2026-01-12,541.3682047462164,Оплачен
3050,599,2026-02-18,187.19971412965174,Не оплачен
3051,881,2026-05-26,696.9192903056598,Оплачен
3052,265,2026-01-12,213.30105751706867,Не оплачен
3053,764,2026-01-26,432.14325137585803,Не оплачен
3054,1096,2026-04-09,568.5622734121966,Оплачен
3055,98,2026-04-09,428.48750644265704,Не оплачен
3056,866,2026-05-04,831.0974424300057,Не оплачен
3057,1133,2026-05-28,561.6070355391483,Оплачен
3058,343,2026-04-04,236.4543140752357,Оплачен
3059,1108,2026-04-16,757.2992629853537,Не оплачен
3060,1116,2026-01-11,585.6915091963054,Не оплачен
3061,468,2026-05-08,369.76400523105286,Оплачен
3062,161,2026-03-30,541.7996033171901,Оплачен
3063,886,2026-05-25,700.5349901314993,Не оплачен
3064,1147,2026-05-11,766.0740094545496,Не оплачен
3065,1001,2026-02-05,388.5061956225367,Не оплачен
3066,917,2026-02-03,182.74516252461996,Не оплачен
3067,979,2026-03-04,279.6974566085489,Оплачен
3068,694,2026-01-21,402.4261780283467,Оплачен
3069,294,2026-01-13,133.79760696872927,Не оплачен
3070,1082,2026-03-15,494.1825552761842,Не оплачен
3071,127,2026-05-01,770.3837156899397,Оплачен
3072,791,2026-01-07,365.6138089626966,Не оплачен
3073,511,2026-03-07,120.45081731286118,Не оплачен
3074,636,2026-01-10,640.0922261660473,Оплачен
3075,150,2026-05-03,504.65835346500626,Оплачен
3076,708,2026-05-06,401.4771369907733,Не оплачен
3077,756,2026-04-06,580.8272843943562,Не оплачен
3078,146,2026-01-04,375.0839312421526,Оплачен
3079,810,2026-04-05,369.41273868362055,Не оплачен
3080,440,2026-03-10,518.8484126833653,Не оплачен
3081,294,2026-01-20,882.7471891444391,Оплачен
3082,415,2026-01-24,445.30970816908246,Оплачен
3083,24,2026-02-14,626.5694181929316,Оплачен
3084,414,2026-04-10,435.38483052082256,Оплачен
3085,32,2026-04-15,558.3615819762679,Не оплачен
3086,751,2026-04-24,173.0278040460713,Не оплачен
3087,106,2026-01-29,301.25699916530823,Оплачен
3088,210,2026-04-17,751.4354004011558,Оплачен
3089,1195,2026-02-13,149.11130688021663,Не оплачен
3090,804,2026-05-16,191.86250465517034,Не оплачен
3091,397,2026-02-23,920.5706098876693,Оплачен
3092,735,2026-02-20,574.6217706248699,Оплачен
3093,751,2026-03-19,360.1862513351324,Оплачен
3094,575,2026-04-03,590.6607139771563,Оплачен
3095,1078,2026-03-06,694.8645104811653,Оплачен
3096,372,2026-01-05,672.8871880866029,Оплачен
3097,614,2026-04-21,363.0453874272804,Оплачен
3098,459,2026-05-26,137.59659607235238,Оплачен
3099,521,2026-02-09,789.6222425175058,Оплачен
3100,332,2026-03-08,211.06266068828234,Оплачен
3101,432,2026-05-14,597.9478234775286,Оплачен
3102,654,2026-02-03,694.7609631229433,Оплачен
3103,992,2026-01-10,996.5819767237086,Не оплачен
3104,770,2026-03-12,761.8564997637657,Не оплачен
3105,1098,2026-01-24,734.3723648340531,Не оплачен
3106,948,2026-03-22,735.8119975900437,Не оплачен
3107,20,2026-02-11,289.4623263673948,Не оплачен
3108,737,2026-01-10,949.1728335849721,Не оплачен
3109,1139,2026-01-23,571.2940967022929,Не оплачен
3110,421,2026-05-02,922.5483224101032,Не оплачен
3111,61,2026-05-05,881.0304964214552,Оплачен
3112,1087,2026-05-28,232.3644999299198,Не оплачен
3113,996,2026-02-03,324.8084265660852,Оплачен
3114,683,2026-02-10,901.8786141842872,Не оплачен
3115,706,2026-05-19,918.7844003920356,Оплачен
3116,236,2026-03-09,285.53108244612963,Оплачен
3117,850,2026-05-04,612.431418125555,Оплачен
3118,293,2026-01-18,879.2759454987334,Не оплачен
3119,190,2026-03-07,944.6852869485016,Не оплачен
3120,82,2026-01-08,396.8295102835779,Оплачен
3121,168,2026-02-02,807.7120550592258,Оплачен
3122,437,2026-03-20,503.36184366352694,Не оплачен
3123,134,2026-01-30,561.4959089863502,Не оплачен
3124,841,2026-02-25,993.4959395782787,Не оплачен
3125,848,2026-01-18,410.4766435776619,Оплачен
3126,621,2026-01-06,443.5302127620652,Оплачен
3127,7,2026-03-15,970.6539403400647,Оплачен
3128,712,2026-02-24,997.8707417908998,Не оплачен
3129,1156,2026-05-27,232.73304204791,Оплачен
3130,1100,2026-03-04,547.1512502013875,Оплачен
3131,641,2026-01-05,162.60679193128792,Оплачен
3132,24,2026-05-03,459.9015112836773,Не оплачен
3133,313,2026-05-18,761.5590926006024,Оплачен
3134,294,2026-05-06,143.64768576611218,Не оплачен
3135,182,2026-04-04,761.4692535049018,Оплачен
3136,35,2026-05-01,373.7504521628207,Не оплачен
3137,909,2026-02-14,267.15417055899593,Не оплачен
3138,1060,2026-01-27,452.31103340450625,Не оплачен
3139,278,2026-01-03,373.316499827501,Не оплачен
3140,144,2026-04-22,154.54465017276075,Оплачен
3141,510,2026-05-16,421.60793740044704,Оплачен
3142,867,2026-03-08,832.6637063826926,Оплачен
3143,777,2026-02-13,987.255844749618,Оплачен
3144,593,2026-05-08,686.0434207114826,Не оплачен
3145,1145,2026-02-03,405.0052477135495,Оплачен
3146,675,2026-05-17,336.06600927394413,Оплачен
3147,1118,2026-02-07,980.322487515347,Оплачен
3148,320,2026-02-18,410.57102422535604,Не оплачен
3149,605,2026-04-01,502.6547230599286,Не оплачен
3150,468,2026-04-08,460.2946025464033,Оплачен
3151,391,2026-04-01,333.0633379336807,Не оплачен
3152,1057,2026-01-12,433.9713234925628,Не оплачен
3153,702,2026-01-25,232.8939690109383,Оплачен
3154,1067,2026-03-22,879.124090748367,Не оплачен
3155,596,2026-05-26,852.1542782580691,Оплачен
3156,1180,2026-01-05,999.3556953046137,Не оплачен
3157,673,2026-02-24,181.88241207724198,Оплачен
3158,105,2026-03-05,130.93865535618667,Оплачен
3159,783,2026-04-25,652.1863881575482,Оплачен
3160,1127,2026-02-27,868.8119122952377,Оплачен
3161,524,2026-01-11,932.9840657233998,Оплачен
3162,8,2026-03-04,657.3185603882719,Оплачен
3163,480,2026-04-06,118.99370386381216,Не оплачен
3164,297,2026-01-08,885.5263466031339,Оплачен
3165,880,2026-04-27,668.9514676888235,Оплачен
3166,992,2026-03-19,127.22086391501699,Оплачен
3167,940,2026-04-26,130.03236784575526,Не оплачен
3168,677,2026-03-02,540.0454376257819,Не оплачен
3169,222,2026-05-28,292.83545576113653,Не оплачен
3170,843,2026-05-05,315.79027936509704,Оплачен
3171,113,2026-01-17,434.37133072260247,Оплачен
3172,517,2026-01-12,451.7421571672426,Не оплачен
3173,1015,2026-01-09,821.8275578041574,Оплачен
3174,969,2026-05-20,620.0902970562322,Не оплачен
3175,477,2026-05-06,635.9550364227885,Оплачен
3176,17,2026-01-30,986.065229754472,Оплачен
3177,515,2026-03-06,505.64234623537396,Оплачен
3178,56,2026-05-01,664.815594421672,Оплачен
3179,257,2026-03-10,544.6513880917985,Не оплачен
3180,482,2026-03-16,920.8129572925394,Оплачен
3181,1068,2026-04-06,222.72417179295888,Не оплачен
3182,926,2026-01-04,440.69240992969515,Не оплачен
3183,1179,2026-03-26,789.7410974162792,Не оплачен
3184,610,2026-02-16,826.0348540017555,Не оплачен
3185,539,2026-03-21,627.1214226089696,Не оплачен
3186,1069,2026-01-07,706.7736439601832,Оплачен
3187,878,2026-05-25,140.1912952994614,Не оплачен
3188,517,2026-01-09,220.9666254629018,Оплачен
3189,10,2026-02-12,917.840128080296,Оплачен
3190,760,2026-03-19,908.2322264595372,Оплачен
3191,765,2026-01-30,510.7836766222623,Не оплачен
3192,697,2026-04-21,546.9338057353991,Оплачен
3193,1096,2026-05-11,377.391387457939,Оплачен
3194,741,2026-04-11,644.1693925207945,Не оплачен
3195,683,2026-02-27,589.2433929682072,Оплачен
3196,547,2026-04-23,393.09921426072543,Оплачен
3197,988,2026-03-09,434.2688182050825,Не оплачен
3198,103,2026-01-30,781.9038809833369,Не оплачен
3199,921,2026-02-06,824.0962703360902,Не оплачен
3200,215,2026-01-01,853.598464527575,Не оплачен
3201,404,2026-03-24,444.2606616478969,Не оплачен
3202,550,2026-01-23,564.7825174015286,Не оплачен
3203,691,2026-01-17,189.07495804435266,Оплачен
3204,171,2026-03-05,431.569189355459,Оплачен
3205,536,2026-02-10,477.70808753524096,Не оплачен
3206,549,2026-05-08,962.2637953179839,Оплачен
3207,942,2026-01-18,828.152188313182,Оплачен
3208,1167,2026-04-08,681.5437975807504,Оплачен
3209,199,2026-01-07,277.88971971648016,Оплачен
3210,935,2026-02-14,174.78936131877455,Не оплачен
3211,149,2026-05-16,900.1536092172187,Не оплачен
3212,22,2026-01-01,942.1045368273548,Оплачен
3213,411,2026-05-02,906.7697190891128,Оплачен
3214,448,2026-04-20,346.14141806283055,Оплачен
3215,319,2026-05-20,410.62620980325676,Не оплачен
3216,908,2026-03-20,158.18915622973677,Не оплачен
3217,261,2026-04-24,502.45968368959313,Оплачен
3218,542,2026-02-28,251.5255587046501,Не оплачен
3219,843,2026-03-17,697.1343116287832,Не оплачен
3220,594,2026-01-13,523.642779220318,Не оплачен
3221,625,2026-03-24,839.3263540288207,Не оплачен
3222,906,2026-04-24,418.28926038235454,Не оплачен
3223,920,2026-04-06,458.77578153715467,Не оплачен
3224,987,2026-01-08,141.28422367646323,Не оплачен
3225,952,2026-04-20,118.49742742784639,Оплачен
3226,870,2026-05-29,473.44333058833934,Оплачен
3227,137,2026-01-23,787.8839551991235,Оплачен
3228,295,2026-03-01,985.6157554331248,Не оплачен
3229,928,2026-05-21,136.34663728892713,Не оплачен
3230,297,2026-03-20,813.7425440391224,Не оплачен
3231,638,2026-02-09,396.58402034370374,Не оплачен
3232,1168,2026-03-26,982.3549093042188,Оплачен
3233,850,2026-01-16,379.04593937283374,Оплачен
3234,810,2026-01-28,845.4651577044093,Оплачен
3235,105,2026-02-02,300.04612680079606,Оплачен
3236,780,2026-03-21,196.1882586456116,Не оплачен
3237,517,2026-03-13,124.33129346821286,Оплачен
3238,456,2026-05-24,219.5131150799212,Оплачен
3239,663,2026-02-23,875.741455776398,Не оплачен
3240,1088,2026-05-16,554.9140090073245,Не оплачен
3241,1091,2026-05-06,906.853239729787,Оплачен
3242,763,2026-04-30,484.17668025215704,Оплачен
3243,156,2026-02-25,719.0812170448975,Оплачен
3244,218,2026-02-25,976.0565593144124,Оплачен
3245,379,2026-03-21,781.9096219492154,Не оплачен
3246,98,2026-01-12,901.1677837272306,Не оплачен
3247,536,2026-02-02,987.7250766643973,Оплачен
3248,797,2026-03-18,617.398563632572,Оплачен
3249,567,2026-03-04,597.9768544325816,Оплачен
3250,91,2026-03-02,499.5435378457523,Оплачен
3251,1113,2026-01-23,192.09777026723015,Не оплачен
3252,399,2026-01-17,447.93181432611425,Оплачен
3253,758,2026-01-27,766.7775963350451,Оплачен
3254,1147,2026-04-28,214.35000198730603,Не оплачен
3255,7,2026-03-15,671.024324148097,Не оплачен
3256,1148,2026-05-11,644.9826708791184,Не оплачен
3257,974,2026-05-08,307.6492384047243,Не оплачен
3258,1156,2026-01-22,339.5285320066571,Не оплачен
3259,500,2026-03-29,754.9903816035699,Не оплачен
3260,1086,2026-05-04,602.6113739264119,Не оплачен
3261,705,2026-02-06,945.3596900038503,Оплачен
3262,546,2026-04-29,102.64704419760703,Не оплачен
3263,345,2026-01-30,697.3325539105404,Оплачен
3264,743,2026-01-22,566.0874760441604,Не оплачен
3265,332,2026-02-25,164.79389025345426,Оплачен
3266,201,2026-02-08,883.7674066801368,Оплачен
3267,752,2026-04-09,644.4711328527518,Не оплачен
3268,79,2026-03-01,880.939765270263,Оплачен
3269,998,2026-03-26,834.2034939848892,Не оплачен
3270,549,2026-04-14,337.0833828271692,Оплачен
3271,395,2026-01-01,503.9833993739752,Оплачен
3272,850,2026-01-18,351.6868183415226,Не оплачен
3273,521,2026-01-23,711.2053470523074,Не оплачен
3274,526,2026-04-15,587.2592099064805,Не оплачен
3275,908,2026-05-16,538.4917948256008,Не оплачен
3276,1170,2026-04-08,766.6023868353736,Оплачен
3277,1110,2026-01-10,311.349841685969,Не оплачен
3278,1114,2026-01-12,431.55376094661625,Не оплачен
3279,302,2026-05-25,159.36586218956705,Не оплачен
3280,34,2026-03-22,513.3460713902798,Не оплачен
3281,1194,2026-05-24,408.5196981086233,Не оплачен
3282,605,2026-01-28,543.4341337336473,Не оплачен
3283,235,2026-03-05,728.1579138828674,Оплачен
3284,138,2026-03-26,829.8672253838329,Оплачен
3285,849,2026-03-05,975.6600599187091,Оплачен
3286,1030,2026-01-02,185.74703779875523,Не оплачен
3287,557,2026-03-14,145.0677611611479,Не оплачен
3288,810,2026-01-21,793.0991366617224,Оплачен
3289,466,2026-02-01,905.8769974369177,Не оплачен
3290,521,2026-04-01,480.5661741184577,Не оплачен
3291,911,2026-01-13,281.40567026986616,Оплачен
3292,964,2026-05-10,396.80913288996675,Оплачен
3293,665,2026-05-20,387.4678848191122,Не оплачен
3294,517,2026-04-19,240.62584402672053,Оплачен
3295,493,2026-05-10,557.0336348258334,Оплачен
3296,534,2026-05-10,212.31999366844616,Не оплачен
3297,34,2026-04-29,674.0480755854617,Не оплачен
3298,798,2026-05-16,327.5340079992668,Оплачен
3299,477,2026-02-24,905.0574990421253,Оплачен
3300,402,2026-01-18,759.532138972363,Оплачен
3301,1125,2026-05-07,357.7034474985865,Не оплачен
3302,510,2026-01-13,439.8856876730627,Оплачен
3303,131,2026-03-22,244.11349423307203,Не оплачен
3304,1142,2026-03-18,366.26161905605045,Не оплачен
3305,122,2026-03-12,464.7244599616,Не оплачен
3306,71,2026-02-04,850.9276730976412,Не оплачен
3307,1053,2026-03-05,294.62658826302527,Оплачен
3308,86,2026-02-12,873.3508053370925,Не оплачен
3309,401,2026-01-22,792.0940399637634,Оплачен
3310,1131,2026-02-22,310.10329710871025,Не оплачен
3311,312,2026-03-28,986.634682582093,Оплачен
3312,226,2026-02-19,484.3626648908406,Не оплачен
3313,183,2026-02-14,943.5701899036836,Не оплачен
3314,1139,2026-05-17,957.1353298530412,Не оплачен
3315,1069,2026-03-29,298.0338380278731,Оплачен
3316,819,2026-01-13,485.4852039546517,Не оплачен
3317,250,2026-04-24,139.17685644263548,Не оплачен
3318,670,2026-01-18,965.2383124188979,Не оплачен
3319,460,2026-03-07,531.73987342785,Не оплачен
3320,877,2026-03-30,573.9259473900129,Оплачен
3321,434,2026-02-06,858.2006295319982,Оплачен
3322,19,2026-01-23,839.9085289447962,Не оплачен
3323,535,2026-03-13,529.1487616616203,Оплачен
3324,963,2026-01-23,937.4397431251693,Не оплачен
3325,872,2026-02-12,335.40678234478105,Оплачен
3326,443,2026-04-16,231.18572986976415,Не оплачен
3327,311,2026-02-22,502.25185728796635,Оплачен
3328,266,2026-03-06,519.3535850666003,Оплачен
3329,529,2026-02-25,154.58634888793523,Не оплачен
3330,280,2026-01-24,913.2496501959554,Не оплачен
3331,998,2026-01-08,888.4444848510099,Оплачен
3332,114,2026-01-31,806.9733233612213,Не оплачен
3333,937,2026-03-07,856.1026634962293,Не оплачен
3334,19,2026-02-10,709.0952075721092,Оплачен
3335,811,2026-01-29,626.3999610350024,Не оплачен
3336,1002,2026-04-04,806.7126017971776,Не оплачен
3337,523,2026-03-07,248.74918915426812,Не оплачен
3338,995,2026-03-31,495.24167988928394,Не оплачен
3339,977,2026-01-09,236.16068945659404,Оплачен
3340,15,2026-01-22,883.5625939079995,Оплачен
3341,224,2026-02-06,240.6418638404494,Не оплачен
3342,811,2026-05-22,360.08638093117054,Не оплачен
3343,243,2026-05-28,892.6913376965957,Не оплачен
3344,238,2026-03-20,526.1432032674963,Оплачен
3345,91,2026-04-19,128.56678064111773,Оплачен
3346,865,2026-01-29,527.128645568447,Оплачен
3347,146,2026-01-29,822.9257372653954,Оплачен
3348,430,2026-01-08,418.40519905749846,Оплачен
3349,248,2026-01-06,846.7762392396644,Не оплачен
3350,726,2026-05-10,179.22282022403942,Оплачен
3351,300,2026-04-20,998.5200997662,Оплачен
3352,920,2026-04-05,743.2447875468644,Оплачен
3353,331,2026-03-30,899.4092682453274,Не оплачен
3354,1154,2026-03-23,426.14428081930214,Не оплачен
3355,664,2026-04-28,429.4178635495053,Не оплачен
3356,1006,2026-05-10,435.2471626104704,Не оплачен
3357,1074,2026-05-16,291.91116090894843,Не оплачен
3358,1015,2026-03-07,143.2401408134491,Оплачен
3359,110,2026-02-28,817.3869554639408,Не оплачен
3360,1032,2026-02-05,242.9982407467365,Не оплачен
3361,737,2026-02-15,533.4602459385835,Не оплачен
3362,601,2026-03-25,806.518616728682,Не оплачен
3363,920,2026-01-22,315.8453878706738,Оплачен
3364,226,2026-05-14,253.1826736036261,Не оплачен
3365,1129,2026-02-17,334.5012977272262,Оплачен
3366,322,2026-01-16,891.1110214832368,Оплачен
3367,470,2026-01-12,992.374148278332,Не оплачен
3368,913,2026-05-24,936.9810925379946,Оплачен
3369,802,2026-05-16,471.8997533721113,Не оплачен
3370,730,2026-03-31,616.1470581368322,Оплачен
3371,492,2026-03-25,421.53120358490025,Оплачен
3372,802,2026-03-08,443.80374074594073,Не оплачен
3373,1141,2026-02-08,724.9526992594813,Оплачен
3374,382,2026-01-06,309.9429077712117,Не оплачен
3375,625,2026-03-07,292.4518856070608,Оплачен
3376,82,2026-02-05,672.0955291571998,Не оплачен
3377,257,2026-03-12,905.1783625387324,Оплачен
3378,761,2026-04-17,450.1952329091412,Оплачен
3379,830,2026-04-26,269.4722703750706,Не оплачен
3380,45,2026-02-12,279.9728950477938,Не оплачен
3381,158,2026-01-03,667.7813363835656,Не оплачен
3382,652,2026-02-05,890.5964361854687,Оплачен
3383,18,2026-05-15,385.84844727203244,Оплачен
3384,1077,2026-04-08,369.5911225014179,Не оплачен
3385,844,2026-02-10,187.6827854865231,Оплачен
3386,1124,2026-03-04,773.742958903574,Не оплачен
3387,313,2026-02-25,498.92284849493564,Не оплачен
3388,529,2026-04-14,299.27564524023205,Не оплачен
3389,1041,2026-03-01,678.1725424352758,Оплачен
3390,978,2026-01-26,363.6173079762747,Оплачен
3391,1063,2026-04-09,778.1392537705503,Не оплачен
3392,448,2026-03-15,465.8403337943112,Оплачен
3393,353,2026-05-10,128.07343942647316,Оплачен
3394,1083,2026-01-17,339.88293765669056,Не оплачен
3395,464,2026-05-12,679.0418172836202,Оплачен
3396,402,2026-01-20,352.21375530799685,Не оплачен
3397,389,2026-01-12,574.1500222386603,Не оплачен
3398,152,2026-05-28,394.21956279750685,Не оплачен
3399,583,2026-02-05,350.22387463681923,Не оплачен
3400,2,2026-04-04,997.7748502473418,Оплачен
3401,58,2026-03-19,511.1824784894938,Не оплачен
3402,368,2026-04-29,764.3158580272157,Не оплачен
3403,525,2026-04-16,689.668832373043,Оплачен
3404,742,2026-01-16,839.272725196213,Оплачен
3405,164,2026-04-06,703.784817742151,Не оплачен
3406,1190,2026-04-05,114.09047218890485,Не оплачен
3407,270,2026-02-25,406.4315895496958,Оплачен
3408,17,2026-04-08,853.5219096506247,Оплачен
3409,902,2026-01-13,384.60088308053344,Оплачен
3410,580,2026-01-26,639.5003351257699,Оплачен
3411,153,2026-01-09,681.5314431824332,Не оплачен
3412,526,2026-03-01,132.89764182774763,Оплачен
3413,750,2026-01-02,638.1768931670407,Оплачен
3414,1072,2026-05-25,575.5842597206017,Не оплачен
3415,870,2026-01-15,894.6656942438362,Оплачен
3416,727,2026-03-12,987.6001739964768,Не оплачен
3417,370,2026-01-06,570.7120880570513,Не оплачен
3418,735,2026-04-09,389.91312902377547,Оплачен
3419,962,2026-03-04,650.525323243661,Не оплачен
3420,356,2026-01-28,554.5437386175886,Не оплачен
3421,928,2026-03-11,164.0087633517231,Не оплачен
3422,1089,2026-05-02,409.17014406816656,Не оплачен
3423,1130,2026-01-01,181.91032297968684,Не оплачен
3424,987,2026-01-12,381.1272510757181,Не оплачен
3425,563,2026-03-27,949.9691852204668,Оплачен
3426,529,2026-04-23,597.2253554970939,Оплачен
3427,1158,2026-02-09,663.7989399233094,Оплачен
3428,91,2026-05-03,465.9010249509927,Не оплачен
3429,122,2026-03-18,837.8101954727222,Не оплачен
3430,1195,2026-05-09,399.5638799768209,Оплачен
3431,1166,2026-01-03,601.2142702735449,Оплачен
3432,1022,2026-03-14,495.9976362913707,Оплачен
3433,139,2026-02-23,399.6577692370755,Не оплачен
3434,1010,2026-01-23,135.18116400652104,Не оплачен
3435,1086,2026-01-31,903.4677681351712,Не оплачен
3436,728,2026-01-23,908.229480733396,Не оплачен
3437,302,2026-05-02,748.7541140715168,Оплачен
3438,453,2026-04-22,752.1989259142794,Не оплачен
3439,636,2026-02-28,122.8094455568176,Оплачен
3440,996,2026-02-21,204.42297773586353,Оплачен
3441,479,2026-05-06,209.82162826852235,Оплачен
3442,186,2026-03-11,234.80941190582442,Оплачен
3443,1013,2026-01-30,918.1158430760325,Оплачен
3444,1160,2026-03-03,435.07308906414795,Не оплачен
3445,477,2026-03-13,188.9793943203006,Не оплачен
3446,608,2026-04-03,199.88933959922576,Оплачен
3447,490,2026-03-21,505.4128187601784,Не оплачен
3448,640,2026-05-23,113.0847693569947,Не оплачен
3449,321,2026-04-20,453.8508066710283,Оплачен
3450,463,2026-04-28,414.49622234082165,Не оплачен
3451,689,2026-03-09,646.7583159868824,Не оплачен
3452,906,2026-04-01,474.8650839641865,Оплачен
3453,428,2026-03-22,487.22426507439906,Оплачен
3454,858,2026-02-23,196.4666043747513,Оплачен
3455,337,2026-02-02,701.9254635808206,Оплачен
3456,433,2026-02-28,304.1548808984944,Не оплачен
3457,997,2026-01-20,349.0940867408437,Оплачен
3458,435,2026-03-04,678.5643680385529,Не оплачен
3459,249,2026-01-24,259.1375745273283,Не оплачен
3460,228,2026-03-28,242.56260357965814,Не оплачен
3461,201,2026-05-21,875.6479043426987,Оплачен
3462,583,2026-02-24,177.95672665278397,Оплачен
3463,120,2026-03-05,351.5664281841208,Не оплачен
3464,1011,2026-01-15,339.36862010249456,Оплачен
3465,1089,2026-05-17,463.31706896305485,Не оплачен
3466,333,2026-01-05,821.0392608019954,Не оплачен
3467,1103,2026-03-09,206.28661831224218,Оплачен
3468,388,2026-02-26,357.295233600997,Не оплачен
3469,889,2026-02-08,221.89800866431588,Оплачен
3470,1067,2026-01-14,626.969433363596,Оплачен
3471,154,2026-03-26,158.65479423785595,Не оплачен
3472,103,2026-04-08,252.4575954712552,Не оплачен
3473,481,2026-05-25,172.00172377403686,Оплачен
3474,9,2026-03-03,989.9647004366558,Оплачен
3475,557,2026-04-16,418.6617059241574,Оплачен
3476,852,2026-02-21,719.397866689471,Не оплачен
3477,721,2026-03-01,516.2328657115775,Оплачен
3478,761,2026-05-26,551.3223216711689,Оплачен
3479,986,2026-03-02,733.7080909600271,Не оплачен
3480,803,2026-04-06,784.0500025910773,Не оплачен
3481,491,2026-01-14,738.0714654718051,Оплачен
3482,6,2026-04-22,865.8309994934905,Не оплачен
3483,892,2026-05-07,734.3907096510651,Не оплачен
3484,727,2026-03-12,196.52795679447863,Не оплачен
3485,1187,2026-04-14,769.984920415483,Оплачен
3486,189,2026-01-16,145.3320752905521,Не оплачен
3487,532,2026-03-24,739.0538487779386,Оплачен
3488,929,2026-03-26,218.05380508631393,Не оплачен
3489,304,2026-02-07,662.9624982572424,Не оплачен
3490,447,2026-05-03,480.85001700110917,Не оплачен
3491,766,2026-01-31,618.9056590670035,Не оплачен
3492,423,2026-04-15,909.7389261095948,Не оплачен
3493,469,2026-01-28,202.561521717805,Не оплачен
3494,191,2026-05-16,314.91545661130147,Оплачен
3495,5,2026-04-23,516.7254874528537,Не оплачен
3496,871,2026-05-07,875.1575252963578,Не оплачен
3497,1139,2026-02-21,512.4974848314763,Не оплачен
3498,191,2026-04-30,291.50012498561,Оплачен
3499,85,2026-03-24,870.6219321657744,Оплачен
3500,857,2026-04-30,978.0625459349305,Не оплачен
3501,717,2026-05-13,837.8073033424068,Не оплачен
3502,739,2026-05-09,428.9620053184479,Не оплачен
3503,688,2026-05-12,963.7326860365921,Оплачен
3504,29,2026-01-26,280.44784665979705,Оплачен
3505,931,2026-04-01,986.0566203086569,Оплачен
3506,602,2026-05-20,449.14936104927284,Оплачен
3507,288,2026-03-07,459.9725603280723,Не оплачен
3508,970,2026-05-06,930.1507007293197,Не оплачен
3509,650,2026-04-21,150.89321558156666,Оплачен
3510,1179,2026-01-26,158.3536194915071,Оплачен
3511,1075,2026-05-20,854.9106252727022,Оплачен
3512,1024,2026-01-08,327.0035776343791,Не оплачен
3513,796,2026-03-14,361.45652916511733,Не оплачен
3514,1165,2026-02-12,690.717931109689,Не оплачен
3515,335,2026-01-12,320.125946229841,Не оплачен
3516,411,2026-05-10,278.7211239595938,Не оплачен
3517,1162,2026-04-29,235.69130326491134,Оплачен
3518,467,2026-03-09,897.6107602259951,Не оплачен
3519,1143,2026-04-14,987.965932436084,Оплачен
3520,811,2026-01-15,208.80208714347918,Оплачен
3521,586,2026-02-19,675.5701253276599,Оплачен
3522,874,2026-03-29,753.9055240959353,Не оплачен
3523,1061,2026-02-09,571.655404374568,Не оплачен
3524,204,2026-01-27,656.8986339983747,Не оплачен
3525,115,2026-03-10,819.363877962543,Оплачен
3526,1109,2026-05-04,989.7651648443077,Не оплачен
3527,286,2026-01-02,488.2202333911255,Оплачен
3528,60,2026-05-06,383.11733293328456,Не оплачен
3529,151,2026-02-22,674.7301803408549,Оплачен
3530,281,2026-04-22,324.0341824550644,Не оплачен
3531,1171,2026-03-24,256.35825266307734,Не оплачен
3532,227,2026-03-29,714.0181868107563,Не оплачен
3533,1032,2026-05-11,694.9489108258624,Оплачен
3534,508,2026-01-03,465.9257643816947,Не оплачен
3535,1179,2026-05-23,981.6495246923959,Оплачен
3536,305,2026-04-07,962.7031764285748,Оплачен
3537,848,2026-02-01,145.88169919286173,Не оплачен
3538,581,2026-01-10,434.25958153746404,Не оплачен
3539,527,2026-02-13,651.4885541817051,Не оплачен
3540,461,2026-04-29,875.9476793310135,Не оплачен
3541,666,2026-03-21,737.6564419532209,Оплачен
3542,165,2026-05-20,872.8234183229011,Оплачен
3543,655,2026-03-12,630.9926982759929,Оплачен
3544,327,2026-03-25,952.7162315361257,Оплачен
3545,1069,2026-05-03,323.2794863931004,Не оплачен
3546,303,2026-01-04,956.6525708187394,Оплачен
3547,820,2026-02-19,597.4457235751147,Оплачен
3548,435,2026-03-08,199.53701615836536,Не оплачен
3549,5,2026-03-21,195.95152927953268,Не оплачен
3550,170,2026-04-06,424.0670336142338,Не оплачен
3551,7,2026-02-12,178.61080014535577,Оплачен
3552,871,2026-04-03,152.30749573075428,Оплачен
3553,508,2026-05-20,410.91707778984176,Не оплачен
3554,433,2026-03-18,316.86614110935113,Не оплачен
3555,1067,2026-05-17,482.68702136784725,Не оплачен
3556,178,2026-01-25,260.35491647791457,Оплачен
3557,942,2026-05-11,354.15673411564455,Оплачен
3558,232,2026-01-16,405.5902801880504,Не оплачен
3559,1102,2026-05-22,678.1984879013219,Не оплачен
3560,959,2026-04-21,630.7769261410003,Не оплачен
3561,921,2026-01-06,645.9905896085564,Не оплачен
3562,1028,2026-03-15,502.70032644673154,Оплачен
3563,972,2026-05-01,733.3642023258723,Не оплачен
3564,475,2026-03-24,207.0959792858464,Не оплачен
3565,573,2026-01-01,323.23289746759167,Не оплачен
3566,252,2026-05-24,394.2120208903987,Не оплачен
3567,561,2026-01-23,317.1042967145112,Не оплачен
3568,940,2026-05-02,328.66103043357566,Оплачен
3569,832,2026-01-26,269.5878534863425,Не оплачен
3570,123,2026-01-20,876.3350253904529,Не оплачен
3571,707,2026-04-11,934.5666577418815,Не оплачен
3572,184,2026-02-15,758.8138399484501,Не оплачен
3573,226,2026-03-25,632.332525351624,Оплачен
3574,940,2026-02-04,201.464984552942,Оплачен
3575,147,2026-02-17,508.18811462424617,Оплачен
3576,768,2026-01-25,938.5689004063951,Не оплачен
3577,1095,2026-05-11,428.55619409873424,Оплачен
3578,606,2026-05-07,522.9627991570526,Не оплачен
3579,1136,2026-04-10,503.5217545235585,Не оплачен
3580,615,2026-03-31,797.448824750149,Не оплачен
3581,142,2026-05-27,724.9825429337352,Оплачен
3582,14,2026-02-16,741.3910047308783,Не оплачен
3583,625,2026-04-01,301.9189485116101,Оплачен
3584,110,2026-02-22,196.48074336685232,Оплачен
3585,747,2026-05-10,271.5940865978657,Оплачен
3586,509,2026-03-06,648.0829322002153,Не оплачен
3587,356,2026-05-27,166.4706083871984,Не оплачен
3588,1115,2026-04-07,636.6402248055001,Не оплачен
3589,227,2026-03-02,534.4420388172684,Оплачен
3590,875,2026-05-28,690.3231000254153,Оплачен
3591,798,2026-05-19,298.0486315476427,Не оплачен
3592,1137,2026-03-25,655.3008921084278,Не оплачен
3593,1086,2026-01-02,991.6383714378578,Не оплачен
3594,538,2026-02-19,377.33309158060644,Оплачен
3595,475,2026-03-09,638.0399302607204,Не оплачен
3596,976,2026-05-10,398.9081892274539,Оплачен
3597,899,2026-01-17,444.3488951294967,Не оплачен
3598,415,2026-03-17,995.5304212816982,Оплачен
3599,1106,2026-01-16,818.7651056271253,Оплачен
3600,682,2026-05-24,984.7336932409897,Не оплачен
3601,308,2026-02-08,650.6447334509487,Не оплачен
3602,630,2026-05-17,230.34354615895495,Не оплачен
3603,660,2026-02-11,795.6918876162716,Не оплачен
3604,853,2026-02-27,645.5247438472044,Оплачен
3605,602,2026-04-23,209.58866398180186,Не оплачен
3606,776,2026-02-27,853.4643039881701,Не оплачен
3607,343,2026-02-28,688.7835031085149,Оплачен
3608,817,2026-05-11,863.5070851210746,Оплачен
3609,137,2026-02-15,759.5605382720644,Не оплачен
3610,1131,2026-01-13,285.035137501765,Оплачен
3611,1041,2026-02-09,739.3938257816144,Оплачен
3612,728,2026-03-03,223.42502189386545,Не оплачен
3613,663,2026-01-27,816.8290775023977,Не оплачен
3614,98,2026-01-24,169.50403353612498,Не оплачен
3615,633,2026-01-24,875.0526803877145,Не оплачен
3616,553,2026-04-08,845.3139260315594,Не оплачен
3617,1053,2026-02-13,552.6377698380456,Не оплачен
3618,677,2026-04-02,747.1393789542481,Не оплачен
3619,1169,2026-03-30,813.0946936095095,Не оплачен
3620,593,2026-05-14,943.6512983059487,Оплачен
3621,180,2026-01-19,153.82505531644944,Оплачен
3622,835,2026-02-17,263.13791126142723,Не оплачен
3623,661,2026-03-26,513.8472009704512,Оплачен
3624,765,2026-03-30,808.7353148474347,Не оплачен
3625,885,2026-03-20,910.4897719820447,Оплачен
3626,1078,2026-01-05,620.0516052052352,Оплачен
3627,75,2026-01-24,892.0973963116821,Оплачен
3628,538,2026-04-02,503.316463127794,Не оплачен
3629,747,2026-05-26,430.6870221191736,Не оплачен
3630,456,2026-03-20,698.2476501370928,Оплачен
3631,1061,2026-01-31,350.73008612170895,Оплачен
3632,751,2026-01-08,409.7029930717968,Оплачен
3633,841,2026-04-05,169.0218382539602,Не оплачен
3634,343,2026-01-05,734.5191337726153,Оплачен
3635,281,2026-04-13,534.7033789367498,Не оплачен
3636,937,2026-03-16,511.5181897047617,Не оплачен
3637,351,2026-04-08,150.30041313155704,Не оплачен
3638,1067,2026-03-28,216.97321868601244,Оплачен
3639,1113,2026-02-19,558.5865078713416,Не оплачен
3640,948,2026-05-14,424.9859671787807,Не оплачен
3641,1179,2026-01-23,628.3958029837792,Оплачен
3642,744,2026-01-17,537.4663456205712,Оплачен
3643,36,2026-02-01,299.87446633999866,Оплачен
3644,809,2026-03-03,991.575100923316,Не оплачен
3645,601,2026-04-07,939.6709199867543,Не оплачен
3646,420,2026-04-06,977.6968508476093,Оплачен
3647,829,2026-01-11,496.8820869469206,Оплачен
3648,366,2026-05-06,588.8857996578082,Оплачен
3649,675,2026-03-25,989.4853510725671,Не оплачен
3650,175,2026-02-04,251.9749532385695,Не оплачен
3651,258,2026-05-15,652.9933557246658,Не оплачен
3652,616,2026-01-09,661.9975718748791,Оплачен
3653,105,2026-03-26,464.432464579646,Не оплачен
3654,541,2026-01-01,345.9490770080322,Не оплачен
3655,865,2026-04-09,867.0240284650363,Оплачен
3656,971,2026-02-28,718.1849198236249,Не оплачен
3657,347,2026-04-21,244.95712498051404,Оплачен
3658,384,2026-03-11,394.5913925626945,Не оплачен
3659,833,2026-01-20,888.1795185506849,Не оплачен
3660,49,2026-03-24,215.60293238478863,Не оплачен
3661,311,2026-01-04,698.7834727165475,Не оплачен
3662,365,2026-05-05,798.8324910926375,Не оплачен
3663,227,2026-02-20,174.99541883577336,Оплачен
3664,171,2026-05-28,214.41973726371197,Оплачен
3665,603,2026-04-12,607.231194028803,Оплачен
3666,585,2026-04-05,874.162007148393,Оплачен
3667,182,2026-05-09,896.3311356377483,Оплачен
3668,48,2026-01-17,361.5165043801227,Оплачен
3669,926,2026-01-15,147.1117979535826,Не оплачен
3670,897,2026-03-28,833.7511971404542,Оплачен
3671,1195,2026-01-09,592.5127806519504,Оплачен
3672,1128,2026-01-03,649.7537630381195,Не оплачен
3673,363,2026-05-16,314.1178427090689,Не оплачен
3674,105,2026-01-24,545.4812697057848,Не оплачен
3675,939,2026-04-24,759.298828319514,Оплачен
3676,1008,2026-02-22,499.5036485672694,Оплачен
3677,933,2026-03-02,734.9247607347904,Не оплачен
3678,637,2026-03-06,752.6984656005084,Не оплачен
3679,127,2026-05-06,644.6589603938003,Не оплачен
3680,1102,2026-05-10,630.3049362940425,Не оплачен
3681,522,2026-02-14,203.19783834239212,Оплачен
3682,186,2026-05-25,759.453944157889,Оплачен
3683,1087,2026-03-05,661.4515590591252,Не оплачен
3684,999,2026-02-11,773.3689487697004,Оплачен
3685,402,2026-04-09,717.7130383457724,Оплачен
3686,967,2026-02-23,935.3006620773863,Не оплачен
3687,1130,2026-03-18,140.32301782599984,Не оплачен
3688,399,2026-02-12,990.8137137194586,Не оплачен
3689,685,2026-04-16,546.6896268987571,Не оплачен
3690,176,2026-03-03,318.75760848664197,Оплачен
3691,854,2026-05-22,170.60569038402326,Не оплачен
3692,1142,2026-01-23,894.6846888708627,Не оплачен
3693,1110,2026-02-20,990.4291181332477,Оплачен
3694,761,2026-02-18,653.437944417379,Не оплачен
3695,747,2026-05-15,377.5643782460648,Оплачен
3696,1014,2026-03-21,225.70748066826258,Оплачен
3697,747,2026-02-04,121.68249547487909,Оплачен
3698,549,2026-05-17,210.398443372282,Оплачен
3699,206,2026-01-09,454.0046218417287,Оплачен
3700,906,2026-04-08,904.7025169650933,Оплачен
3701,714,2026-03-03,457.83602433322585,Оплачен
3702,152,2026-02-16,418.6249618136247,Не оплачен
3703,919,2026-05-19,702.5075498263601,Не оплачен
3704,690,2026-01-14,541.4643032528052,Не оплачен
3705,417,2026-03-20,807.5314541819537,Не оплачен
3706,1089,2026-01-06,235.4977704532059,Не оплачен
3707,48,2026-01-20,632.3543678725972,Не оплачен
3708,997,2026-01-25,348.89438551676983,Не оплачен
3709,146,2026-05-20,584.3350687095904,Не оплачен
3710,454,2026-01-20,859.3171213950385,Не оплачен
3711,250,2026-03-06,815.6962039832827,Не оплачен
3712,198,2026-04-09,997.1446607233063,Оплачен
3713,1117,2026-03-11,845.5956724046694,Оплачен
3714,846,2026-05-09,700.1387002831258,Оплачен
3715,793,2026-05-08,488.91500288612474,Не оплачен
3716,322,2026-04-19,108.2271711330164,Оплачен
3717,1177,2026-05-25,290.5552005113259,Не оплачен
3718,31,2026-01-12,505.1411098028625,Не оплачен
3719,92,2026-05-19,410.66652349117675,Не оплачен
3720,424,2026-04-01,357.96160081273075,Оплачен
3721,929,2026-05-29,949.5766182850962,Не оплачен
3722,686,2026-01-26,823.6373157102807,Оплачен
3723,114,2026-01-20,137.40312203315662,Не оплачен
3724,511,2026-01-22,763.3745420302618,Оплачен
3725,937,2026-03-07,381.4438906408386,Не оплачен
3726,951,2026-03-17,795.5272163092744,Оплачен
3727,1051,2026-04-17,898.0780906015003,Не оплачен
3728,832,2026-01-25,145.37973724975157,Оплачен
3729,1147,2026-03-02,381.63007927413656,Оплачен
3730,875,2026-03-16,937.9762160375009,Оплачен
3731,1065,2026-03-31,855.9508193300659,Оплачен
3732,674,2026-04-28,863.4144689063849,Не оплачен
3733,506,2026-05-11,696.0690886297986,Оплачен
3734,574,2026-03-22,881.5996101716754,Оплачен
3735,1185,2026-03-31,930.6387372025579,Оплачен
3736,292,2026-04-30,677.1192995491941,Не оплачен
3737,463,2026-03-22,466.5765525468451,Оплачен
3738,963,2026-04-10,905.4047047487853,Оплачен
3739,123,2026-01-25,874.0795277391925,Не оплачен
3740,698,2026-02-04,717.6510748672923,Оплачен
3741,426,2026-02-12,907.5216284576122,Не оплачен
3742,869,2026-05-01,599.1210612731769,Не оплачен
3743,669,2026-03-14,768.9821471262723,Оплачен
3744,602,2026-04-20,428.88765352165615,Оплачен
3745,35,2026-04-21,827.5467338302944,Не оплачен
3746,136,2026-03-10,414.7262808560923,Оплачен
3747,102,2026-01-29,816.3926687178932,Оплачен
3748,705,2026-01-20,589.1883850172358,Не оплачен
3749,408,2026-03-29,976.6804876957103,Оплачен
3750,1116,2026-04-20,290.86042191902254,Оплачен
3751,588,2026-05-22,112.96981108200029,Оплачен
3752,596,2026-03-18,837.8055112723135,Оплачен
3753,239,2026-05-18,419.45824412609414,Оплачен
3754,605,2026-04-20,890.1087912231668,Не оплачен
3755,71,2026-04-17,128.83538977061824,Не оплачен
3756,30,2026-04-18,721.4385773965732,Оплачен
3757,526,2026-05-12,572.259773529966,Не оплачен
3758,212,2026-04-11,557.4370138896063,Не оплачен
3759,281,2026-05-11,678.6364373709276,Оплачен
3760,745,2026-02-23,334.96318198711003,Не оплачен
3761,770,2026-03-02,181.43398136761348,Оплачен
3762,60,2026-05-01,214.83850159271458,Оплачен
3763,615,2026-05-16,396.1630480116651,Оплачен
3764,276,2026-03-17,649.8346490764366,Не оплачен
3765,287,2026-01-07,305.5662985813849,Не оплачен
3766,1029,2026-04-16,812.6222794218307,Не оплачен
3767,814,2026-04-29,674.2005215875494,Оплачен
3768,965,2026-02-23,520.5368919661929,Оплачен
3769,459,2026-05-25,148.906544678943,Оплачен
3770,870,2026-03-28,609.3733214012057,Не оплачен
3771,773,2026-01-28,330.50835454017323,Оплачен
3772,1076,2026-01-04,562.9440477336705,Оплачен
3773,844,2026-03-29,898.5713171817814,Оплачен
3774,288,2026-04-02,295.913918772318,Оплачен
3775,528,2026-01-27,299.17261145198097,Не оплачен
3776,700,2026-02-27,152.81914697231372,Оплачен
3777,25,2026-01-10,794.077634264532,Не оплачен
3778,698,2026-01-03,636.1406171005603,Не оплачен
3779,1098,2026-04-20,116.72106162932057,Оплачен
3780,904,2026-03-25,576.8218645230995,Не оплачен
3781,32,2026-02-24,520.3093897525316,Оплачен
3782,370,2026-01-21,967.3900558922383,Оплачен
3783,829,2026-03-19,920.3329797525137,Оплачен
3784,1042,2026-02-10,893.7873126991358,Оплачен
3785,346,2026-04-20,394.23103203505474,Оплачен
3786,974,2026-03-21,388.8195071061487,Оплачен
3787,363,2026-04-24,512.5367425609363,Не оплачен
3788,922,2026-04-14,789.29059822696,Оплачен
3789,900,2026-01-07,797.9531732998274,Не оплачен
3790,130,2026-01-06,265.3627053417213,Не оплачен
3791,309,2026-02-28,117.17885187173877,Оплачен
3792,417,2026-03-15,276.29688884538314,Оплачен
3793,934,2026-05-21,445.8872308787769,Оплачен
3794,157,2026-05-08,818.2627190445435,Не оплачен
3795,419,2026-02-28,203.59360670719929,Оплачен
3796,919,2026-04-26,204.95425527074906,Не оплачен
3797,601,2026-03-16,747.2587661722765,Оплачен
3798,1149,2026-05-07,185.40917379972348,Не оплачен
3799,561,2026-03-20,392.2009715020434,Оплачен
3800,1039,2026-01-12,337.86918954466967,Оплачен
3801,115,2026-05-26,443.0430655923849,Не оплачен
3802,519,2026-01-27,490.8184214934336,Не оплачен
3803,540,2026-05-07,299.68804453413895,Не оплачен
3804,837,2026-01-27,171.29071740810684,Не оплачен
3805,418,2026-01-08,779.0956430585832,Оплачен
3806,247,2026-01-29,994.8724888375353,Не оплачен
3807,279,2026-04-14,112.066061307363,Не оплачен
3808,561,2026-01-21,271.1435343375404,Оплачен
3809,412,2026-03-25,269.9424069718972,Оплачен
3810,364,2026-04-10,875.3801337221759,Оплачен
3811,892,2026-05-29,833.312420961452,Не оплачен
3812,996,2026-01-13,483.1201130578826,Не оплачен
3813,37,2026-05-17,245.98679722463896,Оплачен
3814,58,2026-01-06,982.199945946219,Не оплачен
3815,859,2026-01-21,668.2116980114304,Не оплачен
3816,1078,2026-03-30,660.9512318906727,Не оплачен
3817,375,2026-01-28,747.3443949057477,Оплачен
3818,1069,2026-05-09,617.6017462779927,Не оплачен
3819,93,2026-03-12,412.95605817604326,Не оплачен
3820,165,2026-02-20,613.1599593395493,Оплачен
3821,306,2026-04-08,906.5449606084912,Не оплачен
3822,758,2026-03-30,740.6278481868678,Оплачен
3823,795,2026-05-14,388.7609880280639,Оплачен
3824,1114,2026-02-26,422.60273254979245,Не оплачен
3825,49,2026-05-21,440.44419154590645,Не оплачен
3826,1093,2026-04-18,721.9049047219129,Оплачен
3827,1103,2026-03-06,116.90287141956273,Не оплачен
3828,121,2026-04-16,416.3616288644837,Не оплачен
3829,253,2026-05-12,399.96877759165056,Оплачен
3830,430,2026-03-24,719.3820864320651,Оплачен
3831,421,2026-01-31,300.6188843607147,Оплачен
3832,713,2026-05-16,925.7286825218291,Не оплачен
3833,412,2026-03-24,841.9733872310272,Не оплачен
3834,51,2026-04-04,476.7253738669701,Оплачен
3835,515,2026-05-11,479.0784864572408,Не оплачен
3836,1157,2026-04-21,299.4063799949514,Не оплачен
3837,815,2026-03-12,536.4000638971947,Не оплачен
3838,980,2026-01-29,272.90691096761725,Оплачен
3839,327,2026-03-18,840.1758927203598,Оплачен
3840,1030,2026-03-24,765.4461284003764,Не оплачен
3841,331,2026-04-05,928.5391069924214,Оплачен
3842,353,2026-01-31,557.0932960758253,Оплачен
3843,676,2026-03-06,864.9017765641488,Не оплачен
3844,1091,2026-02-01,579.4332183441147,Оплачен
3845,549,2026-01-20,269.08375132167487,Оплачен
3846,967,2026-03-22,673.508242283737,Оплачен
3847,838,2026-05-06,450.88523895659335,Оплачен
3848,702,2026-04-20,394.20325533110366,Оплачен
3849,678,2026-05-16,698.6994233812648,Не оплачен
3850,322,2026-01-01,752.5856499798261,Не оплачен
3851,167,2026-03-18,565.4185025231624,Не оплачен
3852,993,2026-04-07,604.745325037854,Не оплачен
3853,961,2026-03-07,616.2438420879301,Не оплачен
3854,447,2026-04-14,327.06634284937877,Оплачен
3855,29,2026-02-27,470.38007090722226,Не оплачен
3856,692,2026-04-21,748.4771379520132,Не оплачен
3857,136,2026-05-02,965.655298262469,Оплачен
3858,786,2026-05-29,813.246724269849,Оплачен
3859,368,2026-04-21,867.9078060624194,Не оплачен
3860,925,2026-05-15,830.6460213637997,Оплачен
3861,82,2026-05-27,554.9175629814562,Оплачен
3862,687,2026-01-07,617.151847735344,Не оплачен
3863,831,2026-05-16,159.59125268659236,Оплачен
3864,338,2026-04-25,241.8936544506384,Не оплачен
3865,312,2026-05-19,820.7250799423283,Не оплачен
3866,643,2026-01-03,999.6056251582477,Оплачен
3867,22,2026-01-16,845.3193396069694,Оплачен
3868,1089,2026-05-05,533.6169527200359,Оплачен
3869,1175,2026-01-11,385.1273804565011,Оплачен
3870,666,2026-03-06,252.55473188185763,Не оплачен
3871,1142,2026-02-28,432.45842927107134,Не оплачен
3872,20,2026-01-01,945.5179895449622,Оплачен
3873,1033,2026-04-29,134.91693387853803,Оплачен
3874,9,2026-02-03,699.9260765739166,Оплачен
3875,964,2026-02-23,164.07555109012284,Не оплачен
3876,71,2026-05-14,288.8133587164681,Не оплачен
3877,955,2026-01-05,939.8073828406292,Не оплачен
3878,933,2026-03-24,345.52703123229367,Оплачен
3879,921,2026-04-29,439.05226757636154,Оплачен
3880,1185,2026-02-17,376.7004302958226,Оплачен
3881,265,2026-05-05,361.55728698336685,Не оплачен
3882,422,2026-04-19,951.8030936712051,Не оплачен
3883,35,2026-02-20,241.10999725537596,Оплачен
3884,968,2026-02-09,620.6463119601958,Оплачен
3885,66,2026-03-09,674.8746677304973,Оплачен
3886,547,2026-02-15,925.1764018271816,Не оплачен
3887,355,2026-01-14,290.52807087415533,Не оплачен
3888,188,2026-04-30,746.2900635696234,Не оплачен
3889,166,2026-03-17,410.4948223986418,Оплачен
3890,194,2026-02-14,366.0636183971047,Не оплачен
3891,1049,2026-03-02,231.41283671602497,Оплачен
3892,493,2026-04-15,353.1873275780158,Оплачен
3893,159,2026-05-04,269.4071198704754,Оплачен
3894,231,2026-02-15,648.9352034108867,Оплачен
3895,834,2026-01-31,909.304644381236,Не оплачен
3896,890,2026-05-16,192.4470648996255,Оплачен
3897,552,2026-03-18,893.8796009005063,Не оплачен
3898,531,2026-05-28,930.9290660694867,Не оплачен
3899,469,2026-04-03,845.2543734034415,Не оплачен
3900,504,2026-01-19,124.91537058611844,Не оплачен
3901,1046,2026-05-26,291.8037516026043,Оплачен
3902,331,2026-05-29,227.58240155174394,Не оплачен
3903,1030,2026-01-30,226.97963848139608,Не оплачен
3904,499,2026-05-24,414.2724951700164,Не оплачен
3905,910,2026-03-20,805.4332664414558,Оплачен
3906,901,2026-04-19,505.48493873027184,Оплачен
3907,825,2026-05-24,614.6987059455405,Не оплачен
3908,373,2026-04-25,659.3090109411885,Не оплачен
3909,144,2026-04-02,857.2419948011423,Не оплачен
3910,913,2026-02-27,860.5865915462368,Оплачен
3911,880,2026-02-10,895.7208154974205,Оплачен
3912,790,2026-04-26,474.6955755216639,Оплачен
3913,592,2026-01-05,810.2697885950843,Оплачен
3914,962,2026-04-13,571.0265863548553,Оплачен
3915,313,2026-02-28,417.3268269403197,Не оплачен
3916,994,2026-01-14,261.41964761825005,Не оплачен
3917,970,2026-03-20,663.0464891004638,Оплачен
3918,622,2026-01-29,667.9507800728478,Не оплачен
3919,222,2026-05-12,555.4521857167379,Не оплачен
3920,350,2026-05-09,572.5923850556917,Не оплачен
3921,856,2026-01-23,805.944793412012,Оплачен
3922,121,2026-04-17,979.3161334950053,Оплачен
3923,742,2026-05-08,760.5907304809396,Не оплачен
3924,949,2026-05-23,591.2929722075764,Не оплачен
3925,69,2026-01-21,182.2438769451474,Не оплачен
3926,640,2026-01-20,898.0816097869997,Оплачен
3927,1125,2026-04-02,913.8914110905323,Не оплачен
3928,248,2026-01-25,668.0773391127706,Не оплачен
3929,1151,2026-05-23,813.8370149253326,Не оплачен
3930,121,2026-01-20,875.6502499083874,Оплачен
3931,1135,2026-01-30,570.701464247395,Оплачен
3932,446,2026-01-17,326.2392488936847,Оплачен
3933,931,2026-04-07,873.4031035869527,Не оплачен
3934,285,2026-01-22,901.6571447814546,Не оплачен
3935,35,2026-02-08,914.4328675412048,Оплачен
3936,1094,2026-05-20,483.06767168863087,Оплачен
3937,60,2026-03-31,938.2321413248003,Оплачен
3938,291,2026-05-18,260.3731145829931,Не оплачен
3939,566,2026-05-04,591.2118620668562,Оплачен
3940,1177,2026-04-26,138.2149807123314,Оплачен
3941,156,2026-03-05,799.3770498434758,Не оплачен
3942,946,2026-02-18,636.5256570858733,Оплачен
3943,1029,2026-05-02,817.1615086998149,Не оплачен
3944,23,2026-04-13,673.206589747507,Не оплачен
3945,1162,2026-03-01,814.2642031633094,Не оплачен
3946,729,2026-02-12,472.4767198341323,Оплачен
3947,332,2026-05-10,641.7544197154609,Оплачен
3948,1085,2026-01-08,662.821227606535,Не оплачен
3949,706,2026-04-28,650.678181223079,Оплачен
3950,830,2026-05-29,422.47252294540164,Не оплачен
3951,296,2026-01-25,981.7437004801312,Оплачен
3952,144,2026-03-10,855.8133438105174,Оплачен
3953,357,2026-04-24,339.3280150011164,Не оплачен
3954,666,2026-05-23,807.731100194631,Не оплачен
3955,220,2026-01-29,141.425528059295,Оплачен
3956,749,2026-05-14,328.06819580099625,Оплачен
3957,1086,2026-03-07,458.0770476305198,Не оплачен
3958,479,2026-02-25,386.1223266189739,Оплачен
3959,345,2026-05-07,161.78667423131196,Оплачен
3960,1159,2026-04-10,414.09361458237504,Оплачен
3961,551,2026-04-22,686.6694988675507,Оплачен
3962,346,2026-02-22,326.49108401925525,Не оплачен
3963,188,2026-02-07,667.8847676133486,Не оплачен
3964,932,2026-04-29,432.057134238354,Не оплачен
3965,457,2026-04-12,823.6082661628528,Не оплачен
3966,749,2026-03-18,928.3036365634688,Не оплачен
3967,887,2026-03-02,976.138121016591,Оплачен
3968,55,2026-01-13,313.7985667420078,Не оплачен
3969,833,2026-03-14,241.1426455139322,Не оплачен
3970,268,2026-05-17,976.1717933595191,Не оплачен
3971,643,2026-04-15,884.3406385059724,Оплачен
3972,789,2026-04-12,625.8639826745688,Не оплачен
3973,816,2026-05-07,919.9110655016741,Не оплачен
3974,989,2026-03-06,404.2230908814298,Не оплачен
3975,1058,2026-03-04,846.2561769788491,Оплачен
3976,404,2026-02-23,211.07524009058417,Не оплачен
3977,326,2026-03-25,908.3099331112367,Не оплачен
3978,1003,2026-01-20,313.665623014699,Оплачен
3979,701,2026-03-28,905.4097364960793,Не оплачен
3980,58,2026-05-06,727.5047713701564,Не оплачен
3981,32,2026-03-15,779.502371658876,Не оплачен
3982,383,2026-02-15,158.9977574504258,Не оплачен
3983,995,2026-02-07,425.07102091400395,Оплачен
3984,327,2026-05-06,960.5933788688845,Не оплачен
3985,164,2026-05-05,487.50000508534976,Не оплачен
3986,178,2026-05-16,839.1732318201823,Оплачен
3987,1098,2026-01-16,704.7303799070031,Оплачен
3988,534,2026-03-11,394.44371175838404,Оплачен
3989,519,2026-03-04,314.5859040938748,Не оплачен
3990,778,2026-03-28,638.0942265049376,Не оплачен
3991,1158,2026-01-23,993.3280258071007,Оплачен
3992,804,2026-04-24,372.31225401387024,Оплачен
3993,1124,2026-01-05,618.660799733488,Оплачен
3994,971,2026-04-25,893.7170198535372,Не оплачен
3995,93,2026-05-03,241.5651331697294,Не оплачен
3996,253,2026-01-02,215.27328826079003,Не оплачен
3997,378,2026-04-01,186.28998578430233,Не оплачен
3998,1192,2026-05-17,326.7228850505848,Не оплачен
3999,203,2026-04-24,462.9760245137133,Не оплачен
4000,868,2026-02-01,195.03222736281487,Не оплачен
4001,61,2026-01-08,332.8103396918168,Не оплачен
4002,60,2026-04-18,364.5755273724358,Оплачен
4003,118,2026-01-17,373.8007894453691,Оплачен
4004,1017,2026-01-26,397.0785199155305,Не оплачен
4005,570,2026-04-14,844.0842444976496,Оплачен
4006,768,2026-03-21,929.1376629197421,Оплачен
4007,825,2026-04-07,490.82015202439607,Не оплачен
4008,786,2026-04-15,732.4423215504357,Оплачен
4009,543,2026-05-11,184.38891073434132,Не оплачен
4010,1075,2026-01-12,455.752826582296,Оплачен
4011,27,2026-05-01,260.0611021346481,Оплачен
4012,1138,2026-02-12,160.20574522161814,Оплачен
4013,133,2026-03-06,213.91564798670757,Не оплачен
4014,873,2026-03-31,991.3537773862215,Не оплачен
4015,633,2026-04-23,393.3720516150567,Не оплачен
4016,269,2026-01-16,519.9410737583664,Оплачен
4017,956,2026-05-07,952.2851907475826,Оплачен
4018,587,2026-03-04,468.19612150992856,Оплачен
4019,946,2026-01-09,188.38778904788416,Оплачен
4020,380,2026-03-28,931.7504263807919,Не оплачен
4021,1174,2026-05-02,227.9090213026234,Оплачен
4022,335,2026-03-26,415.8810110477398,Оплачен
4023,668,2026-05-25,254.61447805350988,Оплачен
4024,799,2026-02-24,321.15869003299207,Оплачен
4025,253,2026-03-04,815.8525148745761,Оплачен
4026,5,2026-01-16,795.7629940827555,Не оплачен
4027,959,2026-04-17,657.5025951918817,Не оплачен
4028,511,2026-05-03,997.3173967123797,Оплачен
4029,67,2026-02-23,482.97182769054456,Не оплачен
4030,747,2026-05-05,126.01714571921268,Оплачен
4031,400,2026-04-22,439.15679991393444,Оплачен
4032,777,2026-04-29,935.4194703775995,Оплачен
4033,951,2026-04-15,522.2542948251662,Оплачен
4034,98,2026-05-15,643.6104235113688,Не оплачен
4035,1179,2026-01-28,967.0349695544218,Оплачен
4036,810,2026-01-22,731.2558812621886,Не оплачен
4037,194,2026-03-15,956.244244732164,Оплачен
4038,528,2026-02-03,721.2098096082549,Оплачен
4039,418,2026-04-24,545.1427295128639,Не оплачен
4040,1161,2026-05-20,278.40333718420874,Не оплачен
4041,690,2026-01-06,222.46469976888687,Оплачен
4042,788,2026-04-17,930.429067329794,Не оплачен
4043,614,2026-01-14,314.32833205427073,Оплачен
4044,318,2026-04-06,350.06714956836623,Оплачен
4045,603,2026-05-14,257.4526614802524,Оплачен
4046,1178,2026-01-11,801.8791789425279,Оплачен
4047,799,2026-03-15,596.2121731586135,Не оплачен
4048,710,2026-05-05,819.6651588210564,Оплачен
4049,30,2026-04-09,789.0672361811496,Не оплачен
4050,134,2026-03-23,193.00989266325323,Не оплачен
4051,916,2026-05-08,251.8487433242845,Не оплачен
4052,503,2026-05-25,783.3769014358234,Оплачен
4053,611,2026-04-13,230.21354008264993,Оплачен
4054,683,2026-03-17,859.5710126777109,Оплачен
4055,598,2026-02-18,573.4673783648904,Оплачен
4056,392,2026-05-18,684.523741361903,Оплачен
4057,474,2026-04-14,431.589358177145,Не оплачен
4058,750,2026-02-04,149.1168194105806,Оплачен
4059,776,2026-01-30,185.4599695956371,Оплачен
4060,1113,2026-04-19,232.73503696537273,Оплачен
4061,784,2026-03-29,168.44226401544475,Не оплачен
4062,40,2026-05-11,827.2290295552571,Не оплачен
4063,944,2026-04-17,549.2995199843627,Оплачен
4064,238,2026-04-28,451.5986110991698,Не оплачен
4065,360,2026-05-18,197.14391242036427,Не оплачен
4066,1043,2026-02-24,805.7309517501461,Не оплачен
4067,75,2026-05-12,664.5787847082338,Оплачен
4068,42,2026-05-08,281.46577576101606,Не оплачен
4069,762,2026-02-08,628.2087501283776,Не оплачен
4070,240,2026-01-28,164.47195515522372,Не оплачен
4071,599,2026-01-04,308.5686796635371,Не оплачен
4072,457,2026-04-14,711.8479248403581,Оплачен
4073,1128,2026-04-22,965.4965277708225,Оплачен
4074,780,2026-05-20,710.6666814292041,Оплачен
4075,698,2026-01-18,595.4207082455854,Не оплачен
4076,62,2026-04-14,347.59759522711533,Не оплачен
4077,608,2026-02-27,133.83451517768154,Оплачен
4078,1156,2026-04-12,359.43918073688616,Оплачен
4079,166,2026-04-07,900.0318228249115,Не оплачен
4080,373,2026-01-21,389.2882864606791,Оплачен
4081,649,2026-04-01,888.9419320423226,Не оплачен
4082,781,2026-03-08,248.08664171512547,Оплачен
4083,973,2026-02-04,324.62902922178444,Оплачен
4084,1012,2026-01-14,286.22679343702123,Оплачен
4085,1030,2026-04-12,347.1530807669182,Не оплачен
4086,349,2026-03-18,799.899148997035,Оплачен
4087,242,2026-04-03,573.1436549867484,Оплачен
4088,417,2026-01-07,378.58266851192263,Не оплачен
4089,637,2026-02-26,628.7865233357643,Оплачен
4090,329,2026-04-08,802.7419119146955,Оплачен
4091,991,2026-05-23,498.13419503204324,Оплачен
4092,38,2026-02-14,789.1849095755191,Не оплачен
4093,166,2026-01-07,131.132141483663,Не оплачен
4094,709,2026-02-05,128.80632647580236,Оплачен
4095,1039,2026-05-11,689.8606475563588,Не оплачен
4096,791,2026-04-01,595.5352252641239,Не оплачен
4097,464,2026-01-13,707.8529347918558,Не оплачен
4098,803,2026-01-18,558.0033291848479,Не оплачен
4099,616,2026-04-18,857.119016156284,Оплачен
4100,298,2026-02-24,189.77508704197203,Оплачен
4101,591,2026-03-11,533.4679854926515,Не оплачен
4102,575,2026-01-06,823.1501820424172,Не оплачен
4103,1146,2026-05-14,139.48504660703833,Оплачен
4104,692,2026-03-18,964.3710037713373,Не оплачен
4105,1054,2026-03-02,719.5982841027926,Оплачен
4106,640,2026-04-01,933.567817713408,Не оплачен
4107,453,2026-03-04,116.50927816611,Оплачен
4108,1130,2026-05-13,583.4700954690163,Оплачен
4109,340,2026-03-14,657.122463509934,Не оплачен
4110,353,2026-02-12,332.1498164497201,Оплачен
4111,928,2026-02-27,345.6246685969587,Не оплачен
4112,498,2026-01-20,849.9334753227187,Не оплачен
4113,620,2026-05-28,602.133415328366,Не оплачен
4114,772,2026-04-20,558.8779800227582,Оплачен
4115,1189,2026-05-01,586.9916570853021,Не оплачен
4116,1083,2026-02-28,676.763342400961,Оплачен
4117,29,2026-02-02,565.7157504389503,Оплачен
4118,899,2026-01-17,931.6497115853283,Не оплачен
4119,655,2026-01-11,252.0051995831747,Не оплачен
4120,857,2026-02-02,706.6330153924532,Не оплачен
4121,282,2026-03-02,650.8646504362689,Оплачен
4122,214,2026-05-11,883.7534583273464,Не оплачен
4123,147,2026-04-28,577.5767496095141,Оплачен
4124,819,2026-03-17,813.7338609125947,Не оплачен
4125,1006,2026-01-23,753.0207159846735,Оплачен
4126,592,2026-02-18,995.7409542346124,Оплачен
4127,517,2026-04-06,472.280869061766,Не оплачен
4128,881,2026-02-15,902.3997613222577,Не оплачен
4129,227,2026-05-05,167.7921957772532,Не оплачен
4130,820,2026-03-02,965.2133553483673,Оплачен
4131,196,2026-05-08,261.7353447678513,Оплачен
4132,252,2026-03-29,771.7187326855372,Не оплачен
4133,744,2026-01-21,635.8032132227831,Оплачен
4134,156,2026-04-14,327.24077523895255,Не оплачен
4135,1065,2026-05-21,623.1667687214959,Не оплачен
4136,777,2026-01-29,388.8514458588398,Не оплачен
4137,1106,2026-02-07,260.8568749268445,Оплачен
4138,963,2026-05-13,640.9971700689761,Не оплачен
4139,811,2026-04-26,627.5217202099823,Не оплачен
4140,676,2026-04-08,870.5348474332044,Оплачен
4141,216,2026-03-30,355.11573287820863,Не оплачен
4142,540,2026-01-27,416.472474143305,Оплачен
4143,30,2026-02-10,800.6837114256775,Оплачен
4144,849,2026-04-04,202.68560923615019,Оплачен
4145,382,2026-01-15,220.85113680201647,Оплачен
4146,925,2026-02-26,563.2049145600625,Оплачен
4147,871,2026-02-02,239.29762752790472,Оплачен
4148,234,2026-02-07,880.8006749905237,Оплачен
4149,1045,2026-05-21,622.1555838361757,Не оплачен
4150,917,2026-04-06,119.55622097273383,Не оплачен
4151,960,2026-05-03,931.7924938709522,Не оплачен
4152,647,2026-01-12,615.8373637177473,Не оплачен
4153,1078,2026-02-28,421.96379765729046,Не оплачен
4154,1193,2026-04-07,279.41185589950067,Не оплачен
4155,424,2026-01-02,331.7788784608516,Не оплачен
4156,811,2026-03-03,575.4639950674648,Не оплачен
4157,53,2026-05-16,516.8019601510164,Не оплачен
4158,1115,2026-04-07,393.75084911773615,Оплачен
4159,1026,2026-04-06,280.6164582909331,Не оплачен
4160,867,2026-04-03,395.1059414022738,Не оплачен
4161,593,2026-03-25,420.42802638576643,Оплачен
4162,819,2026-03-22,783.8642367718983,Не оплачен
4163,361,2026-04-18,418.3723837722484,Оплачен
4164,677,2026-05-09,293.8844776793444,Оплачен
4165,1121,2026-05-05,415.4015126397969,Не оплачен
4166,601,2026-05-21,542.7275190662422,Оплачен
4167,29,2026-03-04,993.5235548994901,Не оплачен
4168,1137,2026-04-03,324.1473162643674,Не оплачен
4169,721,2026-03-03,751.5448310726338,Оплачен
4170,507,2026-04-25,143.0690457096086,Не оплачен
4171,466,2026-05-20,350.4830635937627,Не оплачен
4172,717,2026-04-19,663.338791719773,Не оплачен
4173,655,2026-02-07,181.34167704164764,Не оплачен
4174,309,2026-05-16,600.6611309440125,Не оплачен
4175,225,2026-01-15,145.52576155887863,Оплачен
4176,784,2026-01-16,138.22284449044338,Оплачен
4177,653,2026-02-10,604.6260977476718,Оплачен
4178,409,2026-05-20,323.884117197222,Не оплачен
4179,455,2026-05-25,683.7616596273198,Не оплачен
4180,3,2026-05-01,517.7667355385006,Оплачен
4181,1165,2026-03-04,236.09619686822882,Оплачен
4182,860,2026-04-14,476.7783086685661,Не оплачен
4183,1167,2026-04-14,313.0948256089886,Не оплачен
4184,252,2026-02-22,488.9432681463438,Не оплачен
4185,339,2026-02-03,414.9218109290209,Оплачен
4186,463,2026-02-23,259.0741068750734,Оплачен
4187,378,2026-02-25,605.2038258974264,Не оплачен
4188,458,2026-01-30,597.7589820419851,Оплачен
4189,1023,2026-01-11,119.81904505002295,Не оплачен
4190,637,2026-04-29,542.8504657238458,Оплачен
4191,578,2026-04-12,286.55296182997427,Не оплачен
4192,797,2026-04-12,969.0843114859483,Не оплачен
4193,923,2026-05-04,185.69658499104787,Не оплачен
4194,96,2026-01-29,614.3495932130523,Не оплачен
4195,594,2026-03-15,349.4237706186563,Оплачен
4196,650,2026-03-21,723.3965319973751,Не оплачен
4197,1146,2026-03-04,495.133227940331,Оплачен
4198,196,2026-01-17,553.4442207035197,Не оплачен
4199,1126,2026-05-10,881.0134225238371,Оплачен
4200,358,2026-05-16,981.4137838550497,Не оплачен
4201,920,2026-04-17,608.4609811448887,Не оплачен
4202,126,2026-02-01,490.6657210413258,Оплачен
4203,676,2026-04-17,101.22990577425367,Оплачен
4204,653,2026-01-25,310.1676223475981,Не оплачен
4205,682,2026-03-20,886.4214724589228,Оплачен
4206,574,2026-05-16,857.8312520291852,Не оплачен
4207,587,2026-05-28,245.8803880781116,Не оплачен
4208,225,2026-04-07,285.0826931590928,Не оплачен
4209,174,2026-04-30,129.79959250512434,Не оплачен
4210,973,2026-02-04,323.0497032176919,Оплачен
4211,424,2026-04-14,449.76453725129835,Не оплачен
4212,996,2026-01-02,207.69342103147866,Не оплачен
4213,415,2026-03-04,407.8166667068486,Оплачен
4214,499,2026-01-10,915.201110888195,Не оплачен
4215,653,2026-05-29,249.88670026592825,Оплачен
4216,515,2026-05-03,819.9928931818349,Оплачен
4217,228,2026-01-24,247.3594709337123,Оплачен
4218,893,2026-04-28,671.9205471395701,Не оплачен
4219,82,2026-03-14,392.89647097789145,Не оплачен
4220,139,2026-05-26,381.32931294174153,Оплачен
4221,959,2026-04-12,129.86577463221857,Оплачен
4222,806,2026-02-17,100.58490716853463,Оплачен
4223,475,2026-04-21,102.4450739840645,Оплачен
4224,1180,2026-01-01,540.58478709422,Оплачен
4225,883,2026-03-02,863.1021841682897,Оплачен
4226,365,2026-02-23,520.0659077644409,Оплачен
4227,866,2026-02-11,322.4158112902703,Оплачен
4228,205,2026-04-13,489.40108132431504,Не оплачен
4229,463,2026-03-25,862.1749960294658,Оплачен
4230,71,2026-03-12,580.3346895391485,Не оплачен
4231,443,2026-03-21,344.2132494950302,Не оплачен
4232,564,2026-04-14,193.94061855560483,Оплачен
4233,1046,2026-05-03,313.9216213032563,Оплачен
4234,231,2026-02-07,223.70659916193515,Оплачен
4235,1136,2026-01-18,560.9130019902555,Не оплачен
4236,612,2026-05-01,894.8594782583825,Не оплачен
4237,857,2026-01-11,782.6859565106812,Оплачен
4238,816,2026-04-18,659.1897846785233,Не оплачен
4239,566,2026-02-04,930.0059048996645,Не оплачен
4240,853,2026-01-15,692.7593056093026,Оплачен
4241,819,2026-01-10,991.800987118851,Не оплачен
4242,42,2026-04-05,313.1160376841731,Оплачен
4243,710,2026-04-14,316.8510571157289,Не оплачен
4244,481,2026-04-29,722.501603142323,Не оплачен
4245,348,2026-04-13,913.0403319758201,Оплачен
4246,1124,2026-05-21,250.56024371383705,Не оплачен
4247,246,2026-05-11,148.60377954017378,Оплачен
4248,1170,2026-05-22,331.71416671847345,Оплачен
4249,1014,2026-01-28,971.3760578712436,Оплачен
4250,144,2026-01-18,870.013207737801,Не оплачен
4251,268,2026-04-27,397.48828114549127,Не оплачен
4252,1199,2026-04-20,692.9000434361653,Оплачен
4253,177,2026-02-20,136.56881761966252,Не оплачен
4254,684,2026-01-28,729.7301767172789,Оплачен
4255,34,2026-01-14,869.9193061593762,Не оплачен
4256,558,2026-04-17,516.365906078019,Оплачен
4257,950,2026-02-04,172.66017620580533,Оплачен
4258,386,2026-02-19,950.3169697621219,Не оплачен
4259,293,2026-01-09,401.9415116685429,Не оплачен
4260,488,2026-03-28,219.44564843920037,Оплачен
4261,214,2026-03-02,720.3443528727354,Оплачен
4262,1109,2026-01-20,791.4185598659176,Оплачен
4263,109,2026-05-22,591.6514873075162,Не оплачен
4264,953,2026-05-14,643.4032223153089,Не оплачен
4265,95,2026-02-15,326.587217778067,Оплачен
4266,506,2026-04-18,125.70399311391363,Оплачен
4267,571,2026-01-04,743.0606960593092,Не оплачен
4268,167,2026-02-21,650.5509118340718,Оплачен
4269,1190,2026-05-27,668.1319209528734,Оплачен
4270,134,2026-01-15,438.7596146814403,Не оплачен
4271,401,2026-02-01,313.21002134346986,Не оплачен
4272,540,2026-02-12,787.9845419883428,Оплачен
4273,14,2026-03-24,202.20790007349405,Оплачен
4274,1184,2026-01-15,666.232194343427,Оплачен
4275,18,2026-05-27,926.0804345850138,Не оплачен
4276,1128,2026-02-15,982.9452430687655,Не оплачен
4277,745,2026-01-26,933.496637667139,Не оплачен
4278,898,2026-04-26,918.7687589394538,Не оплачен
4279,1020,2026-05-20,468.7154879991083,Оплачен
4280,569,2026-02-13,624.0016710167337,Оплачен
4281,1066,2026-05-12,215.40365964260775,Оплачен
4282,993,2026-05-19,174.0068622552791,Не оплачен
4283,1064,2026-04-23,206.3421485246849,Не оплачен
4284,414,2026-05-19,199.70101238997293,Не оплачен
4285,308,2026-04-01,229.1545661872208,Оплачен
4286,121,2026-05-04,480.5922708341568,Оплачен
4287,150,2026-05-14,436.61457409024496,Оплачен
4288,1141,2026-01-16,127.39333848862174,Не оплачен
4289,906,2026-02-14,494.7849066543179,Не оплачен
4290,654,2026-03-27,814.069610062802,Не оплачен
4291,540,2026-03-18,613.7009068735724,Оплачен
4292,653,2026-01-29,989.7609132752788,Не оплачен
4293,913,2026-02-11,895.2154328090704,Не оплачен
4294,1123,2026-05-29,618.7816191538897,Оплачен
4295,1085,2026-01-12,916.7112336979676,Оплачен
4296,1172,2026-04-29,378.77248979534363,Оплачен
4297,1123,2026-02-18,189.1681775082914,Не оплачен
4298,596,2026-04-19,280.3629790050684,Не оплачен
4299,1181,2026-03-30,187.48572695688136,Не оплачен
4300,889,2026-04-18,525.7062033630181,Не оплачен
4301,610,2026-01-28,632.4098351008735,Оплачен
4302,548,2026-02-28,304.2716339432625,Не оплачен
4303,1028,2026-01-06,373.8308308852199,Не оплачен
4304,950,2026-01-02,191.29151244127996,Не оплачен
4305,588,2026-05-11,517.854012560519,Оплачен
4306,625,2026-03-04,406.4422820400395,Оплачен
4307,201,2026-05-23,822.8193109447066,Не оплачен
4308,490,2026-05-16,782.4601184949561,Оплачен
4309,910,2026-03-04,242.9638951989435,Оплачен
4310,1115,2026-04-29,862.8172679267439,Оплачен
4311,211,2026-03-12,320.85140260239154,Оплачен
4312,359,2026-04-27,130.7245783125423,Оплачен
4313,1010,2026-01-04,835.6716316735661,Не оплачен
4314,450,2026-02-07,266.2747200837788,Не оплачен
4315,1000,2026-01-07,415.6665539199652,Не оплачен
4316,352,2026-05-08,382.7505038679232,Не оплачен
4317,360,2026-05-01,680.1511977725631,Не оплачен
4318,857,2026-03-03,240.5474755623152,Не оплачен
4319,51,2026-02-15,780.4688989175779,Не оплачен
4320,1007,2026-01-02,502.0597042229235,Оплачен
4321,379,2026-05-21,676.0809562456092,Оплачен
4322,287,2026-04-13,405.3082142339482,Не оплачен
4323,610,2026-02-18,699.3065907600579,Оплачен
4324,95,2026-04-25,777.835020940184,Не оплачен
4325,162,2026-01-12,151.33602098567,Оплачен
4326,1074,2026-01-24,212.40331822192456,Не оплачен
4327,797,2026-05-27,447.6580411410086,Оплачен
4328,415,2026-01-13,624.6819468352115,Оплачен
4329,429,2026-04-29,813.7004943545228,Не оплачен
4330,709,2026-02-09,291.84872459966664,Не оплачен
4331,473,2026-02-22,773.1407658107139,Оплачен
4332,98,2026-05-07,891.9167181696042,Не оплачен
4333,243,2026-02-24,886.6678814162292,Оплачен
4334,1086,2026-05-29,163.73146760686038,Оплачен
4335,1016,2026-02-01,519.4516117408577,Не оплачен
4336,657,2026-03-21,553.1454580751158,Оплачен
4337,975,2026-02-17,583.6114943073078,Не оплачен
4338,836,2026-03-02,688.7995488920268,Не оплачен
4339,552,2026-03-04,718.122031458682,Не оплачен
4340,498,2026-05-05,975.0028231502251,Не оплачен
4341,316,2026-05-12,387.4740921377609,Оплачен
4342,202,2026-02-05,785.4665645970039,Оплачен
4343,170,2026-02-17,847.9108546481477,Не оплачен
4344,616,2026-02-08,437.1965960415308,Оплачен
4345,233,2026-04-06,306.0860133235799,Оплачен
4346,127,2026-03-07,452.0206197654675,Не оплачен
4347,521,2026-05-18,439.40994441480166,Оплачен
4348,518,2026-03-28,336.63995146724494,Оплачен
4349,775,2026-05-15,637.5354321715539,Не оплачен
4350,305,2026-03-04,342.8801545653066,Не оплачен
4351,1046,2026-01-15,587.9978514689926,Не оплачен
4352,873,2026-05-09,508.40123989243756,Не оплачен
4353,844,2026-02-11,342.9017301197773,Не оплачен
4354,1124,2026-04-18,130.31388954828267,Не оплачен
4355,715,2026-03-23,354.93213101554926,Не оплачен
4356,1157,2026-05-07,106.75213222333146,Не оплачен
4357,756,2026-05-07,522.2249318508042,Оплачен
4358,1121,2026-05-23,268.71289879187714,Не оплачен
4359,308,2026-04-14,833.7684513900042,Не оплачен
4360,25,2026-04-21,285.8012676209638,Не оплачен
4361,1024,2026-03-21,568.3581112319913,Не оплачен
4362,19,2026-02-25,898.8464539794047,Оплачен
4363,296,2026-02-13,891.832297334209,Оплачен
4364,814,2026-02-06,872.0100030096464,Оплачен
4365,248,2026-04-23,163.79355093842895,Не оплачен
4366,794,2026-02-25,107.7804695059812,Не оплачен
4367,336,2026-02-14,456.55769163244724,Не оплачен
4368,184,2026-01-09,770.7701437925182,Оплачен
4369,501,2026-02-09,621.377781682412,Не оплачен
4370,1153,2026-02-03,606.3430077681884,Оплачен
4371,958,2026-03-23,393.622447656042,Не оплачен
4372,638,2026-01-20,327.50138661861104,Не оплачен
4373,992,2026-04-06,444.45087359432677,Оплачен
4374,648,2026-03-30,727.9722001811184,Оплачен
4375,430,2026-02-07,656.6761201518486,Не оплачен
4376,865,2026-02-27,158.4764940842366,Не оплачен
4377,966,2026-02-25,564.1778256170198,Оплачен
4378,495,2026-03-08,321.4176552367372,Оплачен
4379,799,2026-05-13,404.4001551446503,Не оплачен
4380,82,2026-03-31,202.66891527933257,Оплачен
4381,287,2026-03-16,285.99277899614424,Не оплачен
4382,580,2026-04-28,794.4073685248142,Оплачен
4383,764,2026-05-24,238.12941418702113,Оплачен
4384,140,2026-04-21,774.3064622212048,Оплачен
4385,176,2026-04-03,316.44042898778207,Оплачен
4386,85,2026-01-04,746.5164686627851,Не оплачен
4387,234,2026-04-04,312.4051899731611,Оплачен
4388,851,2026-04-30,145.223002690392,Оплачен
4389,1011,2026-02-10,101.7825389598827,Оплачен
4390,608,2026-01-26,941.8813812904666,Оплачен
4391,708,2026-01-16,829.2086886139815,Не оплачен
4392,1012,2026-02-02,819.5365329767052,Оплачен
4393,452,2026-04-12,585.9373968395796,Не оплачен
4394,704,2026-01-01,615.1010055981568,Не оплачен
4395,996,2026-03-01,539.3165509347496,Не оплачен
4396,1085,2026-04-24,269.50627283552024,Не оплачен
4397,366,2026-02-03,668.4715076949418,Не оплачен
4398,7,2026-04-09,295.26891865833096,Оплачен
4399,181,2026-04-24,578.1701963947446,Оплачен
4400,1194,2026-03-26,785.1490104156302,Не оплачен
4401,1164,2026-04-05,190.6431662548383,Не оплачен
4402,378,2026-03-24,546.3770848543929,Не оплачен
4403,213,2026-01-28,290.52181263286127,Оплачен
4404,251,2026-05-07,832.6916558081379,Оплачен
4405,387,2026-03-13,748.4310947630506,Не оплачен
4406,85,2026-01-03,523.7981510081418,Не оплачен
4407,617,2026-01-14,914.877372070273,Оплачен
4408,1169,2026-04-24,493.4779162518712,Не оплачен
4409,707,2026-05-26,903.7260500470293,Оплачен
4410,719,2026-01-21,450.96263965773426,Оплачен
4411,501,2026-02-12,143.10707976327092,Не оплачен
4412,396,2026-05-16,470.65248248456317,Не оплачен
4413,862,2026-05-12,594.4461496668241,Не оплачен
4414,660,2026-01-21,305.13890706965896,Оплачен
4415,44,2026-02-22,938.774339514562,Оплачен
4416,1096,2026-03-09,181.0582012896706,Не оплачен
4417,588,2026-05-29,133.68011755648956,Не оплачен
4418,1179,2026-05-05,306.7059819071838,Оплачен
4419,1069,2026-01-21,845.8401571918845,Оплачен
4420,298,2026-02-23,297.99712466054314,Оплачен
4421,758,2026-03-13,535.3746257759879,Оплачен
4422,897,2026-02-09,323.36106655213774,Оплачен
4423,787,2026-05-21,619.9784553656598,Не оплачен
4424,80,2026-03-17,112.55200760249792,Не оплачен
4425,457,2026-01-28,582.6151272029831,Оплачен
4426,171,2026-01-08,576.1727566732513,Оплачен
4427,1164,2026-05-08,819.9553170840585,Оплачен
4428,491,2026-04-12,355.1948706215006,Не оплачен
4429,318,2026-05-16,656.1578771788714,Не оплачен
4430,709,2026-05-06,633.9532287441723,Оплачен
4431,106,2026-02-18,414.0563932584119,Не оплачен
4432,914,2026-04-16,556.2043741237253,Оплачен
4433,777,2026-03-15,255.20245048519922,Оплачен
4434,581,2026-01-19,630.0329450127184,Не оплачен
4435,697,2026-04-20,148.01576308693475,Оплачен
4436,237,2026-02-22,162.38211338303947,Оплачен
4437,730,2026-03-15,248.0191445032866,Не оплачен
4438,462,2026-04-27,884.3592945605648,Оплачен
4439,780,2026-05-25,705.5625066953933,Не оплачен
4440,1114,2026-02-08,738.4976536839985,Не оплачен
4441,256,2026-01-02,882.7619387267765,Не оплачен
4442,157,2026-01-18,870.7236582395468,Не оплачен
4443,863,2026-04-30,303.2915687130187,Не оплачен
4444,482,2026-05-07,301.20579326319773,Оплачен
4445,746,2026-02-22,246.59898535860387,Не оплачен
4446,1147,2026-03-17,264.76499928931975,Оплачен
4447,1111,2026-01-20,172.74335769878613,Не оплачен
4448,522,2026-03-03,935.9364143847888,Не оплачен
4449,382,2026-05-02,878.0828885217716,Оплачен
4450,785,2026-03-07,448.4296038669683,Не оплачен
4451,430,2026-02-19,238.94260169884203,Не оплачен
4452,409,2026-01-14,350.8103974701921,Не оплачен
4453,546,2026-04-20,623.6197006524885,Оплачен
4454,449,2026-03-06,992.9551209015674,Оплачен
4455,285,2026-04-19,825.116792049977,Не оплачен
4456,696,2026-04-20,383.49138291415386,Оплачен
4457,1082,2026-05-25,852.916366702122,Оплачен
4458,39,2026-05-08,350.6039877361929,Не оплачен
4459,513,2026-05-03,385.46405729078174,Оплачен
4460,727,2026-03-19,441.73399395338134,Оплачен
4461,88,2026-01-28,649.242368837362,Не оплачен
4462,1156,2026-04-28,519.2548484093702,Оплачен
4463,856,2026-02-10,330.0718222044492,Оплачен
4464,619,2026-02-01,680.5218766852166,Оплачен
4465,92,2026-02-08,632.8791866406349,Оплачен
4466,1180,2026-01-09,318.619198376379,Не оплачен
4467,758,2026-03-30,123.88318125476899,Оплачен
4468,384,2026-04-14,372.80377443508326,Оплачен
4469,50,2026-01-04,635.0716017286175,Не оплачен
4470,248,2026-02-01,985.1234213525555,Оплачен
4471,990,2026-03-23,173.1120530412711,Не оплачен
4472,791,2026-02-21,921.8403578741185,Оплачен
4473,395,2026-03-17,524.9936274612716,Оплачен
4474,591,2026-02-25,311.7784727539241,Не оплачен
4475,988,2026-04-14,725.4820036065813,Не оплачен
4476,458,2026-02-18,412.76047845470487,Не оплачен
4477,390,2026-03-15,945.354647537846,Не оплачен
4478,415,2026-02-02,827.4964549005186,Не оплачен
4479,244,2026-01-06,978.4472736692834,Оплачен
4480,617,2026-04-24,305.35096363015816,Не оплачен
4481,638,2026-04-17,707.068465302356,Не оплачен
4482,997,2026-03-19,472.7374441933932,Оплачен
4483,376,2026-04-29,955.828374253272,Не оплачен
4484,609,2026-03-08,532.8485582883382,Не оплачен
4485,19,2026-01-30,153.1913963524902,Не оплачен
4486,576,2026-05-21,130.36706210027543,Оплачен
4487,253,2026-03-27,241.8252881637923,Оплачен
4488,203,2026-01-09,483.970415039661,Не оплачен
4489,425,2026-01-23,787.4907969901994,Оплачен
4490,359,2026-02-17,514.6707598094944,Оплачен
4491,1173,2026-02-27,809.7361965830445,Не оплачен
4492,324,2026-03-26,198.09987516077695,Не оплачен
4493,574,2026-01-06,669.8026726879364,Оплачен
4494,740,2026-03-15,795.0771011382753,Не оплачен
4495,1131,2026-02-04,992.9627278849536,Не оплачен
4496,455,2026-01-15,984.6916638422128,Оплачен
4497,57,2026-05-22,493.85033724456196,Оплачен
4498,590,2026-03-06,186.82287318056268,Оплачен
4499,18,2026-04-29,274.3586182687583,Не оплачен
4500,406,2026-04-26,586.4170613439496,Оплачен
4501,978,2026-05-09,577.6234724185792,Оплачен
4502,506,2026-02-08,780.7379036988451,Не оплачен
4503,892,2026-04-24,887.4075868127312,Оплачен
4504,642,2026-01-04,530.2010428238855,Оплачен
4505,1198,2026-05-18,293.85473461399886,Не оплачен
4506,618,2026-02-21,773.5020557805535,Оплачен
4507,222,2026-05-09,231.78183205509723,Не оплачен
4508,1196,2026-04-29,550.2780019681511,Не оплачен
4509,72,2026-05-24,715.1334815066172,Не оплачен
4510,1093,2026-01-19,282.46852197491813,Оплачен
4511,361,2026-02-14,826.2753544168205,Оплачен
4512,115,2026-02-23,499.7904726377772,Оплачен
4513,1000,2026-03-23,333.817329831845,Оплачен
4514,413,2026-05-27,797.2330881337141,Оплачен
4515,772,2026-05-17,391.53948626179516,Не оплачен
4516,460,2026-05-10,636.9324092280793,Не оплачен
4517,817,2026-05-06,384.00642365475426,Не оплачен
4518,780,2026-05-23,805.0039340931844,Оплачен
4519,993,2026-01-15,440.81993167920723,Не оплачен
4520,492,2026-01-20,903.8395417781825,Оплачен
4521,113,2026-01-13,543.5063380281322,Не оплачен
4522,1060,2026-03-04,727.4963169298268,Оплачен
4523,428,2026-05-04,502.81346940264496,Не оплачен
4524,744,2026-05-29,804.8711923109606,Оплачен
4525,1140,2026-05-17,809.7445848707993,Оплачен
4526,58,2026-05-13,355.8151777464693,Оплачен
4527,210,2026-05-02,363.3634761837863,Не оплачен
4528,699,2026-01-22,120.28711245602909,Оплачен
4529,95,2026-05-12,484.729239846566,Оплачен
4530,334,2026-04-30,621.2207729575788,Не оплачен
4531,62,2026-05-01,687.8487604958293,Оплачен
4532,389,2026-01-21,892.8226755310067,Оплачен
4533,506,2026-02-17,289.99567563174975,Оплачен
4534,891,2026-01-24,942.2236678943808,Не оплачен
4535,635,2026-03-31,586.0236662484403,Не оплачен
4536,919,2026-04-18,941.9637253268788,Оплачен
4537,483,2026-04-19,861.1255856879744,Оплачен
4538,110,2026-05-15,682.717454258983,Оплачен
4539,274,2026-01-01,807.8367495725237,Оплачен
4540,792,2026-01-01,282.11195890961824,Не оплачен
4541,775,2026-03-19,658.6699108125086,Оплачен
4542,190,2026-04-11,243.04549404383292,Не оплачен
4543,478,2026-01-22,933.323692336588,Не оплачен
4544,1046,2026-02-19,272.6751739418092,Не оплачен
4545,223,2026-04-26,430.84335645379986,Не оплачен
4546,779,2026-05-01,616.3186956524108,Не оплачен
4547,1168,2026-04-29,341.3674156657746,Не оплачен
4548,753,2026-05-16,321.73541883342625,Оплачен
4549,1193,2026-01-25,732.3915397675069,Не оплачен
4550,691,2026-04-15,242.31445345493208,Не оплачен
4551,149,2026-05-12,910.1530302565163,Оплачен
4552,731,2026-02-26,755.6883400230902,Оплачен
4553,80,2026-02-25,759.0168459360159,Не оплачен
4554,768,2026-04-27,816.8569845408153,Оплачен
4555,452,2026-05-05,662.5525954013407,Оплачен
4556,184,2026-03-11,666.4662037666095,Не оплачен
4557,1120,2026-01-22,186.92679720341619,Оплачен
4558,380,2026-03-20,763.1389631497084,Не оплачен
4559,698,2026-02-25,567.6375382478867,Оплачен
4560,532,2026-01-09,599.6396501935635,Не оплачен
4561,725,2026-02-07,314.79864336649575,Оплачен
4562,505,2026-02-04,486.80238633545525,Не оплачен
4563,748,2026-03-10,281.7696209377582,Оплачен
4564,782,2026-04-07,664.2097355360836,Не оплачен
4565,886,2026-02-21,704.0672725752174,Не оплачен
4566,1023,2026-02-02,527.5907052205141,Не оплачен
4567,752,2026-03-05,260.35266151572864,Не оплачен
4568,1064,2026-01-11,482.763637532708,Не оплачен
4569,321,2026-05-09,881.924681907509,Оплачен
4570,496,2026-04-05,477.4931555210074,Не оплачен
4571,268,2026-05-23,152.42792464393276,Не оплачен
4572,594,2026-03-12,688.7403443695704,Не оплачен
4573,667,2026-02-22,499.8664929958235,Не оплачен
4574,52,2026-03-19,295.6578813270064,Не оплачен
4575,1129,2026-04-20,179.8205295760863,Оплачен
4576,730,2026-05-19,724.9082551341489,Не оплачен
4577,1096,2026-02-07,307.4604670304886,Не оплачен
4578,689,2026-04-02,760.6307902555673,Оплачен
4579,941,2026-04-15,882.1307506306803,Не оплачен
4580,448,2026-02-12,862.737010973744,Не оплачен
4581,486,2026-03-17,825.4435764347209,Не оплачен
4582,271,2026-02-04,642.0436100136567,Оплачен
4583,19,2026-04-21,121.77763071052819,Оплачен
4584,711,2026-05-19,697.6361891500286,Оплачен
4585,677,2026-02-20,824.0422401585301,Оплачен
4586,13,2026-03-12,815.0259294191223,Не оплачен
4587,880,2026-02-13,752.0763868134668,Не оплачен
4588,1124,2026-03-04,259.386566097006,Не оплачен
4589,820,2026-01-22,774.3133109985415,Не оплачен
4590,208,2026-05-27,925.9093125437784,Оплачен
4591,1192,2026-05-17,414.88561753410266,Не оплачен
4592,990,2026-03-28,762.8842763016714,Оплачен
4593,1162,2026-02-28,810.0806696279556,Оплачен
4594,43,2026-02-14,246.62496710143736,Не оплачен
4595,349,2026-03-29,354.7725910282826,Оплачен
4596,26,2026-04-20,523.5679599032097,Не оплачен
4597,1162,2026-04-24,963.8862389304117,Не оплачен
4598,281,2026-01-28,282.58658051812426,Не оплачен
4599,314,2026-04-27,459.386368483027,Оплачен
4600,254,2026-01-14,880.3013478384853,Не оплачен
4601,620,2026-02-10,473.57948937013515,Оплачен
4602,162,2026-04-16,843.7239447229001,Оплачен
4603,90,2026-03-13,705.4714158185744,Не оплачен
4604,311,2026-04-19,319.9353480049772,Оплачен
4605,1054,2026-04-02,148.39830724704052,Оплачен
4606,1123,2026-02-10,294.20465390964023,Оплачен
4607,407,2026-02-24,549.0187731398463,Не оплачен
4608,1103,2026-05-14,746.846078383849,Оплачен
4609,643,2026-01-17,559.7594061304164,Не оплачен
4610,694,2026-02-07,724.022045007818,Оплачен
4611,1081,2026-03-02,190.28990595567177,Не оплачен
4612,651,2026-02-27,245.80886879082277,Не оплачен
4613,108,2026-05-10,817.6200220372034,Оплачен
4614,416,2026-01-06,111.96205467623336,Не оплачен
4615,17,2026-02-24,221.5601437020124,Не оплачен
4616,960,2026-04-22,682.4127742196416,Оплачен
4617,681,2026-04-06,847.2826741251544,Не оплачен
4618,722,2026-01-23,707.659730915086,Не оплачен
4619,907,2026-04-15,872.5478875022746,Не оплачен
4620,897,2026-02-05,892.8802327298911,Оплачен
4621,875,2026-04-28,129.81578007954843,Не оплачен
4622,528,2026-02-19,531.0452332699606,Не оплачен
4623,1052,2026-03-29,362.4104094153679,Не оплачен
4624,1051,2026-03-14,596.9560336819254,Не оплачен
4625,234,2026-02-24,954.2582495058265,Не оплачен
4626,420,2026-02-03,782.9872300829285,Оплачен
4627,364,2026-04-05,578.7477451469609,Не оплачен
4628,83,2026-01-29,265.6262911199354,Не оплачен
4629,737,2026-03-19,110.1091390707333,Не оплачен
4630,338,2026-03-03,253.93759905117156,Оплачен
4631,543,2026-03-16,476.1411323712255,Оплачен
4632,633,2026-05-01,492.1172870972037,Оплачен
4633,1099,2026-02-01,850.2492162183474,Оплачен
4634,35,2026-03-09,331.8211788989358,Не оплачен
4635,256,2026-04-18,800.0239192462994,Не оплачен
4636,273,2026-04-11,347.22708056409164,Оплачен
4637,245,2026-05-03,534.8801726391633,Оплачен
4638,182,2026-02-07,812.8131287127804,Не оплачен
4639,76,2026-05-06,809.4045822027143,Не оплачен
4640,373,2026-01-28,537.2381585803707,Оплачен
4641,32,2026-04-27,310.8605903763628,Не оплачен
4642,242,2026-01-22,657.1819189917323,Оплачен
4643,846,2026-03-22,737.7298264676423,Не оплачен
4644,250,2026-02-07,409.9432031335718,Оплачен
4645,261,2026-05-08,162.17960390058062,Не оплачен
4646,1090,2026-03-02,927.6799891993542,Оплачен
4647,38,2026-03-06,700.6725909224632,Не оплачен
4648,116,2026-01-18,966.5032622326332,Оплачен
4649,824,2026-05-10,300.1261783668241,Оплачен
4650,307,2026-05-15,860.3329292862209,Не оплачен
4651,326,2026-01-13,305.38016301308096,Оплачен
4652,57,2026-04-06,393.66938156258635,Не оплачен
4653,463,2026-03-16,560.8345261931199,Не оплачен
4654,251,2026-02-11,231.04635070868318,Оплачен
4655,612,2026-02-08,591.2653436178514,Не оплачен
4656,287,2026-03-19,910.7855058324328,Не оплачен
4657,438,2026-02-28,720.8346081613721,Не оплачен
4658,1072,2026-05-11,844.4652442193569,Оплачен
4659,460,2026-03-17,814.6200801002309,Оплачен
4660,636,2026-05-01,371.95442606015393,Не оплачен
4661,235,2026-03-07,628.5592264707487,Оплачен
4662,297,2026-04-16,342.3204094949557,Оплачен
4663,1198,2026-01-16,383.1634305714869,Оплачен
4664,730,2026-02-01,606.6107761600549,Не оплачен
4665,428,2026-05-10,606.3264394274549,Не оплачен
4666,793,2026-04-13,282.4441133360708,Не оплачен
4667,258,2026-03-26,303.1602987541397,Не оплачен
4668,430,2026-04-07,925.4377250766632,Не оплачен
4669,599,2026-03-06,544.8648526199091,Оплачен
4670,1112,2026-01-01,126.73389661860423,Не оплачен
4671,121,2026-04-24,191.51868267050207,Не оплачен
4672,985,2026-05-08,583.7923845360408,Оплачен
4673,440,2026-03-24,693.2689033047384,Не оплачен
4674,820,2026-02-17,164.74591794781256,Оплачен
4675,959,2026-01-16,857.1496740277903,Не оплачен
4676,555,2026-04-24,447.3096201638417,Не оплачен
4677,432,2026-01-02,428.642343173868,Не оплачен
4678,1046,2026-03-06,655.133217883634,Не оплачен
4679,1033,2026-03-26,558.8318111819345,Не оплачен
4680,199,2026-04-18,578.5710305733273,Не оплачен
4681,687,2026-04-09,965.253541992969,Оплачен
4682,792,2026-01-23,502.22519182750847,Оплачен
4683,959,2026-01-23,445.9136357083936,Оплачен
4684,440,2026-03-04,403.74740969135473,Оплачен
4685,201,2026-03-19,943.310619656727,Не оплачен
4686,709,2026-02-02,915.2284747164329,Не оплачен
4687,474,2026-04-04,865.3065630180281,Не оплачен
4688,1174,2026-03-04,806.5611277618754,Не оплачен
4689,303,2026-01-25,379.25847082268,Оплачен
4690,1057,2026-05-14,385.58907551148553,Не оплачен
4691,991,2026-02-07,561.9019330266105,Не оплачен
4692,564,2026-01-28,491.70074832386575,Не оплачен
4693,1157,2026-03-27,768.6607167689624,Не оплачен
4694,1088,2026-03-09,671.8060182643254,Не оплачен
4695,982,2026-05-02,886.9651430545146,Оплачен
4696,108,2026-04-26,585.9768168085836,Оплачен
4697,140,2026-04-10,468.4014051615039,Оплачен
4698,926,2026-04-21,934.386019867469,Не оплачен
4699,525,2026-01-22,605.0568859532868,Не оплачен
4700,825,2026-02-14,826.1114697192723,Оплачен
4701,145,2026-04-20,671.2840275211599,Оплачен
4702,562,2026-02-11,168.55497887895586,Оплачен
4703,801,2026-03-01,529.7107202513014,Оплачен
4704,445,2026-01-08,994.0711806923381,Не оплачен
4705,1187,2026-05-19,529.8500300028874,Оплачен
4706,795,2026-04-11,216.57148895914128,Не оплачен
4707,533,2026-03-11,189.17486834110787,Не оплачен
4708,175,2026-02-07,638.8246882503643,Не оплачен
4709,35,2026-03-13,676.3624789832728,Оплачен
4710,1063,2026-05-28,540.049146323911,Оплачен
4711,519,2026-02-14,626.3213735884997,Оплачен
4712,694,2026-05-18,634.6082606161325,Не оплачен
4713,291,2026-01-15,321.26894314534735,Оплачен
4714,1163,2026-01-13,695.6325174502157,Оплачен
4715,488,2026-04-15,641.6419302777183,Не оплачен
4716,228,2026-01-29,462.0873194384522,Оплачен
4717,804,2026-02-18,746.4006113964185,Не оплачен
4718,347,2026-02-22,323.8814972079663,Не оплачен
4719,1091,2026-04-29,520.9071873415478,Не оплачен
4720,563,2026-04-23,806.6625606604739,Оплачен
4721,823,2026-05-20,816.4796933561611,Оплачен
4722,554,2026-03-16,255.44540884633906,Не оплачен
4723,3,2026-05-16,949.9723363083292,Оплачен
4724,62,2026-01-24,521.8134022097929,Не оплачен
4725,327,2026-03-07,560.561379745066,Не оплачен
4726,675,2026-05-26,114.12680727015504,Оплачен
4727,797,2026-04-04,160.0190343100596,Не оплачен
4728,950,2026-05-03,524.2663268318845,Оплачен
4729,366,2026-03-04,973.8943716667152,Оплачен
4730,92,2026-05-12,780.292808112935,Оплачен
4731,1041,2026-03-09,945.2778732495551,Не оплачен
4732,46,2026-04-27,327.2093906087272,Не оплачен
4733,291,2026-03-17,985.4327683206177,Не оплачен
4734,461,2026-01-24,518.1516884323732,Не оплачен
4735,618,2026-03-29,188.20525602834584,Не оплачен
4736,224,2026-02-27,714.1954870248294,Оплачен
4737,1093,2026-05-18,142.73318813427613,Оплачен
4738,324,2026-05-26,477.3879785771628,Не оплачен
4739,713,2026-04-19,325.3369992709693,Оплачен
4740,716,2026-04-07,460.49778096226584,Не оплачен
4741,1125,2026-01-29,344.8084065319285,Оплачен
4742,674,2026-05-07,801.4390730648734,Не оплачен
4743,503,2026-03-23,242.59682176900336,Не оплачен
4744,866,2026-03-15,170.42442708906196,Не оплачен
4745,65,2026-02-16,876.3622493371196,Оплачен
4746,1063,2026-05-01,155.1644031678442,Оплачен
4747,552,2026-05-24,260.1386296508191,Не оплачен
4748,435,2026-04-08,889.2997395476676,Не оплачен
4749,13,2026-03-27,836.7662914248735,Оплачен
4750,556,2026-05-10,787.8041947864541,Оплачен
4751,188,2026-02-13,402.0313744579319,Не оплачен
4752,977,2026-02-25,169.66049124921085,Оплачен
4753,80,2026-01-06,650.2948258911368,Не оплачен
4754,329,2026-04-03,782.5771406632815,Оплачен
4755,116,2026-01-08,491.1626900384685,Оплачен
4756,906,2026-05-19,941.1932783122031,Не оплачен
4757,389,2026-03-30,952.9169380043555,Оплачен
4758,697,2026-01-17,701.085273616843,Оплачен
4759,823,2026-03-19,662.9060918401815,Оплачен
4760,910,2026-02-23,799.0268417688459,Оплачен
4761,754,2026-05-09,744.1770386181436,Не оплачен
4762,616,2026-02-26,806.0448951847266,Не оплачен
4763,1144,2026-04-02,695.994761476771,Не оплачен
4764,58,2026-05-17,213.86877162138387,Не оплачен
4765,86,2026-03-11,303.4531727831496,Не оплачен
4766,322,2026-04-11,741.6781788988908,Не оплачен
4767,362,2026-01-06,165.86472202364092,Не оплачен
4768,263,2026-02-16,672.2521843798606,Оплачен
4769,611,2026-05-11,845.0825294968707,Оплачен
4770,1111,2026-02-04,963.2520095653374,Не оплачен
4771,133,2026-03-12,977.1484142193635,Оплачен
4772,808,2026-03-22,576.4340099454068,Не оплачен
4773,265,2026-05-13,447.2467820092124,Оплачен
4774,450,2026-03-31,491.7590983383216,Не оплачен
4775,258,2026-04-21,140.531729650078,Оплачен
4776,716,2026-04-09,820.1402637006088,Не оплачен
4777,854,2026-03-31,397.3632876819731,Оплачен
4778,436,2026-01-12,488.0232750921312,Оплачен
4779,134,2026-04-30,776.0962374482883,Оплачен
4780,589,2026-03-25,235.52240169442206,Оплачен
4781,237,2026-02-13,521.4496881505138,Оплачен
4782,577,2026-02-23,370.80795366180047,Не оплачен
4783,115,2026-04-29,466.28046088564497,Не оплачен
4784,197,2026-02-02,851.3344101429927,Не оплачен
4785,632,2026-02-03,918.071452123583,Оплачен
4786,27,2026-02-25,490.4739824579466,Не оплачен
4787,1018,2026-02-15,555.4274307322352,Оплачен
4788,775,2026-05-24,447.4926159271717,Не оплачен
4789,758,2026-04-15,805.9037173150515,Оплачен
4790,535,2026-04-29,903.5103421388377,Оплачен
4791,1067,2026-02-02,355.1027678521235,Оплачен
4792,179,2026-03-18,947.5822560584958,Оплачен
4793,587,2026-01-19,493.80940426864333,Оплачен
4794,932,2026-03-04,194.90139604233573,Не оплачен
4795,1009,2026-04-27,447.7740552389728,Оплачен
4796,133,2026-05-17,416.27969577530126,Не оплачен
4797,317,2026-03-05,769.2473534881137,Не оплачен
4798,54,2026-03-22,576.8254656930088,Оплачен
4799,745,2026-04-30,249.60284019599854,Оплачен
4800,241,2026-03-09,179.47412869487522,Не оплачен
4801,493,2026-03-19,932.4260789848495,Оплачен
4802,996,2026-05-13,172.07221129555717,Оплачен
4803,542,2026-02-23,746.634827859634,Не оплачен
4804,31,2026-02-28,741.7403327794235,Не оплачен
4805,570,2026-05-21,885.1955728026542,Не оплачен
4806,33,2026-04-05,900.5553001916419,Не оплачен
4807,1135,2026-02-08,776.3791783369321,Оплачен
4808,885,2026-05-04,711.6019553300462,Оплачен
4809,710,2026-05-04,115.58307965280822,Не оплачен
4810,472,2026-01-05,820.7363659745458,Не оплачен
4811,563,2026-03-02,947.1474074026512,Оплачен
4812,718,2026-01-03,962.8368655902005,Оплачен
4813,185,2026-03-16,291.98442368806616,Не оплачен
4814,1196,2026-04-07,346.6536787426526,Не оплачен
4815,272,2026-05-23,880.7227696227374,Не оплачен
4816,651,2026-01-07,237.6180781044452,Не оплачен
4817,511,2026-05-06,178.77654590593374,Оплачен
4818,876,2026-02-23,450.664482565694,Не оплачен
4819,956,2026-03-19,688.9058475785321,Оплачен
4820,852,2026-01-02,152.67552411737486,Не оплачен
4821,296,2026-02-14,265.9571664451811,Оплачен
4822,83,2026-01-27,633.9275003839376,Оплачен
4823,1014,2026-04-14,674.6803729810971,Не оплачен
4824,367,2026-03-19,715.539139968072,Не оплачен
4825,40,2026-01-03,825.9148613739454,Оплачен
4826,1112,2026-05-01,475.4244897838506,Оплачен
4827,436,2026-02-06,803.5468213419872,Оплачен
4828,951,2026-01-04,271.7904192677223,Оплачен
4829,667,2026-04-04,270.2041319971837,Оплачен
4830,745,2026-01-20,280.91494817086755,Оплачен
4831,697,2026-03-17,441.81332882207187,Не оплачен
4832,1131,2026-05-25,952.2448811727054,Не оплачен
4833,106,2026-04-12,145.56626032365318,Оплачен
4834,154,2026-02-13,452.4574474082938,Не оплачен
4835,600,2026-04-19,551.9673342675419,Не оплачен
4836,460,2026-05-29,975.2151858354486,Оплачен
4837,963,2026-01-17,917.9125720939483,Не оплачен
4838,731,2026-04-16,922.893382653758,Оплачен
4839,326,2026-01-09,404.8168214592072,Оплачен
4840,942,2026-02-05,280.4492899858705,Оплачен
4841,913,2026-03-21,778.6946166444594,Оплачен
4842,236,2026-04-02,527.2983105954513,Оплачен
4843,333,2026-01-07,155.21239593565966,Оплачен
4844,573,2026-05-15,928.4383513789508,Не оплачен
4845,1179,2026-01-07,478.5378613868374,Оплачен
4846,1176,2026-02-07,246.2991492491869,Оплачен
4847,287,2026-04-26,997.7011638217336,Оплачен
4848,945,2026-04-14,800.7515819285414,Оплачен
4849,179,2026-03-25,309.3063319955662,Оплачен
4850,280,2026-01-18,826.5785810634258,Оплачен
4851,243,2026-03-16,326.24262551644244,Оплачен
4852,420,2026-04-09,418.6832481090117,Не оплачен
4853,303,2026-04-13,343.4773162639358,Оплачен
4854,1174,2026-01-17,886.8164346081752,Не оплачен
4855,924,2026-03-27,829.7206289119814,Не оплачен
4856,464,2026-03-04,401.66345232517693,Оплачен
4857,64,2026-02-16,901.0603710814463,Не оплачен
4858,664,2026-04-28,419.8555667134581,Оплачен
4859,882,2026-03-26,813.0233889310808,Не оплачен
4860,167,2026-02-05,811.0984794680595,Оплачен
4861,553,2026-01-31,904.0101189242624,Не оплачен
4862,917,2026-01-10,877.3516674333664,Не оплачен
4863,656,2026-03-02,422.5066346031702,Оплачен
4864,282,2026-02-10,479.58986682574823,Не оплачен
4865,575,2026-05-23,326.81528362112465,Оплачен
4866,117,2026-04-26,792.4236621227826,Не оплачен
4867,551,2026-03-12,527.6161574952504,Оплачен
4868,274,2026-03-25,272.0743556392242,Оплачен
4869,484,2026-02-12,882.4709664097076,Оплачен
4870,294,2026-03-03,666.2774090456917,Не оплачен
4871,376,2026-03-06,987.9959362583,Не оплачен
4872,463,2026-05-14,244.3866401783452,Не оплачен
4873,610,2026-03-02,837.4765809459464,Оплачен
4874,9,2026-03-03,211.3920016607296,Оплачен
4875,135,2026-04-10,788.8461443541855,Не оплачен
4876,584,2026-05-23,272.82853829685973,Оплачен
4877,318,2026-02-01,876.9030507440162,Не оплачен
4878,1066,2026-02-01,291.27723495002897,Оплачен
4879,252,2026-01-04,967.3254951653068,Оплачен
4880,483,2026-02-04,706.2367345395794,Не оплачен
4881,622,2026-04-22,907.5711611869391,Не оплачен
4882,378,2026-04-22,142.00463538470154,Оплачен
4883,1137,2026-01-09,945.5137731308756,Не оплачен
4884,1073,2026-03-11,113.8121536198528,Не оплачен
4885,862,2026-02-20,404.4227652493809,Не оплачен
4886,784,2026-01-08,616.8468349240453,Не оплачен
4887,934,2026-05-07,230.61572442788744,Не оплачен
4888,674,2026-04-13,193.70836460953547,Не оплачен
4889,742,2026-01-18,287.7189929535341,Не оплачен
4890,1018,2026-01-04,940.3010990443433,Не оплачен
4891,636,2026-05-02,364.8540818786785,Не оплачен
4892,997,2026-01-09,408.72397092673145,Оплачен
4893,337,2026-02-27,664.5623021257707,Не оплачен
4894,391,2026-03-07,884.4218035075211,Не оплачен
4895,122,2026-03-20,750.489992719754,Оплачен
4896,654,2026-05-04,921.7947394814801,Оплачен
4897,1007,2026-01-21,642.2541680166687,Оплачен
4898,1099,2026-03-04,494.42281229255434,Не оплачен
4899,1038,2026-01-19,414.1254652788776,Не оплачен
4900,45,2026-04-25,955.844310637082,Не оплачен
4901,555,2026-05-24,120.61954995427661,Не оплачен
4902,880,2026-02-28,480.72183118837603,Не оплачен
4903,1074,2026-05-26,398.62943015561035,Оплачен
4904,814,2026-01-24,822.5809792460336,Не оплачен
4905,612,2026-01-29,380.951103843136,Оплачен
4906,282,2026-05-17,308.931764849661,Не оплачен
4907,410,2026-03-26,517.9069476282723,Не оплачен
4908,121,2026-01-15,549.7690339845572,Оплачен
4909,778,2026-03-29,608.2414056268694,Не оплачен
4910,351,2026-01-04,279.2444248510577,Не оплачен
4911,484,2026-02-04,576.9489835032829,Не оплачен
4912,867,2026-05-13,220.71501177188293,Оплачен
4913,395,2026-03-21,358.93787315507916,Не оплачен
4914,307,2026-01-20,636.4911185086482,Не оплачен
4915,563,2026-05-23,295.26445376629806,Оплачен
4916,764,2026-04-26,697.1239597924741,Не оплачен
4917,43,2026-01-10,149.4954818052318,Оплачен
4918,341,2026-05-06,674.137604721766,Оплачен
4919,874,2026-04-25,794.4339190733648,Оплачен
4920,952,2026-02-27,945.2247355939628,Не оплачен
4921,131,2026-03-20,947.1806229183783,Оплачен
4922,343,2026-03-01,322.0133402696895,Оплачен
4923,709,2026-03-05,183.4786333345952,Оплачен
4924,664,2026-04-20,939.3414527538287,Не оплачен
4925,216,2026-02-24,285.3861385017042,Не оплачен
4926,697,2026-02-07,470.96018579325494,Оплачен
4927,435,2026-01-03,429.8111417538776,Оплачен
4928,597,2026-01-08,557.9621845953338,Оплачен
4929,373,2026-05-25,476.43541065998886,Оплачен
4930,605,2026-03-24,697.9182229693234,Не оплачен
4931,653,2026-03-28,453.8505913431739,Оплачен
4932,151,2026-04-17,809.8406832895726,Не оплачен
4933,246,2026-02-11,907.5694192083549,Оплачен
4934,955,2026-02-17,703.1706401953365,Оплачен
4935,175,2026-04-11,270.79214999362773,Оплачен
4936,288,2026-05-16,409.131713055536,Не оплачен
4937,24,2026-01-05,867.2155362152378,Не оплачен
4938,750,2026-05-21,371.5147049971603,Не оплачен
4939,535,2026-03-13,597.2729190414009,Оплачен
4940,281,2026-05-26,810.4478265157799,Не оплачен
4941,1102,2026-02-28,574.6182706798818,Оплачен
4942,579,2026-02-07,360.13252406938943,Не оплачен
4943,513,2026-05-20,233.5856617634446,Оплачен
4944,900,2026-03-06,993.771349162543,Не оплачен
4945,1073,2026-05-01,837.2198871003307,Оплачен
4946,1077,2026-03-28,925.3887328412634,Оплачен
4947,354,2026-02-19,103.54093398538664,Не оплачен
4948,700,2026-04-04,629.0907861838551,Оплачен
4949,938,2026-02-05,826.4994671904934,Оплачен
4950,819,2026-03-05,960.6136177387599,Не оплачен
4951,694,2026-04-23,344.64085792134586,Оплачен
4952,1146,2026-05-15,471.8626930902053,Оплачен
4953,268,2026-04-13,602.8257242508097,Не оплачен
4954,832,2026-03-28,405.67645389434017,Оплачен
4955,1176,2026-03-08,699.028443762598,Не оплачен
4956,43,2026-02-02,150.1401892352481,Не оплачен
4957,378,2026-02-10,770.4246397604459,Оплачен
4958,68,2026-02-12,517.7977090488898,Не оплачен
4959,583,2026-05-14,738.44640417626,Оплачен
4960,911,2026-04-12,777.0922921811476,Не оплачен
4961,741,2026-05-06,850.6563402074903,Не оплачен
4962,97,2026-01-22,604.1668352956297,Оплачен
4963,633,2026-04-01,644.8979241784973,Не оплачен
4964,425,2026-05-20,588.130800039756,Не оплачен
4965,373,2026-03-19,712.0539955038029,Не оплачен
4966,514,2026-03-09,112.61105857530458,Оплачен
4967,133,2026-05-11,308.3117305896185,Не оплачен
4968,57,2026-05-28,488.20216003478686,Не оплачен
4969,779,2026-01-28,490.4270389063466,Оплачен
4970,846,2026-01-26,616.6156879515955,Оплачен
4971,1084,2026-03-15,878.2510008733813,Оплачен
4972,86,2026-04-29,135.2164478499982,Не оплачен
4973,1001,2026-04-04,157.07799348938028,Оплачен
4974,408,2026-04-09,959.1066991294642,Не оплачен
4975,1111,2026-05-27,856.8340890515615,Не оплачен
4976,555,2026-02-11,724.5695292379945,Оплачен
4977,524,2026-02-10,794.7624519367419,Не оплачен
4978,798,2026-03-03,224.75690064936197,Не оплачен
4979,1142,2026-01-31,230.84984436698704,Не оплачен
4980,672,2026-02-17,479.2220284980701,Оплачен
4981,57,2026-01-19,365.5183690801212,Не оплачен
4982,944,2026-03-31,982.560922819688,Не оплачен
4983,810,2026-02-27,382.0201642045586,Оплачен
4984,192,2026-02-20,199.211660222084,Не оплачен
4985,722,2026-02-18,157.00942342773834,Оплачен
4986,61,2026-02-13,160.03361441603425,Не оплачен
4987,212,2026-05-11,973.7436964609799,Оплачен
4988,12,2026-03-14,634.1168695991244,Оплачен
4989,28,2026-02-02,479.2922049945833,Оплачен
4990,689,2026-05-24,955.3423830444546,Не оплачен
4991,1036,2026-02-22,322.9532728405703,Не оплачен
4992,700,2026-04-12,741.6767777825975,Не оплачен
4993,246,2026-01-12,825.2217362444105,Оплачен
4994,1096,2026-05-04,158.2546563929923,Не оплачен
4995,336,2026-05-25,924.3370751357,Не оплачен
4996,233,2026-05-18,803.4971893506485,Не оплачен
4997,1199,2026-05-18,499.36455767727455,Оплачен
4998,560,2026-04-14,469.77140041953703,Оплачен
4999,297,2026-01-01,920.2432856873768,Оплачен
5000,1184,2026-05-25,207.46266708973673,Оплачен
