owner_id,name,drive_license,address,phone
1,Николаева Елена Валентиновна,91 24 126225,"д. Ребриха, ул. Студенческая, д. 93, 838637",84026542351
2,Мечислав Евсеевич Константинов,21 58 201414,"д. Гремячинск (Бурят.), ул. Кирова, д. 4 к. 503, 316475",+7 (553) 419-28-32
3,Тамара Дмитриевна Зимина,69 58 383060,"п. Архыз, пр. Флотский, д. 639 к. 77, 242388",+79696532871
4,Вишнякова Наталья Эльдаровна,16 24 260265,"с. Шамары, пер. Ударный, д. 518 к. 2, 627048",+7 (814) 893-25-28
5,Адам Брониславович Гущин,77 10 728038,"п. Беслан, пер. Крестьянский, д. 971, 278248",86383465787
6,Лебедев Харитон Давыдович,25 41 335612,"г. Яхрома, алл. Профсоюзная, д. 951, 473829",87376311656
7,Лапин Валерьян Ануфриевич,62 69 864491,"ст. Вуктыл, алл. Окружная, д. 3/7, 473178",+7 080 132 67 73
8,Никита Евсеевич Гущин,61 17 272634,"с. Усть-Кулом, бул. Станиславского, д. 53 стр. 90, 500978",8 (208) 121-9136
9,Волкова Юлия Артемовна,25 82 358175,"к. Карабулак, бул. Матросова, д. 74 стр. 84, 107991",+7 838 425 13 54
10,Антонова Эмилия Станиславовна,30 66 974244,"клх Воркута, наб. Пограничная, д. 582, 935348",8 (401) 640-05-24
11,Шилова Агафья Вадимовна,30 66 678478,"д. Астрахань, пер. Тенистый, д. 3/1 к. 6, 533158",8 923 226 02 56
12,Филатов Велимир Тарасович,95 41 379766,"п. Камышлов, наб. Маяковского, д. 13 к. 66, 145868",8 014 294 0196
13,Панфилова Валерия Натановна,54 50 557592,"г. Салехард, пер. Курортный, д. 7, 595148",+76564823662
14,Август Ефимьевич Дмитриев,88 82 415568,"ст. Челюскин, бул. Космонавтов, д. 8/8 стр. 88, 148951",+7 (433) 200-3791
15,Терентьева Мария Святославовна,68 63 760356,"п. Адыгейск, ш. Шмидта, д. 92, 083172",8 (889) 579-86-87
16,Иосиф Елизарович Комиссаров,30 70 571932,"к. Саранск, бул. Февральский, д. 64, 812236",+7 (316) 658-76-03
17,Игнатова Акулина Филипповна,63 59 907189,"г. Нижний Тагил, ш. Разина, д. 9/9 к. 47, 670656",+7 (729) 806-99-01
18,Евгения Альбертовна Осипова,92 64 242291,"п. Сергиев Посад, наб. Воровского, д. 7 к. 2, 080531",+7 033 092 3271
19,Комиссарова Маргарита Викторовна,82 37 587623,"к. Всеволожск, ул. Труда, д. 7/4 стр. 293, 919058",8 518 506 71 65
20,Борисов Станимир Егорович,91 68 841666,"с. Чулым, наб. Высоковольтная, д. 447 к. 7/6, 752735",+75494808313
21,Олимпиада Рудольфовна Третьякова,62 72 682144,"к. Кижи, бул. Петровский, д. 6 к. 9/9, 685574",+74313518233
22,Мишина Светлана Эльдаровна,71 45 859782,"ст. Калязин, алл. Ватутина, д. 14 к. 14, 842710",84777520471
23,Евдокимов Аполлинарий Вилорович,18 61 615633,"г. Кош-Агач, пер. Баумана, д. 78, 749649",80913341232
24,Савельев Чеслав Харитонович,80 19 264136,"п. Лысьва, наб. Просвещения, д. 434 стр. 2/9, 242102",+79947174648
25,Волков Пимен Захарьевич,79 73 559023,"г. Киржач, ш. Колхозное, д. 1 стр. 97, 429671",8 (565) 512-56-74
26,Александра Робертовна Беляева,94 61 953085,"к. Гатчина, ш. Молодежное, д. 7/1 к. 68, 703482",+77710932480
27,Одинцов Викентий Фомич,80 62 197736,"с. Люберцы, бул. Абрикосовый, д. 8/8 стр. 97, 639821",+76584044997
28,Мариан Матвеевич Панов,29 67 664742,"клх Коломна, пр. Астраханский, д. 1/6 стр. 7/7, 702895",+7 718 702 62 17
29,Кулагина Анжелика Леоновна,43 53 753534,"клх Сузун, ул. Верхняя, д. 44 стр. 261, 240050",+75562386922
30,Юлия Егоровна Чернова,32 20 739098,"с. Красноселькуп, наб. Зеленая, д. 5/9 к. 81, 946474",+7 (671) 369-5944
31,Феофан Анисимович Сысоев,12 94 515032,"ст. Кириши, ш. Есенина, д. 53 стр. 11, 709521",+75623285884
32,Кира Львовна Брагина,31 42 964749,"г. Диксон, ш. М.Горького, д. 2, 048175",+79651370985
33,Бирюков Ростислав Ефимьевич,88 38 779112,"п. Балтийск, наб. 8-е Марта, д. 913, 675869",+7 (617) 964-05-37
34,Модест Ильясович Семенов,66 40 997004,"п. Горячий Ключ, ул. Сахалинская, д. 405 к. 49, 839335",+7 (904) 228-42-10
35,Жанна Эдуардовна Маркова,26 11 475644,"к. Беломорск, бул. 60 лет СССР, д. 817, 891783",80847007661
36,Лидия Юльевна Куликова,72 66 177060,"к. Якутск, пер. Механизаторов, д. 9/5 стр. 9/7, 183673",8 576 615 65 45
37,Никонов Борислав Бенедиктович,29 97 597305,"клх Объячево, пер. Таежный, д. 2, 560494",8 198 327 3158
38,Зиновий Федотович Сазонов,57 24 899649,"г. Ирбит, бул. Некрасова, д. 6 к. 722, 201836",8 752 545 99 10
39,Муравьева Анжелика Ивановна,29 30 891083,"с. Шереметьево, пр. Абрикосовый, д. 28 к. 7, 497840",+7 (690) 034-3244
40,тов. Захаров Владислав Тарасович,51 25 108105,"г. Переславль-Залесский, ул. Спартака, д. 671 стр. 7/7, 160529",8 (516) 136-96-81
41,Мариан Власович Воробьев,60 49 882033,"ст. Нижнекамск, бул. Тенистый, д. 31 к. 4, 921277",89799552717
42,Феврония Аркадьевна Казакова,66 90 417530,"с. Сеймчан, ул. Жукова, д. 2, 998679",8 (079) 359-7820
43,Лукия Артемовна Селезнева,67 23 950360,"п. Самара, пер. Аэродромный, д. 6 к. 7, 590515",+7 864 492 51 92
44,Карпова Василиса Эльдаровна,54 49 787923,"д. Октябрьский (Башк.), ш. Урицкого, д. 28 стр. 9/6, 542357",+7 (322) 141-8880
45,Кириллова Марина Владиславовна,94 53 903531,"ст. Якутск, бул. Бабушкина, д. 465, 947383",+77359774688
46,Елисеев Всеслав Димитриевич,63 30 956572,"ст. Обоянь, ул. Свободная, д. 2 стр. 84, 613750",8 068 536 15 30
47,Миронова Вероника Валентиновна,50 22 979940,"ст. Солнечногорск, ш. Кленовое, д. 8/1 стр. 404, 898614",+7 (410) 369-7117
48,Игнатьева Жанна Вениаминовна,86 78 117233,"г. Эльтон, алл. Баумана, д. 91 к. 2, 670654",+7 515 319 5205
49,Никонова Октябрина Романовна,79 53 953025,"г. Серов, наб. Проезжая, д. 630, 868740",+7 (450) 541-5667
50,тов. Фомин Спартак Евстигнеевич,59 53 295892,"г. Руза, ш. Осенное, д. 6 стр. 515, 796275",8 (059) 640-16-58
51,Кошелев Порфирий Александрович,96 30 132653,"п. Ноябрьск, пр. Спортивный, д. 67 к. 8, 928565",+73102786814
52,тов. Шубина Пелагея Геннадьевна,43 67 324993,"ст. Бугульма, алл. 9 Января, д. 255 к. 5, 258313",+7 (370) 589-57-82
53,Самуил Фадеевич Комиссаров,88 21 168941,"п. Мокшан, ул. Химиков, д. 9/6 стр. 38, 680182",+72253584143
54,Антонов Юрий Бенедиктович,91 80 387782,"п. Якутск, пер. Энтузиастов, д. 101 стр. 4, 907844",8 (364) 710-27-67
55,Веселова Лариса Макаровна,69 36 456717,"ст. Обнинск, пер. Веселый, д. 4 стр. 2/5, 321046",86325953278
56,г-н Фокин Никодим Юльевич,69 73 423528,"п. Черкесск, ул. Березовая, д. 8 к. 5/9, 162456",8 060 983 5841
57,Ирина Яковлевна Федосеева,59 74 572230,"г. Партизанск, ш. Лазо, д. 3 к. 99, 800025",8 (872) 982-59-52
58,Феврония Львовна Селезнева,60 88 875232,"с. Анадырь, наб. Рябиновая, д. 5/1 к. 5/4, 972896",+7 (309) 130-75-62
59,Юлий Харитонович Уваров,62 98 313795,"д. Каргополь, наб. Дружба, д. 6/3 стр. 9/6, 497334",8 (434) 437-5758
60,Некрасова Марина Никифоровна,45 46 227794,"к. Баксан, бул. Крестьянский, д. 8 к. 8, 384842",+7 993 308 33 01
61,Всеслав Абрамович Силин,62 52 852204,"клх Сортавала, бул. Крымский, д. 6 к. 1, 938026",+7 (067) 240-04-99
62,Тихон Эдгарович Белозеров,23 52 398384,"к. Калуга, наб. Тополиная, д. 5/3, 549329",8 685 161 22 75
63,Прокофий Евстигнеевич Пестов,41 10 373453,"д. Хоста, наб. Терешковой, д. 20, 426841",+75933272795
64,Синклитикия Даниловна Фадеева,63 99 675914,"д. Северо-Курильск, бул. Коммунаров, д. 191 стр. 99, 258713",87187072867
65,Леон Адамович Афанасьев,82 17 685941,"клх Кежма, ул. Трудовая, д. 6/2 стр. 117, 622656",8 (661) 825-12-86
66,Агата Архиповна Петухова,77 26 863214,"д. Оленегорск (Якут.), алл. Бажова, д. 3, 310690",+7 (311) 907-9030
67,Симонова Анастасия Валентиновна,61 66 345722,"ст. Чайковский, пер. Ломоносова, д. 34 к. 56, 089268",8 (056) 856-62-46
68,Цветков Ладимир Викторович,33 78 596520,"д. Прохладный, пер. Элеваторный, д. 4/5 к. 25, 518304",8 990 139 83 73
69,Пономарев Викторин Харлампович,52 48 116078,"с. Колпашево, наб. Запорожская, д. 8/9 стр. 5, 587717",8 355 609 3204
70,Анисимова Виктория Геннадьевна,80 84 707275,"с. Химки, пр. Энтузиастов, д. 8, 725228",8 (280) 801-00-62
71,Кузнецова Екатерина Сергеевна,90 39 171269,"г. Южно-Курильск, бул. Клары Цеткин, д. 1/1 стр. 1/1, 840862",+7 182 339 84 54
72,Оксана Феликсовна Николаева,60 20 491172,"клх Валдай, ш. Речное, д. 766 стр. 1/1, 176591",8 (033) 974-0148
73,Якушев Лука Аверьянович,82 94 134500,"ст. Пермь, наб. Тополиная, д. 79, 621850",+7 631 599 96 50
74,тов. Данилова Людмила Тимуровна,91 44 921609,"п. Черняховск, пр. Кольцевой, д. 4 стр. 314, 265511",+7 475 412 1267
75,Александр Афанасьевич Казаков,81 81 637333,"ст. Орехово-Зуево, наб. Красных Партизан, д. 2/9, 982622",+74472126464
76,Иосиф Эдгарович Кириллов,71 19 478666,"г. Двинской, ул. Димитрова, д. 7 к. 8, 692459",+7 (752) 654-7935
77,Майя Вадимовна Тетерина,58 45 956156,"клх Усть-Джегута, бул. Кочубея, д. 57, 672434",+7 (661) 797-96-88
78,Меркушев Мирослав Архипович,98 63 670053,"клх Новокузнецк, бул. Красный, д. 6/7, 014388",8 (993) 756-7982
79,Аксенов Борислав Валентинович,54 13 606222,"к. Нерчинск, ш. Ясное, д. 6/8 к. 677, 401051",+7 (382) 825-86-73
80,Прохоров Пимен Тихонович,61 90 293411,"с. Чулым, пр. Новый, д. 53 к. 991, 553714",8 (859) 696-91-55
81,Клавдия Юрьевна Капустина,68 89 280908,"к. Геленджик, наб. Огородная, д. 35, 692966",+7 (782) 827-42-25
82,Агафья Рудольфовна Кузьмина,67 89 156215,"д. Териберка, пр. Глинки, д. 7/8 стр. 3/2, 340438",+72797881914
83,Алина Павловна Некрасова,79 56 668373,"г. Котлас, ш. Спортивное, д. 5/6 к. 471, 959629",+7 (330) 958-49-82
84,Селиверстова Раиса Болеславовна,51 47 403387,"г. Кяхта, алл. Шахтерская, д. 62 стр. 86, 946671",+7 684 577 59 01
85,Якушева Ангелина Тарасовна,68 91 796405,"с. Каспийск, наб. Энергетиков, д. 6 к. 89, 001701",+7 (770) 632-42-41
86,Харитонов Григорий Антипович,93 56 362552,"клх Кировск (Ленин.), бул. Социалистический, д. 803 к. 429, 005162",8 (136) 111-55-42
87,г-жа Виноградова Светлана Феликсовна,58 27 772741,"с. Нижний Новгород, алл. Деповская, д. 8/4 стр. 212, 565234",+7 389 994 04 38
88,Кира Альбертовна Шарова,87 75 297810,"с. Гаврилов-Ям, пр. Кирпичный, д. 355, 965827",+7 091 043 00 68
89,Аксенова Наталья Ниловна,46 90 847245,"к. Великий Устюг, ул. Одесская, д. 68 к. 2/5, 303161",8 (990) 421-02-02
90,Бирюкова Иванна Викторовна,73 54 648410,"клх Курск, ул. Красноармейская, д. 7 стр. 9, 491778",8 079 252 4191
91,Самойлов Агап Демьянович,39 75 102693,"к. Орел, алл. Парковая, д. 4/6, 654195",+7 802 380 61 74
92,Кузнецова Маргарита Геннадьевна,49 51 190581,"клх Юрьевец (Иван.), пр. Жукова, д. 4/9, 206038",8 050 641 3836
93,Тарасова Алина Евгеньевна,72 17 249289,"с. Вендинга, ул. З.Космодемьянской, д. 26 стр. 462, 456557",+73132912127
94,Ефимов Емельян Филимонович,69 50 526259,"к. Голицыно, алл. Свободы, д. 335, 356804",+72067883171
95,Гуляев Ефрем Васильевич,27 25 112537,"к. Ясный (Оренб.), ул. Большевистская, д. 401 стр. 3/2, 107029",8 670 662 53 24
96,Орехов Яков Демьянович,45 67 255851,"с. Усть-Джегута, ул. Базарная, д. 7 к. 46, 806578",8 (598) 564-20-59
97,Анастасия Руслановна Лобанова,38 13 950069,"п. Волгодонск, бул. Слободской, д. 9, 396522",+7 (955) 905-9929
98,Селиверст Алексеевич Тарасов,34 73 668458,"д. Кемерово, пер. Дружба, д. 459, 525002",82185156915
99,Нина Рудольфовна Кулагина,48 51 243079,"клх Учалы, пер. 70 лет Октября, д. 39 стр. 5/5, 209690",+7 (959) 391-72-51
100,Доронин Бронислав Игнатьевич,40 54 435039,"к. Карталы, бул. Профсоюзный, д. 5, 006762",8 765 861 79 32
101,Кира Архиповна Филиппова,67 19 938016,"г. Неплюевка, пр. Приморский, д. 681, 062962",+7 153 368 8444
102,Ульян Эдгардович Степанов,40 22 152046,"г. Ростов, наб. Ильича, д. 11, 241714",8 774 186 25 65
103,Рубен Евсеевич Цветков,33 67 146784,"п. Владимир, бул. Чайковского, д. 4/9, 686879",+7 (741) 608-9899
104,Гурий Гордеевич Константинов,28 25 893969,"г. Ревда (Сверд.), бул. Демьяна Бедного, д. 52, 116868",8 487 099 8616
105,Мишина Антонина Борисовна,29 28 694116,"ст. Тюмень, пр. Путевой, д. 8/8 к. 724, 996065",+7 (074) 505-4447
106,Елизавета Валентиновна Петухова,99 97 202988,"к. Пушкино (Моск.), бул. Родниковый, д. 47 стр. 8/9, 082148",8 289 023 30 30
107,Егорова Маргарита Рубеновна,68 16 477880,"клх Архангельск, наб. Восьмого Марта, д. 3/8, 524140",8 029 333 34 68
108,Влас Всеволодович Моисеев,12 97 109330,"к. Шилка, бул. Прохладный, д. 7/6 к. 5/4, 489691",+7 858 994 4171
109,Кирилл Дорофеевич Лапин,53 45 771712,"п. Томпа, ул. 50 лет ВЛКСМ, д. 3, 744666",+7 993 538 7584
110,Белов Савва Валерьянович,31 94 685365,"клх Нарткала, ул. Минская, д. 4 стр. 7, 549471",8 (099) 917-38-16
111,Красильников Георгий Викентьевич,77 48 533174,"с. Химки, алл. Куйбышева, д. 81 к. 3, 007432",82712966667
112,Гурьева Маргарита Андреевна,59 10 139557,"г. Адлер, бул. Новгородский, д. 55 стр. 71, 210447",8 (985) 625-7532
113,Титов Еремей Адамович,61 12 339513,"к. Ачинск, бул. Ореховый, д. 290 к. 701, 618472",+7 (046) 184-9926
114,Боброва Валерия Борисовна,23 75 853681,"д. Камышлов, ш. Проезжее, д. 7 к. 3, 873753",+7 011 972 1811
115,Лавр Евсеевич Суворов,42 92 342389,"ст. Ивдель, ш. Ленина, д. 6, 110022",8 579 415 5216
116,Ольга Николаевна Кулагина,61 68 385037,"п. Бийск, ул. Баумана, д. 8/3, 590277",+7 670 145 08 99
117,Пахомова Юлия Болеславовна,38 95 454733,"с. Нефтекамск, бул. Добролюбова, д. 18 стр. 828, 217535",+70838663177
118,Нонна Кузьминична Ковалева,83 67 192295,"г. Печора, ул. Советская, д. 599 к. 67, 037589",87571130554
119,Соловьева Глафира Святославовна,80 76 492052,"г. Красноселькуп, алл. Енисейская, д. 863 стр. 25, 091779",8 (270) 808-6978
120,Авдеев Владимир Бориславович,32 98 706658,"д. Оренбург, пер. Новгородский, д. 7 к. 5, 226984",8 (583) 339-4522
121,Рогова Валерия Матвеевна,74 79 828038,"клх Тында, ш. Челюскинцев, д. 181 к. 3/1, 342442",+7 438 057 1983
122,Шаров Константин Анисимович,92 81 507777,"с. Мичуринск, ул. Полевая, д. 4 стр. 4/6, 347212",+7 (816) 064-84-22
123,Герман Анатольевич Степанов,84 42 105919,"ст. Якша, ш. Мичурина, д. 9/6 стр. 458, 818268",8 (615) 335-5543
124,г-жа Андреева Любовь Петровна,89 77 597923,"г. Москва, ш. Торговое, д. 5/9 к. 1, 887704",+7 (581) 128-8013
125,Зимин Парамон Бориславович,95 90 911159,"клх Бронницы, бул. Сенной, д. 175 стр. 310, 819346",8 766 506 18 09
126,Богданова Людмила Сергеевна,18 84 147727,"ст. Малоярославец, ул. Детская, д. 7/7 стр. 972, 268424",8 088 210 0996
127,Мечислав Гордеевич Тихонов,78 80 189261,"п. Кижи, ш. Калужское, д. 31 стр. 987, 414139",8 (552) 314-91-35
128,Тимофеева Фаина Владиславовна,72 67 444295,"с. Звенигород, наб. Лазурная, д. 56, 257775",+77812914283
129,Рожкова Акулина Сергеевна,43 90 180176,"ст. Чита, ул. Троицкая, д. 3/6, 394278",8 (165) 803-9282
130,Воронцова Вероника Романовна,67 30 287847,"п. Сузун, ул. Путевая, д. 4, 385677",+7 051 844 9892
131,Бажен Ярославович Максимов,58 93 496905,"д. Плес, ш. Мелиораторов, д. 8/1 к. 37, 184322",+7 (591) 365-17-77
132,Тихонова Акулина Ефимовна,36 85 269078,"д. Чулым, алл. Вокзальная, д. 30, 286990",+71379772369
133,Юлия Степановна Белоусова,28 84 960307,"с. Шамары, ул. Угловая, д. 7/3 стр. 903, 291279",80881172980
134,Фомина Алина Станиславовна,96 93 552457,"ст. Старая Русса, наб. Гражданская, д. 3/5 к. 4/2, 986430",+7 981 806 3565
135,Максимова Иванна Тарасовна,23 29 546768,"д. Кыштым, пр. Одесский, д. 9/9 стр. 3/6, 449562",+7 372 138 65 89
136,Колесников Аверкий Бенедиктович,99 97 841122,"д. Салават, ул. Механическая, д. 25, 669849",+7 277 038 4309
137,Романов Анатолий Иосипович,75 76 832377,"п. Верхнее Пенжино, ш. Ушакова, д. 7 к. 4/9, 118489",8 543 937 6904
138,Богданов Сила Ерофеевич,32 62 630829,"ст. Токма, пер. Сплавный, д. 7/8 к. 85, 907141",8 335 658 80 43
139,Бирюкова Лукия Анатольевна,46 21 518309,"к. Новгород Великий, пер. Угольный, д. 83, 334333",+7 (952) 111-7908
140,Горшкова Ульяна Игоревна,15 71 489227,"ст. Тихорецк, пр. Минский, д. 90 к. 8/9, 856271",8 (750) 036-9155
141,Фролова Ираида Руслановна,88 43 296243,"п. Тамбей, алл. Маркса Карла, д. 6 к. 5/8, 929314",+7 (866) 322-7026
142,Лукина Лариса Рудольфовна,73 27 990649,"д. Хасан, пр. Песочный, д. 40, 717545",8 884 506 1593
143,Захарова Ия Матвеевна,83 83 781433,"ст. Северо-Курильск, пр. Лунный, д. 3/3, 699611",+7 (535) 544-96-47
144,Надежда Викторовна Герасимова,56 85 646240,"клх Кисловодск, наб. Российская, д. 72 стр. 811, 068114",82164334722
145,Ефимов Любосмысл Харламович,77 31 129959,"д. Саянск, бул. Тепличный, д. 7/9, 578317",+75642400825
146,Стрелков Селиверст Харлампович,46 70 661091,"ст. Руза, пер. Камский, д. 485 к. 9/7, 326634",+7 638 944 84 63
147,Ратибор Филимонович Дорофеев,18 33 243260,"к. Ангарск, ул. Рабочая, д. 51, 270312",+7 735 647 5705
148,Никифор Артёмович Некрасов,20 28 158760,"п. Красновишерск, ш. Первомайское, д. 836 к. 40, 183764",8 208 814 7435
149,Жанна Оскаровна Большакова,16 95 328367,"ст. Кыштым, ул. Димитрова, д. 10 стр. 3/6, 327195",+7 052 812 7358
150,Евдокия Архиповна Пахомова,92 54 944654,"клх Данков, ул. Водников, д. 9/5 к. 4/3, 574982",+7 827 448 57 08
151,Громова Юлия Егоровна,58 33 119629,"клх Углич, алл. Машиностроителей, д. 59 к. 7, 118102",+7 (031) 731-09-67
152,Васильева Майя Дмитриевна,77 89 835381,"п. Сухиничи, пр. Транспортный, д. 9, 509480",+7 413 811 38 63
153,Ярослав Вячеславович Наумов,34 77 788784,"ст. Чебаркуль, бул. Гафури, д. 2/3 к. 78, 289755",8 (556) 659-3983
154,Радислав Филатович Кондратьев,58 80 880746,"клх Асино, пер. Юбилейный, д. 14 к. 4, 504888",89210752245
155,Ладимир Бенедиктович Дроздов,84 41 344312,"клх Буйнакск, наб. Клары Цеткин, д. 27 стр. 1, 105566",+7 390 604 80 58
156,Полякова Виктория Альбертовна,82 29 442707,"ст. Шали, пер. Революционный, д. 56 стр. 3/3, 179086",+71686227837
157,Горбачев Станислав Денисович,60 93 699083,"к. Руза, бул. Родниковый, д. 666 к. 4, 590425",87927033521
158,Вероника Ильинична Попова,24 16 354854,"к. Североморск, ул. Толстого, д. 48 к. 98, 879206",88042043940
159,Нестеров Касьян Иосипович,69 93 108739,"к. Орск, пр. Тукая, д. 957, 238780",+7 384 576 2055
160,Овчинников Кирилл Ануфриевич,55 90 417012,"ст. Артем, наб. Хвойная, д. 75 стр. 71, 639264",85782329832
161,Вера Оскаровна Бурова,49 98 839389,"к. Борзя, пер. Стадионный, д. 35 стр. 756, 742312",+7 (099) 499-93-93
162,Самсон Венедиктович Овчинников,39 97 127351,"п. Оса, пр. Болотный, д. 43 к. 560, 333127",87573660965
163,Белякова Светлана Антоновна,60 88 878533,"с. Баксан, пер. Димитрова, д. 986, 347644",8 (264) 908-27-71
164,София Валентиновна Карпова,74 24 288503,"с. Аргаяш, пр. Проезжий, д. 2/5, 211175",+7 868 926 86 02
165,Галина Вениаминовна Борисова,52 82 791567,"к. Миллерово, ш. Подстанция, д. 3 стр. 123, 077780",87339776719
166,Ирина Яковлевна Исаева,86 10 356600,"п. Дубна, бул. Тимирязева, д. 520, 101622",+79998279501
167,Ангелина Олеговна Одинцова,48 51 486473,"с. Данков, бул. Прохладный, д. 9, 833901",88179469548
168,Эмилия Феликсовна Чернова,83 89 471042,"ст. Ирбит, алл. Ленина, д. 20 стр. 471, 605583",+7 344 144 8850
169,Филарет Аксёнович Щукин,24 97 449472,"к. Находка, пр. Монтажников, д. 327 стр. 9/6, 608495",8 (803) 955-1240
170,Сергеева Ульяна Юльевна,53 58 756944,"д. Гдов, бул. Островского, д. 246 к. 4/6, 438421",8 031 780 7823
171,Ксения Леонидовна Баранова,53 71 868020,"п. Ахтубинск, пр. Пограничный, д. 240 к. 8, 184094",+7 (533) 448-5714
172,Кондратьев Януарий Якубович,29 30 386929,"д. Нижнеудинск, наб. Поперечная, д. 44 стр. 51, 870207",+7 160 166 2997
173,Евстафий Артурович Туров,88 55 427617,"г. Снежногорск (Мурм.), пр. Гоголя, д. 8/4, 294562",8 577 017 1577
174,Фирс Валерьянович Панфилов,31 46 905245,"ст. Воткинск, пер. Кирпичный, д. 9 к. 7/7, 938276",+7 539 669 58 32
175,Кулакова Ульяна Рудольфовна,94 95 181678,"к. Усть-Катав, ш. 9 Января, д. 74, 919657",+7 132 902 2784
176,Елисей Жоресович Петухов,59 88 706005,"клх Нефедова, пер. Октябрьский, д. 3/5, 580085",+7 403 696 56 66
177,Мухина Вера Георгиевна,65 79 321476,"ст. Пушкинские Горы, наб. Кедровая, д. 20, 276212",8 796 927 86 87
178,Елисеев Аверьян Эдуардович,59 55 336706,"с. Усмань, наб. Озерная, д. 697 стр. 297, 847818",81371894905
179,Рюрик Игнатович Гаврилов,78 11 591644,"к. Зарайск, бул. Свободы, д. 1, 929049",+7 471 281 4429
180,Вениамин Всеволодович Буров,45 45 999529,"к. Игарка, ш. Заовражное, д. 3/9 к. 351, 766372",+7 (950) 410-2767
181,Синклитикия Евгеньевна Щербакова,48 70 882395,"к. Долинск, ш. Демьяна Бедного, д. 747 стр. 9, 185694",8 441 496 7393
182,Королева Лариса Тимуровна,76 53 810638,"ст. Борзя, пр. Гражданский, д. 475, 430091",+7 939 111 9269
183,Анисимов Руслан Артемьевич,33 24 829445,"ст. Ростов, бул. Шевченко, д. 3 стр. 740, 504427",+7 739 627 12 86
184,Зуев Исидор Бориславович,37 88 774588,"г. Холмск, наб. Подстанция, д. 172 стр. 364, 690877",8 618 306 71 98
185,Аполлон Бенедиктович Громов,55 52 814956,"ст. Сибай, бул. Краснознаменный, д. 18 к. 4/5, 157173",+7 (030) 937-61-84
186,Акулина Антоновна Ширяева,73 78 974774,"ст. Баксан, ул. Ульяновская, д. 9/3 к. 11, 707903",+7 (020) 417-92-91
187,Горбачева Елена Афанасьевна,23 24 621292,"к. Петушки, ул. Болотная, д. 4 к. 692, 142625",8 (273) 902-1962
188,Борисов Бронислав Еремеевич,12 72 184643,"клх Грозный, алл. Поперечная, д. 7/4, 909279",+7 456 083 31 81
189,Прасковья Дмитриевна Суворова,89 56 898100,"г. Калязин, ш. Учительское, д. 8/3, 005436",+75970108220
190,Фролов Прокл Зиновьевич,72 75 221703,"клх Мурманск, ш. Рябиновое, д. 4, 363631",8 (970) 623-97-26
191,Евдокимова Людмила Ивановна,57 27 579975,"п. Архыз, пер. Таежный, д. 3 стр. 777, 534929",+7 (983) 168-73-97
192,Зиновьева Зинаида Ефимовна,69 45 115208,"д. Кизел, алл. Садовая, д. 1/1 стр. 9/1, 867177",+7 (180) 632-5431
193,Родион Адрианович Туров,12 71 801534,"ст. Джубга, пр. Брянский, д. 8 стр. 616, 464989",+7 (195) 085-0165
194,Демид Арсеньевич Шилов,69 89 142859,"к. Коломна, ул. Дружба, д. 63 стр. 5, 401557",8 (881) 788-47-95
195,Ангелина Георгиевна Рожкова,96 98 948083,"г. Павловская, наб. Магистральная, д. 224, 723804",8 827 567 04 31
196,Лора Наумовна Савина,12 39 975505,"с. Чусовой, бул. 9 Января, д. 5/3 стр. 3, 375402",8 472 928 4222
197,Филиппов Фирс Валерьянович,30 40 222596,"к. Йошкар-Ола, пер. Строительный, д. 6, 578284",+7 067 275 20 88
198,Корнил Виленович Лаврентьев,52 92 839719,"клх Гаврилов-Ям, пр. Дорожный, д. 28 стр. 1, 937515",+7 939 834 3018
199,Раиса Никифоровна Григорьева,67 96 804179,"д. Шенкурск, ул. Ватутина, д. 3/7 стр. 7, 045547",8 (137) 674-2662
200,Антонов Савелий Игнатьевич,85 86 190259,"г. Азов (Рост.), бул. Абрикосовый, д. 3/9 к. 3/4, 648704",84787300244
201,Харитонов Константин Фёдорович,91 91 595495,"клх Костомукша, ул. Энергетическая, д. 2/6, 964715",8 (904) 290-2572
202,Панкрат Ильясович Васильев,55 30 155457,"д. Бузулук, алл. Казанская, д. 992 стр. 6, 451895",+7 (028) 457-65-21
203,Пономарев Федот Валентинович,37 29 627835,"г. Гдов, ул. Ильича, д. 5, 279852",+70132234232
204,Валерия Анатольевна Соколова,20 64 824375,"г. Каменск-Шахтинский, ул. Привокзальная, д. 2/5, 140119",+7 (932) 501-2495
205,Артемьева Эмилия Егоровна,55 30 996677,"ст. Чегем, пер. Тамбовский, д. 34, 138759",+7 (712) 566-38-36
206,Спиридон Венедиктович Горшков,24 50 229620,"д. Бавлы, наб. Журавлева, д. 864, 738646",+7 (175) 207-1678
207,Афанасьев Олег Бориславович,94 96 189135,"к. Камышин, алл. 50 лет ВЛКСМ, д. 836 к. 5, 579678",+72711477320
208,Ларионов Александр Вячеславович,22 16 970645,"п. Медногорск, пер. Гаражный, д. 887 стр. 84, 848588",+7 061 675 6770
209,Гуляева Клавдия Викторовна,14 32 683707,"п. Мирный, пр. Советов, д. 997 стр. 8/9, 806479",8 954 500 90 25
210,Лукия Мироновна Белова,54 84 128206,"к. Приозерск, ул. Владимирская, д. 53 к. 214, 208507",8 986 407 90 56
211,Константинова Пелагея Болеславовна,83 59 438083,"с. Тверь, наб. Ольховая, д. 6 стр. 4/8, 834404",86391919541
212,Милан Артемьевич Кулагин,82 77 598355,"с. Улан-Удэ, алл. Зои Космодемьянской, д. 5/9 к. 9/3, 829737",+78969083572
213,Петухова Нина Наумовна,40 29 882692,"клх Карабудахкент, наб. Лунная, д. 44 к. 4/2, 303477",8 (660) 324-2044
214,Волкова Пелагея Архиповна,94 80 284533,"к. Шахты, ш. Вишневое, д. 6/2 к. 3/4, 981898",+77139155963
215,Соболев Кир Феоктистович,64 37 251286,"ст. Чикола, пр. Грибоедова, д. 758, 342575",+70900348645
216,Нинель Натановна Кузнецова,97 25 660894,"к. Верхотурье, наб. Союзная, д. 67, 041776",8 612 481 5698
217,Зайцев Доброслав Феофанович,51 68 828980,"с. Камышлов, наб. Матросова, д. 412 стр. 79, 772429",8 431 652 6693
218,Исаева Елизавета Богдановна,12 12 685661,"к. Звенигород, пр. Карла Либкнехта, д. 3, 529108",8 771 333 44 76
219,Рябов Кондрат Геннадиевич,26 65 997935,"с. Домбай, наб. Васильковая, д. 89, 597107",+7 (563) 669-41-18
220,Олимпиада Матвеевна Кошелева,17 16 449031,"к. Темрюк, пр. Дружбы, д. 6/3 стр. 592, 875721",8 862 415 0274
221,Иванна Юрьевна Никонова,56 65 396668,"с. Забайкальск, бул. Победа, д. 88 к. 132, 207427",8 170 758 77 71
222,Беспалов Кондратий Гавриилович,28 25 466586,"д. Черняховск, пер. Новый, д. 26, 715041",8 591 520 17 77
223,Суханова Алина Яковлевна,90 44 723068,"клх Хатанга, алл. Сосновая, д. 6, 189616",+72361032664
224,Емельянов Пимен Ефстафьевич,92 93 261621,"клх Владикавказ, пер. Крымский, д. 8/7 к. 5/7, 659266",+7 085 732 78 81
225,Брагин Самсон Ефимович,47 69 558600,"клх Малгобек, пер. Войкова, д. 1, 081866",+7 794 549 18 01
226,Марфа Аскольдовна Михайлова,94 69 288274,"к. Черусти, пр. Химиков, д. 6 стр. 33, 941680",+7 610 277 6974
227,Силина Марфа Кузьминична,89 88 478251,"п. Алексин, ул. Юбилейная, д. 40, 236831",+77276012277
228,Медведева Кира Феликсовна,70 12 571351,"к. Алапаевск, бул. Космодемьянской, д. 8/9, 076789",87308069581
229,Валерия Святославовна Ефремова,44 92 537400,"клх Салехард, алл. Высотная, д. 67, 383959",8 (246) 657-29-34
230,Дементий Германович Яковлев,98 21 799459,"ст. Пушкин, наб. Белорусская, д. 18 к. 654, 280156",+7 931 837 45 50
231,Раиса Юльевна Агафонова,81 44 258522,"с. Серов, ул. Кузнечная, д. 381, 352478",8 (125) 521-37-60
232,Данила Архипович Федотов,41 70 457900,"к. Ярославль, алл. Деповская, д. 4/3 стр. 7/7, 850720",8 (115) 562-6060
233,Анастасия Семеновна Турова,94 92 258284,"с. Усть-Калманка, бул. Матросова, д. 1 к. 9, 673899",8 (563) 410-85-62
234,Панфилов Устин Ефстафьевич,76 79 397719,"г. Армавир, пер. Отрадный, д. 74 стр. 505, 101749",+7 753 998 9354
235,Ульяна Валентиновна Кулакова,46 95 922911,"г. Мценск, пер. Тупиковый, д. 8 стр. 726, 106273",8 (158) 698-86-49
236,тов. Гурьева Наина Валериевна,73 91 543990,"с. Серов, бул. Пригородный, д. 87, 285196",+7 159 408 21 54
237,Гаврила Викторович Шаров,57 48 408261,"к. Листвянка (Иркут.), алл. Восьмого Марта, д. 618, 067949",8 (567) 922-87-77
238,Юлия Наумовна Колесникова,29 51 193653,"к. Ульяновск, бул. Азина, д. 2, 094818",+7 398 909 83 78
239,Евгения Архиповна Егорова,12 25 790229,"ст. Челюскин, ул. Ломоносова, д. 1/8 к. 356, 085641",+7 182 422 41 24
240,Силин Любосмысл Гавриилович,62 96 277409,"к. Охотск, наб. Морская, д. 6/5, 103399",+7 (788) 614-0578
241,Калашников Игорь Аверьянович,62 18 607690,"п. Усть-Катав, ш. Кедровое, д. 7 стр. 2/9, 258238",8 870 079 42 00
242,Натан Иларионович Одинцов,71 44 726909,"г. Жиганск, пер. Ленинский, д. 2 стр. 2/3, 639855",+77435537950
243,Элеонора Руслановна Иванова,98 27 777844,"с. Усть-Кулом, бул. Восьмого Марта, д. 9/2 стр. 880, 569562",+7 175 370 3045
244,Антонова Елена Евгеньевна,34 21 955932,"г. Лазаревское, бул. Санаторный, д. 236 к. 9, 283999",+7 (192) 124-93-84
245,тов. Федосеева Тамара Робертовна,34 96 124240,"клх Беломорск, пр. Плеханова, д. 2 к. 8/6, 304687",8 063 519 0361
246,Арсений Богданович Новиков,41 35 272471,"ст. Апшеронск, ш. Герцена, д. 4 стр. 673, 583199",8 (179) 110-06-51
247,Ладислав Феликсович Голубев,26 17 941363,"д. Беломорск, ш. Революции, д. 2/7 к. 19, 676991",8 078 593 1109
248,Ульяна Владимировна Кабанова,18 85 927763,"с. Ставрополь, пер. 9 Января, д. 33 стр. 502, 854982",+7 (749) 545-08-92
249,Тамара Альбертовна Родионова,17 40 631741,"п. Каневская, наб. Севастопольская, д. 8/6, 946521",8 (073) 033-79-33
250,Ершова Милица Геннадиевна,71 52 946485,"г. Бугульма, ул. Донская, д. 84 к. 69, 033423",+72583230241
251,Венедикт Игоревич Колобов,12 96 243910,"с. Колпашево, ш. Жуковского, д. 78 к. 312, 386559",8 309 938 42 53
252,Владлен Яковлевич Меркушев,16 90 934259,"клх Ведено, ш. Ключевое, д. 78 к. 8, 255877",8 (496) 903-33-73
253,Наркис Владиленович Колобов,60 37 420863,"д. Вендинга, ш. Промышленное, д. 8, 390789",8 677 665 7546
254,Юдин Афиноген Ильясович,13 32 563143,"ст. Таштагол, пер. Крестьянский, д. 4 стр. 611, 835354",+74392840445
255,Лапина Агафья Руслановна,61 61 961784,"п. Кинешма, бул. Санаторный, д. 4/9 стр. 8/6, 536637",8 (805) 292-40-75
256,Олимпий Ефимович Большаков,53 38 539507,"п. Елатьма, пер. Черняховского, д. 4/7 к. 486, 159741",+7 (182) 097-02-31
257,Прохоров Станислав Арсеньевич,59 46 315893,"к. Томск, алл. Энгельса, д. 7/3, 286716",+7 (234) 672-9949
258,Егорова Евпраксия Александровна,35 74 851589,"г. Петрозаводск, ш. Лазурное, д. 8 стр. 8/1, 475469",+7 (632) 967-62-91
259,Беспалов Глеб Елизарович,60 99 145785,"клх Кедровый, пр. Индустриальный, д. 2 к. 785, 243807",+7 176 563 6004
260,Суворова Пелагея Рубеновна,24 27 443000,"д. Королев, пр. Казачий, д. 5/3 стр. 20, 418621",+7 427 523 0837
261,Галкина Валентина Натановна,99 16 977135,"г. Шатки, ул. Репина, д. 63, 310600",8 313 122 0681
262,Ефремова Евфросиния Тимофеевна,51 51 689356,"г. Кирово-Чепецк, ул. 70 лет Октября, д. 3, 650637",+7 (149) 501-3649
263,Стрелкова Татьяна Викторовна,73 23 847143,"д. Мураши, бул. Коминтерна, д. 35 стр. 8, 509976",8 (389) 030-9143
264,Кудрявцев Мстислав Эдуардович,64 41 749871,"п. Оймякон, бул. Почтовый, д. 89, 245086",+70355338033
265,Пров Абрамович Голубев,87 58 646802,"п. Беломорск, алл. Логовая, д. 31 стр. 93, 674233",8 293 449 73 47
266,Савва Феоктистович Родионов,20 56 517589,"ст. Старая Русса, ш. Революции, д. 2/5, 824674",8 (468) 971-52-73
267,Овчинников Мстислав Эдгардович,29 34 104383,"с. Одинцово, пр. Свердлова, д. 260 к. 3/4, 458750",8 633 705 02 49
268,Эраст Владиславович Попов,68 97 254525,"клх Оренбург, бул. Тихий, д. 36 к. 5/5, 946119",8 243 640 2701
269,Лапина Ия Оскаровна,18 99 538136,"к. Кажим, алл. Ивановская, д. 3/9 стр. 479, 302346",8 (912) 141-61-41
270,Мартынов Варлаам Августович,53 13 714094,"ст. Алагир, пер. Дачный, д. 138 стр. 9/5, 759655",8 535 669 0551
271,Вышеслав Адрианович Елисеев,10 68 832229,"клх Кош-Агач, пр. Шишкина, д. 4/1 к. 1, 057397",8 915 671 64 93
272,Прасковья Антоновна Гусева,28 76 699672,"к. Уссурийск, алл. Подстанция, д. 478 к. 33, 160256",+73471287153
273,Мельникова Марина Федоровна,83 86 167808,"п. Кропоткин (Краснод.), наб. Базарная, д. 415, 952569",+7 409 836 6552
274,Киселева Марфа Андреевна,76 94 730841,"п. Майкоп, пр. Макарова, д. 59, 095481",+79737460523
275,Князев Денис Чеславович,38 99 871464,"ст. Ессентуки, пер. Ветеранов, д. 7, 566184",+73861259047
276,Игнатов Святополк Ермолаевич,93 30 705193,"п. Каменск-Уральский, бул. Зеленый, д. 2 стр. 76, 015720",+7 859 626 30 13
277,Пестова Дарья Мироновна,60 72 417393,"ст. Онега, бул. 9 Января, д. 1 к. 211, 830999",8 (419) 267-64-92
278,Самойлова Синклитикия Геннадиевна,22 51 166582,"с. Усть-Кулом, ш. Восьмого Марта, д. 989 стр. 331, 087510",+7 (932) 184-01-18
279,Фокин Август Денисович,48 56 670873,"д. Магадан, пер. 9 Января, д. 89 стр. 9, 988310",+7 (032) 432-9839
280,Родионова Анжела Тимуровна,55 45 234733,"с. Жуковский, пр. Народный, д. 7 к. 48, 435989",+7 (625) 660-93-14
281,Исакова Ангелина Леоновна,25 78 215333,"к. Кущевская, ш. Космическое, д. 1, 636112",8 (497) 185-9484
282,Блохин Никита Гавриилович,87 22 150293,"с. Чулым, наб. Зеленая, д. 32, 940539",8 727 578 44 68
283,Ксения Наумовна Мамонтова,39 49 766511,"клх Валаам, бул. Ставропольский, д. 129, 487068",+7 (778) 816-09-30
284,Зинаида Станиславовна Зимина,64 99 660280,"п. Троицко-Печорск, алл. Линейная, д. 3, 067625",+7 538 144 74 43
285,Лев Якубович Шарапов,10 90 696474,"д. Сузун, наб. Лесная, д. 6/5, 105265",+7 167 318 8261
286,Зоя Дмитриевна Воронова,72 10 263190,"к. Ноглики, алл. Угольная, д. 377 к. 75, 531340",+7 (665) 023-74-16
287,Василиса Леонидовна Ситникова,72 80 619640,"п. Выборг, ш. Колхозное, д. 62, 305690",8 744 716 39 28
288,Иванна Ефимовна Харитонова,33 41 394795,"с. Волхов, бул. Р.Люксембург, д. 33 стр. 31, 043260",83106684335
289,Носкова Алла Кузьминична,64 71 164329,"к. Лазаревское, бул. Правды, д. 15 к. 10, 534749",+7 624 755 41 10
290,Лора Михайловна Гришина,97 80 907889,"п. Кыштым, пер. Серова, д. 212, 933711",8 (954) 738-2023
291,Федот Изотович Самсонов,63 80 846169,"клх Геленджик, ул. Клары Цеткин, д. 9/9 к. 529, 409036",8 (881) 278-68-66
292,Яковлев Филимон Григорьевич,87 44 316976,"д. Туапсе, наб. Проточная, д. 5 к. 123, 402424",+7 338 105 9551
293,Самсонов Юлий Ерофеевич,80 43 857155,"клх Александров, алл. Заливная, д. 14 к. 964, 735439",8 273 652 71 72
294,Евдокия Феликсовна Емельянова,68 33 955216,"г. Минеральные Воды, алл. Льва Толстого, д. 31, 637618",+7 (091) 660-10-02
295,Исаев Эмиль Авдеевич,41 20 380658,"д. Находка, ул. Краснознаменная, д. 87 стр. 64, 230848",+7 001 841 86 20
296,Гедеон Ильич Лапин,38 13 337686,"клх Оренбург, бул. Урожайный, д. 3/2 стр. 51, 195151",+7 922 685 9262
297,Дмитриева Любовь Борисовна,95 97 416212,"клх Нягань, ш. Магистральное, д. 622 к. 86, 119642",+7 522 655 76 76
298,Фокин Иннокентий Теймуразович,87 91 449663,"д. Тында, пер. Угловой, д. 2/7 к. 41, 030587",+7 (105) 524-72-86
299,Дементьев Всеслав Валерианович,41 36 968034,"клх Ардон, пр. Попова, д. 219 стр. 3/1, 521310",86227284765
300,Макаров Герман Ануфриевич,66 92 829019,"д. Железногорск(Курск.), пр. Олега Кошевого, д. 9/5, 362418",8 236 903 62 89
301,Онуфрий Тарасович Сергеев,19 98 591190,"клх Ржев, наб. Приозерная, д. 615, 342811",+7 (904) 383-0341
302,Вишнякова Ольга Аскольдовна,82 82 147054,"г. Миллерово, наб. Запорожская, д. 9/4, 652156",8 (182) 096-7904
303,Ярослав Бенедиктович Селиверстов,30 29 815520,"ст. Диксон, алл. О.Кошевого, д. 8 стр. 55, 960633",89129710248
304,Давыд Ерофеевич Сорокин,21 73 198685,"д. Ногинск (Моск.), ул. Кирпичная, д. 57 к. 5/8, 197054",8 692 758 95 51
305,Андроник Антонович Гришин,97 62 630519,"п. Воронеж, пр. Аэродромный, д. 2/4 к. 8/2, 778711",+7 (166) 365-15-59
306,Андреева Ирина Робертовна,72 37 836405,"с. Домбай, алл. Суворова, д. 196 стр. 7, 303064",+72121461476
307,Евгения Альбертовна Тарасова,77 37 802173,"ст. Макаров, алл. Тимирязева, д. 8/8, 659608",83199255027
308,Лыткин Орест Евсеевич,28 73 431777,"ст. Гремячинск (Перм.), пр. Фестивальный, д. 733 стр. 79, 533905",8 044 817 7665
309,Фадеева Лора Вадимовна,55 79 546535,"с. Одинцово, пер. Тополиный, д. 7/5, 491111",+7 961 798 1789
310,Екатерина Дмитриевна Носова,14 95 403986,"г. Каменск-Уральский, ул. 60 лет Октября, д. 7/7 к. 953, 444630",8 000 258 95 52
311,Карпова Евдокия Юрьевна,83 65 353578,"ст. Чебоксары, алл. Разина, д. 66 к. 46, 281964",8 (253) 110-6092
312,Лыткина Анжелика Филипповна,13 89 841947,"клх Гудермес, бул. Фурманова, д. 43 к. 4, 640412",+7 911 791 1244
313,тов. Сысоев Емельян Тимурович,33 21 181140,"ст. Апатиты, ул. Станиславского, д. 736 к. 8, 240299",+7 155 799 8028
314,Белякова Акулина Семеновна,42 25 302212,"ст. Ноглики, алл. Красноармейская, д. 3, 124473",+7 584 776 86 34
315,Ирина Никифоровна Орлова,32 35 820431,"ст. Карачаевск, пр. Седова, д. 7/5 стр. 2, 639551",8 (208) 496-49-85
316,Марков Пахом Гаврилович,60 13 220219,"г. Кашира, наб. Попова, д. 25 стр. 650, 795381",8 493 831 84 91
317,Кудряшова Лариса Кузьминична,83 92 542237,"г. Сыктывкар, ул. Прохладная, д. 2/2 к. 3/6, 390409",+7 742 608 8050
318,Наина Кузьминична Егорова,18 70 199740,"с. Валаам, ш. Комарова, д. 1/7 стр. 8, 159103",+7 021 563 2135
319,Иванна Аскольдовна Макарова,78 10 821673,"г. Кулунда, бул. Воровского, д. 3 к. 89, 252967",+7 883 977 45 73
320,Борис Ильич Наумов,21 43 903421,"клх Буйнакск, пр. Таежный, д. 40, 637153",88854728123
321,Раиса Геннадьевна Гуляева,56 59 574409,"г. Лабинск, алл. Дзержинского, д. 227 к. 830, 407875",+71815632686
322,Моисей Бориславович Васильев,75 52 155739,"п. Магас, пр. Смоленский, д. 9, 861031",+7 (100) 943-1814
323,Карпова Марфа Болеславовна,38 89 833491,"с. Карачаевск, ш. Одесское, д. 5, 012897",+73251225720
324,Демьян Евсеевич Бобылев,95 70 548709,"клх Алдан, наб. Монтажников, д. 873 стр. 500, 882211",+75775847457
325,Рожкова Регина Эльдаровна,11 55 415761,"к. Торжок, бул. Колхозный, д. 46 стр. 85, 396531",+7 (614) 878-2455
326,Ирина Константиновна Пономарева,60 85 537564,"ст. Элиста, пр. Смирнова, д. 5, 072728",+79824741407
327,Варвара Альбертовна Емельянова,15 37 396765,"с. Нижний Тагил, ш. Советское, д. 642 стр. 9, 142369",+7 430 753 66 61
328,Феоктист Феодосьевич Ларионов,43 48 726040,"клх Камышлов, алл. Баумана, д. 54 к. 849, 661287",8 857 567 6670
329,Вышеслав Ефимьевич Устинов,81 13 904016,"п. Юровск, пер. Кирова, д. 762 стр. 878, 104159",+7 497 501 98 03
330,Горшкова Вера Дмитриевна,76 28 689351,"клх Минусинск, ул. Водников, д. 21 стр. 229, 331708",8 (601) 467-23-84
331,Эмилия Васильевна Горбунова,88 97 560461,"п. Дмитров, бул. Слободской, д. 98 стр. 87, 419754",8 617 662 04 71
332,Морозова Юлия Павловна,82 59 111554,"п. Снежногорск (Мурм.), пр. Энергетический, д. 925 стр. 95, 812259",8 724 461 7679
333,Селезнева Светлана Захаровна,94 33 704020,"д. Челябинск, пер. 50 лет ВЛКСМ, д. 300 к. 21, 753312",8 610 941 01 75
334,Захаров Любим Борисович,87 90 981516,"п. Хужир, алл. Привольная, д. 8 стр. 5/4, 268319",+7 130 205 6981
335,Сысоева Светлана Святославовна,53 33 815507,"д. Соль-Илецк, наб. 70 лет Октября, д. 81 стр. 7/2, 284117",+7 (098) 503-4465
336,Игнатьев Иларион Ярославович,18 30 402062,"д. Березники, бул. Заозерный, д. 5/1 стр. 556, 502385",+7 371 990 5169
337,Владислав Егорович Владимиров,88 20 678211,"г. Тайшет, алл. Котовского, д. 8/5 стр. 10, 389608",8 (066) 266-82-17
338,Мефодий Феодосьевич Русаков,25 88 485570,"п. Видное, ул. Моховая, д. 9/1 стр. 230, 272405",8 934 296 7111
339,тов. Самсонов Ефим Феофанович,42 79 315860,"ст. Усть-Илимск, ш. Владимирское, д. 6 к. 705, 413283",+78315203771
340,Матвеев Харитон Теймуразович,12 73 976950,"г. Лабытнанги, пр. Мая 1, д. 866 стр. 733, 680408",8 095 493 0596
341,Колесников Константин Фомич,64 17 946616,"п. Омск, бул. Ручейный, д. 50 к. 2, 845960",84544901495
342,Потап Августович Абрамов,43 32 565367,"с. Усть-Кулом, пр. Майский, д. 949, 172444",8 (232) 290-31-02
343,Волкова Таисия Евгеньевна,97 74 561697,"к. Амурск, ш. К.Маркса, д. 693 стр. 818, 813359",8 616 420 5955
344,Куприян Аксёнович Сорокин,62 93 492917,"к. Егорьевск, ул. Веселая, д. 95 стр. 4, 902611",+7 (989) 868-1809
345,Филиппова Ираида Георгиевна,70 94 649923,"к. Королев, алл. Макарова, д. 2 к. 77, 158815",8 (937) 639-28-36
346,Осипов Конон Измаилович,96 84 798249,"г. Поронайск, пер. Тенистый, д. 4/3 к. 1/3, 648712",+7 602 128 8665
347,Кулакова Кира Васильевна,26 61 830782,"д. Шумиха, ул. Трудовая, д. 757 стр. 7/5, 229812",+7 995 765 7289
348,Матвей Анисимович Воронцов,45 22 343545,"к. Оренбург, ш. Водопроводное, д. 40 к. 9/5, 154214",+77732449134
349,Панфилова Глафира Алексеевна,28 22 316890,"г. Сунтар, наб. Одесская, д. 7, 827411",8 (674) 124-15-13
350,Егорова Оксана Степановна,19 51 264340,"г. Ряжск, бул. Карла Маркса, д. 18, 329633",+77272742318
351,Наумов Юлиан Глебович,37 10 555416,"с. Кулу, пр. Белорусский, д. 8 стр. 44, 776958",8 (413) 146-75-36
352,Валерия Макаровна Игнатова,24 32 587310,"ст. Стерлитамак, пер. Морозова, д. 50 к. 9, 608545",8 676 640 47 35
353,Ефрем Владленович Беляков,91 15 423496,"д. Щелково, алл. Южная, д. 661 к. 9, 083583",+7 (863) 425-56-38
354,Светлана Борисовна Овчинникова,41 11 137827,"г. Енисейск, наб. Железнодорожная, д. 13 к. 2, 624111",8 (600) 892-1963
355,Соломон Адамович Антонов,87 49 922892,"п. Волгодонск, бул. Ермака, д. 5/7 к. 936, 748836",+7 765 817 3906
356,Велимир Ефстафьевич Миронов,39 67 487786,"г. Ухта, алл. Пожарского, д. 31, 978930",8 (464) 520-59-96
357,Шилов Селиван Эдуардович,10 44 823934,"к. Славгород, пр. Широкий, д. 761 стр. 30, 237106",8 (287) 286-60-41
358,Ираида Семеновна Маркова,65 47 854914,"п. Любань, бул. Логовой, д. 9 стр. 8, 352287",+7 562 271 0433
359,Валентин Ануфриевич Ефремов,98 22 663852,"г. Нижнеудинск, пер. Космический, д. 1 стр. 54, 945964",8 (831) 921-3424
360,Феврония Натановна Суханова,82 23 232858,"п. Звенигород, ш. Инженерное, д. 31, 270510",+7 (876) 754-81-38
361,Савватий Ильич Никифоров,60 58 911513,"д. Качканар, бул. Литейный, д. 96, 741865",+7 (057) 563-98-36
362,г-жа Зуева Майя Станиславовна,57 32 883945,"д. Минеральные Воды, ул. Жукова, д. 9 к. 194, 760440",80797727810
363,Виктория Вячеславовна Беспалова,57 13 742693,"с. Голицыно, пр. Овражный, д. 2, 390552",85806601382
364,Кирилл Герасимович Пахомов,44 20 280968,"клх Агинское (Забайк.), наб. 60 лет Октября, д. 257 к. 2/2, 212590",+7 (035) 713-43-24
365,Клавдий Викентьевич Воронцов,16 58 840204,"п. Калач, алл. Тепличная, д. 5 к. 5/2, 595587",+7 (096) 289-36-54
366,Таисия Ивановна Тарасова,36 53 833640,"п. Снежинск, ул. Пограничная, д. 37 к. 6/6, 905150",+7 (675) 512-54-27
367,Корнилов Яков Филиппович,79 33 888576,"с. Корсаков, бул. Королева, д. 8 к. 5/1, 816649",8 902 824 98 39
368,Аполлинарий Бенедиктович Никифоров,27 26 795632,"с. Пенза, пр. Советский, д. 33, 412336",+7 328 507 25 17
369,Сысоева Олимпиада Мироновна,80 97 513188,"ст. Владикавказ, алл. Карла Маркса, д. 66 к. 7, 815790",+7 (923) 555-8099
370,Чернов Евгений Андреевич,60 19 776936,"с. Вилюйск, пр. Осенний, д. 3/5 к. 7, 046226",8 (171) 516-0252
371,Кузнецова Пелагея Ниловна,83 74 502642,"к. Рославль, бул. Пограничный, д. 9/6 к. 6/9, 126861",+7 (059) 438-97-60
372,Емельянов Родион Иосифович,69 46 141779,"к. Рославль, бул. Чапаева, д. 384 к. 6, 075409",+7 508 632 18 12
373,Кир Изотович Лыткин,28 91 617420,"ст. Троицко-Печорск, пр. Дорожный, д. 155 стр. 29, 815466",+7 241 613 9449
374,Алла Максимовна Дроздова,75 79 995739,"ст. Сальск, бул. Производственный, д. 9 к. 396, 406306",+7 (447) 951-33-05
375,Ювеналий Фокич Сафонов,38 18 741084,"д. Оха, пер. Первомайский, д. 6 к. 6, 277382",8 460 917 85 13
376,Лука Филимонович Муравьев,77 57 418801,"п. Якутск, алл. Есенина, д. 7/1 стр. 9, 368269",+7 163 319 42 26
377,Наина Эльдаровна Матвеева,80 62 469124,"клх Воскресенск, бул. Карла Маркса, д. 4/7 стр. 8/5, 226408",8 721 696 6630
378,Овчинникова Анжелика Эльдаровна,89 38 245303,"к. Шуя, алл. Дорожников, д. 750, 275327",+7 (524) 103-9773
379,Дарья Рубеновна Овчинникова,97 87 565204,"ст. Ессентуки, пр. Ленинский, д. 906, 616481",88077046056
380,Владилен Бориславович Куликов,75 90 781186,"клх Зеленогорск (Ленин.), пр. Лазо, д. 83 к. 24, 177345",+77574949022
381,Фомин Феоктист Иосипович,76 46 127200,"клх Ершов, бул. Маяковского, д. 8/5 стр. 32, 643039",+72904588679
382,Красильников Сидор Жанович,31 54 775127,"ст. Стрежевой, алл. Невского, д. 77 стр. 415, 332491",+7 (577) 908-3350
383,Прасковья Афанасьевна Дорофеева,61 90 203641,"с. Хасавюрт, алл. Владимирская, д. 3 стр. 83, 094841",+7 (128) 403-3399
384,Шарова Алла Кузьминична,71 69 203043,"с. Гдов, ул. Металлургов, д. 91 к. 89, 909617",+7 (997) 046-9472
385,Селиверстова Клавдия Захаровна,52 74 606755,"к. Ухта, наб. Щетинкина, д. 127 стр. 9, 722164",+7 758 231 33 48
386,Орлова Клавдия Юрьевна,49 50 903650,"к. Енисейск, ш. Димитрова, д. 32, 879643",+77452455574
387,Агата Ниловна Павлова,64 82 512658,"клх Дивногорск, ш. Бульварное, д. 533 к. 6, 566588",+7 (398) 741-1325
388,Алина Натановна Пахомова,71 85 592696,"к. Шереметьево, пр. Привокзальный, д. 505 стр. 8, 172156",+7 (294) 938-17-35
389,Наумова Светлана Кирилловна,83 79 899840,"ст. Борзя, бул. Матросова, д. 8 стр. 62, 375534",+79021666708
390,Кудряшов Амос Юльевич,17 75 491616,"к. Цимлянск, бул. Ленинградский, д. 991 к. 982, 979316",+77725129578
391,Куприян Абрамович Ефремов,98 65 122527,"г. Кимры, пр. Короткий, д. 4 к. 9, 395923",+7 (342) 108-90-28
392,Елизавета Григорьевна Медведева,54 18 443367,"с. Курумкан, алл. Крылова, д. 227, 073607",8 (633) 691-12-89
393,Варвара Рудольфовна Гришина,76 25 270795,"с. Калевала, ул. 9 мая, д. 8, 817006",8 615 541 64 31
394,Савва Аверьянович Селиверстов,93 92 949524,"г. Диксон, алл. Зеленая, д. 38, 700934",8 962 622 8225
395,тов. Маслов Ярослав Марсович,24 30 131436,"г. Ардон, ул. Чайкиной, д. 126 к. 9/3, 105316",+7 177 687 29 04
396,Прохоров Тимур Иосифович,70 70 369338,"с. Холмогоры, алл. Новосельская, д. 42, 164913",+7 (424) 579-8894
397,Галактион Александрович Дементьев,26 51 542521,"ст. Камень-на-Оби, ул. Волгоградская, д. 732, 097753",86737948714
398,Дорофей Дмитриевич Александров,93 75 453737,"клх Владикавказ, ш. Володарского, д. 2 стр. 7, 821371",+7 842 547 68 18
399,Раиса Георгиевна Баранова,33 60 959860,"п. Новгород Великий, пер. Деповский, д. 985 стр. 38, 212932",8 (963) 406-4686
400,Субботин Ладимир Ааронович,70 69 437558,"клх Усть-Кулом, наб. Снежная, д. 306 стр. 37, 626693",+7 (513) 426-1923
401,Макар Августович Кабанов,66 28 804892,"д. Волхов, пер. Ермака, д. 57 стр. 889, 154064",+7 769 274 38 11
402,Якушев Серафим Феликсович,87 86 480160,"клх Воронеж, ш. Томское, д. 9 к. 7, 510173",87396417899
403,Марина Аскольдовна Елисеева,58 87 644176,"д. Владивосток, ш. Волочаевское, д. 7, 057798",+7 660 392 0514
404,Ипполит Ильясович Зыков,62 13 864472,"п. Кяхта, ш. Коммунистическое, д. 8 к. 3, 885652",8 (155) 983-54-11
405,Кабанова Евгения Мироновна,91 61 428124,"ст. Ступино, наб. Бабушкина, д. 3 к. 15, 394884",8 (826) 913-1196
406,Мина Тихонович Кузьмин,43 28 850663,"ст. Магадан, пер. Нижний, д. 4 стр. 1/4, 407333",+7 (732) 043-0977
407,г-жа Тихонова Евгения Семеновна,63 81 678002,"клх Кудымкар, ш. Жданова, д. 7 стр. 6, 585125",+7 (892) 187-8519
408,Турова Таисия Дмитриевна,39 54 852420,"д. Белорецк, пер. Бабушкина, д. 7/2 к. 90, 805721",8 149 409 7626
409,Лазарь Игнатович Жуков,37 94 574073,"ст. Улан-Удэ, пер. Островского, д. 690 стр. 219, 233922",+7 715 116 9666
410,Евгения Болеславовна Никифорова,99 70 245237,"клх Руза, пр. Революционный, д. 74 к. 63, 571840",80805120800
411,Лихачев Ферапонт Марсович,51 59 421140,"п. Юровск, алл. Красноярская, д. 2 к. 69, 728270",80814415298
412,Степанов Юлий Игоревич,31 22 621824,"ст. Северобайкальск, бул. Песчаный, д. 4, 237360",8 079 181 5899
413,Трифон Германович Бобров,99 78 647013,"с. Камень-на-Оби, бул. Кузнецова, д. 7/7 к. 870, 587964",8 (408) 031-49-98
414,Лукина Алевтина Альбертовна,32 92 428889,"п. Нижний Тагил, ул. Блюхера, д. 68 стр. 831, 351373",89006314035
415,Фомичев Олег Андреевич,32 59 966723,"д. Котельнич, бул. Отрадный, д. 5/4 стр. 7, 666437",+79060723111
416,Большаков Гурий Дмитриевич,30 72 169730,"д. Луга, ш. Лесхозное, д. 416 к. 487, 807711",+7 (062) 113-6957
417,Прасковья Георгиевна Комиссарова,28 66 726001,"г. Хатанга, алл. Пугачева, д. 3, 730662",+78132357071
418,Гостомысл Викторович Хохлов,41 87 654231,"г. Бодайбо, пер. Северный, д. 65 к. 421, 609069",+7 309 810 79 64
419,Изот Эдгардович Костин,97 88 505554,"клх Сергиев Посад, алл. Смирнова, д. 4 к. 34, 425064",+7 (076) 836-25-36
420,Зуева Мария Рубеновна,63 63 582954,"к. Петрозаводск, бул. Высокий, д. 43, 957865",+73627187496
421,Глеб Теймуразович Колобов,16 35 327727,"с. Апшеронск, алл. 50 лет Победы, д. 34 стр. 4/3, 573275",89801110005
422,Алексеев Ермил Ефремович,21 50 474023,"д. Моздок, ш. Волкова, д. 6/3 стр. 5, 822261",8 (962) 887-4312
423,Бобылев Наум Харламович,66 22 892381,"п. Андреаполь, бул. Гастелло, д. 3/8 стр. 679, 151229",+76213541597
424,Давыд Иосифович Якушев,12 89 718998,"д. Лагань, ул. Пожарского, д. 3 стр. 534, 650471",8 802 909 0463
425,Муравьев Касьян Матвеевич,70 58 507263,"ст. Тобольск, пр. Володарского, д. 55 к. 57, 171581",+7 213 125 1293
426,Зиновьева Лукия Яковлевна,21 19 110113,"д. Ялуторовск, бул. Тургенева, д. 191 к. 23, 110633",+7 165 837 3792
427,Князева Анастасия Павловна,70 46 867101,"г. Игнашино, наб. Средняя, д. 21, 253269",+79684364538
428,Гостомысл Арсенович Семенов,10 93 816734,"к. Билибино, ш. Парижской Коммуны, д. 270 стр. 6, 945757",8 747 583 3920
429,Роман Зиновьевич Стрелков,98 55 529635,"ст. Слюдянка, алл. Морская, д. 7/1 к. 75, 650622",82310672453
430,Никонов Ульян Елисеевич,12 73 511284,"с. Шереметьево, пр. Седова, д. 3/8 стр. 251, 794238",8 (367) 042-54-96
431,Бобров Матвей Марсович,88 25 728218,"д. Соловки, ул. Волкова, д. 7, 353574",8 (595) 325-9399
432,Белозерова Акулина Кузьминична,40 41 612321,"ст. Дубна, наб. Широкая, д. 8/5 стр. 476, 250733",+7 559 782 4575
433,Евдокия Эльдаровна Елисеева,87 78 309776,"клх Биробиджан, алл. Дарвина, д. 4 стр. 7/1, 432400",8 157 276 82 97
434,Евстафий Филиппович Бобров,50 23 386840,"к. Анадырь, ул. Энгельса, д. 6/3, 680656",+7 (590) 459-90-80
435,Вера Владиславовна Орлова,26 73 166980,"г. Новосибирск, наб. Широкая, д. 6/2 к. 7/9, 866281",+7 (721) 433-0800
436,Андроник Гурьевич Мишин,92 99 336474,"ст. Джейрах, наб. Энергетиков, д. 7/1 стр. 8, 681039",+7 339 705 1958
437,Иванов Януарий Еремеевич,31 60 323114,"д. Осташков, ш. Проезжее, д. 6, 546147",+7 798 632 1061
438,Дементьева Клавдия Даниловна,36 35 896665,"с. Белореченск, бул. Угловой, д. 4 стр. 440, 537657",8 927 789 43 19
439,Васильев Автоном Елизарович,23 10 994101,"с. Омск, пер. Большой, д. 405 стр. 66, 460401",+72473107201
440,Фаина Федоровна Дорофеева,21 40 577358,"клх Уэлен, ул. Амурская, д. 71 к. 1/1, 676209",+7 144 734 0433
441,Кулагин Аникей Феодосьевич,98 67 949717,"клх Барнаул, наб. Целинная, д. 8 к. 9/3, 588255",8 296 575 42 78
442,Максимов Всеслав Игнатьевич,62 56 552682,"с. Улан-Удэ, алл. Западная, д. 9 стр. 69, 923616",+7 880 819 04 82
443,Пелагея Вадимовна Большакова,39 97 844229,"д. Палана, пер. 60 лет Октября, д. 2/4, 230817",+7 (143) 643-81-30
444,Герасимов Аскольд Арсеньевич,12 13 410152,"г. Ребриха, бул. Шолохова, д. 694 к. 6/4, 699799",+7 707 550 4768
445,Бобылева Любовь Рудольфовна,22 64 822040,"г. Сузун, пр. Калужский, д. 213, 653970",8 487 396 1029
446,Сила Гавриилович Суворов,96 13 630888,"ст. Тюмень, бул. Сосновый, д. 2 стр. 3/8, 204956",+7 213 773 06 26
447,Князев Фортунат Эдгарович,15 48 291551,"ст. Гатчина, алл. Кленовая, д. 19, 756085",8 (167) 046-8611
448,Олег Юльевич Русаков,21 43 796990,"г. Апшеронск, ул. Техническая, д. 97, 847129",8 180 332 42 60
449,Валерия Станиславовна Харитонова,57 17 634979,"к. Джейрах, алл. Ильича, д. 83 к. 8/4, 268812",+7 (821) 781-92-36
450,Надежда Аркадьевна Ситникова,90 56 336288,"ст. Москва, ул. Тупиковая, д. 7 к. 4/3, 986239",8 (471) 690-6181
451,Никодим Елисеевич Суворов,28 92 141889,"ст. Тюмень, наб. Свердлова, д. 9/8 стр. 9/3, 517588",81444498355
452,Лев Георгиевич Шарапов,40 82 300557,"к. Кулунда, пр. Енисейский, д. 44 стр. 9, 379821",+73395275367
453,Куликова Зоя Юльевна,44 82 581379,"г. Октябрьский (Башк.), пр. Школьный, д. 834 стр. 9/5, 340679",+7 766 512 21 50
454,Беляков Карп Валерьянович,15 18 390828,"п. Аша, пер. Таежный, д. 515 стр. 7, 339994",8 (532) 089-5326
455,Сорокин Будимир Егорович,36 79 746233,"г. Котельнич, алл. Тульская, д. 3/3 к. 24, 346996",8 (331) 167-72-69
456,Евфросиния Рудольфовна Кудряшова,58 12 667557,"г. Тамбов, пер. Коминтерна, д. 4/6 стр. 71, 633556",+73436970931
457,Денисова Марина Архиповна,67 12 507759,"клх Светлогорск (Калин.), ул. Николаева, д. 6 к. 64, 722398",88306503121
458,Федоров Станислав Дмитриевич,88 99 679678,"к. Дмитров, наб. Производственная, д. 56 к. 28, 190924",8 (762) 303-9111
459,Суворов Фадей Исидорович,44 32 659890,"д. Казань, ш. Октябрьское, д. 3, 808806",+7 (207) 223-95-94
460,Макаров Ипат Владиславович,69 41 577043,"с. Дербент, наб. Бажова, д. 7/9, 878599",8 486 287 20 31
461,Эрнест Фадеевич Щербаков,86 57 982844,"к. Апшеронск, пр. Выгонный, д. 336 к. 3/5, 320374",8 (677) 537-26-03
462,Аполлинарий Иларионович Абрамов,28 91 206204,"г. Шатки, наб. Беляева, д. 671 к. 4, 820128",+70083850765
463,Боброва Маргарита Альбертовна,88 68 463778,"ст. Сузун, ш. Подгорное, д. 626 к. 5/3, 319646",+7 (004) 023-6936
464,Фомичева Евфросиния Александровна,29 64 673629,"ст. Ачинск, бул. Клары Цеткин, д. 337 к. 2/2, 595749",8 (855) 829-8493
465,Максим Яковлевич Петухов,38 12 554949,"г. Чокурдах, ш. Иркутское, д. 428 к. 83, 188566",8 954 132 97 15
466,Виктория Николаевна Мухина,17 65 525642,"к. Глазов, алл. Станиславского, д. 7/4 к. 7/4, 392529",8 961 111 0286
467,Виктория Альбертовна Смирнова,73 21 932138,"г. Далматово, ш. Осипенко, д. 2 к. 624, 091090",+7 (267) 149-4981
468,Кошелев Казимир Владиленович,88 46 245349,"д. Кизляр, наб. Речная, д. 6/3 стр. 8/6, 466345",+7 (372) 201-0912
469,Богданов Кондрат Игнатьевич,23 67 232235,"клх Старая Русса, пр. Красногвардейский, д. 4 к. 1/6, 635100",+76277657256
470,Филатова Евгения Александровна,94 50 888019,"с. Вилюйск, наб. Тенистая, д. 923 к. 5/4, 600559",8 501 783 3258
471,Феврония Юрьевна Гущина,45 77 509668,"ст. Аша, бул. Ленина, д. 1/5 к. 1, 917679",83593744039
472,Данилов Андрон Гурьевич,42 60 378256,"с. Агата, ул. Фабричная, д. 9 к. 1/9, 907938",8 (413) 685-2830
473,Иннокентий Харлампович Лебедев,97 64 183547,"клх Красноярск, бул. Гагарина, д. 7, 632514",+78811210314
474,Виталий Юлианович Комиссаров,32 24 902056,"с. Эльтон, ш. Народное, д. 2 к. 3, 384091",+7 225 288 37 50
475,Валентина Степановна Носова,53 59 931169,"п. Калачинск, бул. Леваневского, д. 937 стр. 7/6, 300730",85055605712
476,Андреева Феврония Валентиновна,22 86 645798,"д. Усть-Илимск, ш. 50 лет Октября, д. 690 стр. 94, 401042",+76245618517
477,Бобров Макар Гаврилович,49 48 526635,"д. Шелагонцы, ш. Сиреневое, д. 2 стр. 645, 293913",+7 448 818 9848
478,Алина Константиновна Русакова,94 48 205314,"клх Нальчик, бул. Интернациональный, д. 21 к. 117, 568142",88315229107
479,Бирюкова Раиса Егоровна,37 26 277596,"клх Троицк (Моск.), пер. Енисейский, д. 9/4 к. 763, 845269",8 944 391 64 97
480,Дементьева Зоя Владимировна,10 24 525244,"клх Кош-Агач, бул. Дорожный, д. 13, 623419",+7 310 615 3722
481,Остап Матвеевич Прохоров,92 25 486669,"клх Каневская, алл. Ясная, д. 6/4 стр. 87, 604067",+7 (007) 843-61-42
482,Агафон Харламович Устинов,46 45 285660,"к. Медногорск, алл. Химиков, д. 84 стр. 5/3, 372037",8 388 214 58 41
483,Милица Архиповна Голубева,44 94 641569,"к. Краснодар, ш. Казанское, д. 9/1, 058695",+7 732 146 4493
484,Элеонора Феликсовна Воронцова,90 61 802374,"с. Солнечногорск, алл. Владимирская, д. 1 стр. 6, 385736",8 (011) 923-6037
485,Федосеев Трофим Феоктистович,62 78 874494,"клх Качканар, наб. Фестивальная, д. 740, 497315",+7 (911) 498-3074
486,Агата Рудольфовна Зыкова,79 31 789225,"к. Волгодонск, пер. Курганный, д. 1, 557820",+7 904 322 30 23
487,Аркадий Филимонович Цветков,36 35 239070,"г. Карабулак, бул. Горького, д. 3/2 к. 77, 250826",+7 123 126 16 32
488,Ларионова Светлана Эдуардовна,44 76 848392,"п. Шадринск, бул. Рыбацкий, д. 7/3 стр. 5/6, 930364",8 871 912 03 81
489,Фаина Валентиновна Зайцева,81 71 513775,"ст. Грозный, ул. Тукая, д. 938, 588144",8 822 067 3231
490,Панфил Артурович Зиновьев,76 28 755192,"п. Кыштым, ул. Спортивная, д. 100 к. 252, 371785",+7 902 556 1844
491,Куликова Фёкла Филипповна,43 30 189171,"с. Троицк (Челяб.), алл. Ягодная, д. 9, 567086",8 (009) 004-36-55
492,Лобанова Виктория Ниловна,21 56 859063,"п. Прохладный, ш. Угольное, д. 65, 542960",8 (070) 633-6998
493,Акулина Яковлевна Гуляева,68 89 472325,"г. Биробиджан, ш. Коммунистическое, д. 964 к. 188, 428773",8 (363) 816-4321
494,Анисимова Глафира Семеновна,28 99 519517,"к. Ершов, алл. Маркса Карла, д. 95, 314417",+7 646 255 4026
495,Дорофей Ерофеевич Григорьев,39 96 486974,"с. Октябрьское (Хант.), пр. Заливный, д. 9 к. 631, 888245",+7 (790) 504-04-33
496,Евдокия Станиславовна Сидорова,37 36 902209,"с. Кизел, ш. Кузнечное, д. 819, 180933",81373265306
497,Эмилия Сергеевна Чернова,14 19 187939,"г. Славгород, ш. Плеханова, д. 402 стр. 209, 618298",+7 365 774 4916
498,Фомин Юлиан Изотович,10 89 813158,"г. Минусинск, ул. Волжская, д. 2 стр. 4, 687509",+7 (632) 239-98-21
499,Панкрат Артемьевич Тарасов,40 67 388379,"клх Магас, пер. Макаренко, д. 650, 766608",+7 126 003 08 35
500,Уваров Александр Теймуразович,59 60 736933,"г. Москва, алл. Сиреневая, д. 53 стр. 6, 688269",+7 776 829 38 44
501,Фадей Абрамович Евсеев,15 24 353860,"к. Макушино, пр. Геологический, д. 1/4, 591015",8 (090) 859-91-44
502,Савельева Зоя Харитоновна,83 33 116539,"ст. Шатки, пер. Фадеева, д. 5/9 стр. 2/9, 285969",+7 (259) 140-8499
503,Дьячков Захар Ерофеевич,34 32 299623,"с. Фатеж, ул. Макаренко, д. 387 стр. 2/8, 072348",+7 (893) 595-3828
504,Коновалов Орест Валерианович,12 46 968235,"к. Артем, ш. Братское, д. 6/9 стр. 56, 869656",+7 308 761 23 85
505,Одинцов Евдоким Евстигнеевич,83 53 886874,"п. Черусти, ш. Городское, д. 802 к. 10, 966101",8 831 139 50 01
506,Матвеева Анжелика Кирилловна,58 77 158705,"г. Серафимович, ш. Тепличное, д. 89 к. 3/1, 344077",8 (946) 207-26-62
507,Лаврентьев Вадим Эдгардович,86 27 461287,"г. Железногорск(Курск.), бул. Ленинградский, д. 1 стр. 9/9, 133373",+7 255 235 61 78
508,Мясников Григорий Бориславович,20 69 111158,"г. Оленегорск (Якут.), алл. Челюскинцев, д. 68, 778956",+7 337 184 44 90
509,Князев Николай Ерофеевич,31 84 438713,"с. Кыштым, ул. Азовская, д. 4/5 к. 967, 277822",+7 021 798 21 34
510,Александрова Пелагея Юльевна,76 63 279956,"ст. Россошь, ш. Харьковское, д. 982, 605397",+7 798 661 7706
511,Константинова Вероника Андреевна,73 40 524762,"с. Ульяновск, ул. Ярославская, д. 63, 216505",8 (714) 692-1821
512,Лыткина Оксана Эльдаровна,83 27 443295,"п. Руза, пер. Рязанский, д. 122 стр. 1, 869484",+7 (495) 988-11-45
513,Силина Александра Павловна,67 90 672199,"п. Кисловодск, пр. Никитина, д. 8/4 стр. 80, 619177",88768299687
514,Лазарева Полина Антоновна,29 26 435666,"с. Кажим, бул. Ручейный, д. 1 стр. 1, 669579",+7 012 482 5544
515,Никодим Герасимович Кудрявцев,33 77 512272,"п. Котельнич, алл. Угольная, д. 4/4 стр. 356, 152857",+7 (562) 926-93-35
516,Орлова Елена Сергеевна,77 87 919653,"к. Норильск, бул. Пожарского, д. 7, 095744",+7 (034) 918-9117
517,Галкин Мариан Данилович,86 71 272820,"г. Ногинск (Моск.), пр. Дзержинского, д. 854, 553132",8 936 781 3675
518,Геннадий Борисович Бобров,15 12 750925,"ст. Новгород Великий, пр. Пархоменко, д. 898, 927045",+7 (388) 856-22-58
519,Фаина Сергеевна Аксенова,64 63 161204,"к. Макушино, алл. 8-е Марта, д. 9, 485965",8 942 824 9116
520,Агата Аскольдовна Волкова,52 13 242737,"к. Кириши, бул. Инженерный, д. 232 стр. 6, 305570",8 (368) 214-4488
521,Терентьева Пелагея Вениаминовна,88 59 504567,"с. Северодвинск, ш. Гончарова, д. 7 стр. 30, 825431",8 (328) 123-1239
522,Ефремова Анна Аркадьевна,28 92 107428,"г. Тосно, пр. Васильковый, д. 3/4, 508276",8 (172) 257-7545
523,Натан Витальевич Самойлов,81 90 378533,"п. Южно-Сахалинск, пер. Просвещения, д. 9/4, 608271",8 (217) 337-39-92
524,Игнатьев Ферапонт Гордеевич,13 51 290619,"г. Ростов, бул. Фабричный, д. 4 к. 33, 539835",8 (446) 177-7326
525,Осипова Зоя Филипповна,47 41 120510,"п. Северо-Курильск, ш. Октября, д. 329 стр. 2/3, 539787",+7 375 298 83 22
526,Вера Михайловна Афанасьева,13 96 889314,"п. Ачинск, наб. Восьмого Марта, д. 9/9, 535852",+7 (860) 030-4436
527,Евсеева Ульяна Леонидовна,92 20 954246,"г. Нефтеюганск, алл. Студенческая, д. 329, 014374",8 (309) 309-6713
528,Меркушев Викентий Виленович,97 85 624146,"клх Ейск, алл. Пограничная, д. 22 стр. 7/8, 019111",8 612 201 90 72
529,Нинель Ефимовна Лазарева,53 94 878651,"к. Холмск, пр. Максима Горького, д. 4, 274812",+72114086825
530,Всеволод Вилорович Кириллов,11 83 797222,"п. Анадырь, алл. Осипенко, д. 7 стр. 603, 970137",+7 243 658 58 56
531,Иванна Анатольевна Белозерова,49 26 322311,"п. Старая Русса, пр. Волжский, д. 3, 387402",89071669063
532,Фокина Валентина Львовна,26 26 395068,"ст. Ершов, бул. Набережный, д. 14 стр. 20, 956797",8 649 157 9554
533,Вацлав Викентьевич Дьячков,64 32 358051,"с. Агата, ул. Привокзальная, д. 181, 068317",8 417 268 08 08
534,Гедеон Аксёнович Беспалов,22 95 484034,"клх Биробиджан, ул. Привольная, д. 267 к. 80, 510458",+77436213009
535,Лобанова Людмила Петровна,65 33 465883,"д. Краснокамск, ул. Логовая, д. 680 к. 73, 746662",+7 591 832 70 00
536,Леонтий Игнатович Исаев,44 61 534953,"ст. Гдов, пр. Вахитова, д. 2/5, 049388",+7 949 053 15 20
537,Константинова Феврония Кузьминична,42 88 738424,"ст. Шерегеш, пр. Вольный, д. 837 стр. 966, 166123",8 (407) 794-33-25
538,Меркушева Раиса Эдуардовна,65 33 321181,"д. Светлогорск (Калин.), ул. Путевая, д. 36, 370878",+7 (116) 020-41-81
539,Горбачева Ульяна Степановна,40 57 817588,"г. Великий Устюг, ул. Толбухина, д. 9 к. 718, 482217",8 883 978 5708
540,Потапов Аникита Федосеевич,32 17 951307,"с. Вилюйск, ш. Севастопольское, д. 2/5, 112879",+72968827697
541,Харитон Ильич Данилов,95 91 152455,"ст. Верхний Тагил, пр. Урожайный, д. 7 стр. 478, 748835",8 517 962 40 96
542,Марина Натановна Некрасова,99 91 396788,"д. Рубцовск, наб. Докучаева, д. 3, 702851",8 225 936 48 82
543,Елена Ивановна Лукина,10 74 701746,"д. Байкальск, алл. Отрадная, д. 8/3 к. 2/7, 911413",+7 935 923 61 33
544,Ипат Андреевич Русаков,70 62 100445,"д. Тихорецк, пр. Буденного, д. 525, 724191",8 503 440 96 61
545,Михеев Владлен Дорофеевич,70 71 883833,"ст. Петухово, ш. Безымянное, д. 841 к. 7, 359266",+78698939698
546,Леонтий Бенедиктович Большаков,66 49 631337,"к. Белгород, ул. Театральная, д. 80, 360511",8 (160) 398-86-36
547,Василиса Болеславовна Копылова,50 41 530744,"к. Шатой, пр. Вахитова, д. 500, 489420",+76648966760
548,Зыков Леонтий Жанович,51 65 374864,"с. Саров (Морд.), пер. Кооперативный, д. 5/6 к. 93, 623546",8 226 540 16 59
549,Агафья Олеговна Сорокина,87 54 340021,"п. Екатеринбург, алл. Микрорайон, д. 8/8 к. 7, 591601",+7 241 158 48 86
550,Синклитикия Андреевна Киселева,17 10 897434,"с. Тавда, алл. Привольная, д. 629 стр. 1/5, 264261",+7 (120) 384-37-53
551,Блинова Синклитикия Альбертовна,65 54 830264,"ст. Звенигород, наб. Ягодная, д. 3 к. 983, 454006",+74547523112
552,Ия Тарасовна Горбачева,34 29 847556,"с. Самара, ш. Ясное, д. 34 к. 3/1, 886217",8 080 196 3045
553,Иван Зиновьевич Молчанов,91 34 134812,"д. Киржач, ш. Угловое, д. 1 к. 218, 778481",8 524 445 44 60
554,Денисова Ангелина Руслановна,78 36 959254,"клх Усть-Ишим, ул. Ломоносова, д. 29, 878848",8 999 698 82 90
555,Кузьмина Ольга Борисовна,49 50 604617,"клх Джейрах, пр. Лесозаводский, д. 919 к. 5/3, 238397",+7 (833) 912-18-70
556,Захаров Софрон Якубович,60 30 694103,"п. Домбай, ул. Огородная, д. 323, 018676",8 100 898 76 10
557,Мокей Теймуразович Евсеев,80 20 957556,"г. Кисловодск, наб. 8 Марта, д. 91 стр. 774, 354695",+7 003 076 20 54
558,Афиноген Игнатович Лебедев,52 85 497608,"с. Охотск, наб. Звездная, д. 606 к. 2, 340785",+7 699 497 08 90
559,Гаврилов Трофим Германович,57 81 897136,"с. Тырныауз, пер. Черемушки, д. 86 стр. 983, 888917",8 (791) 505-9625
560,Наркис Адамович Шубин,68 19 697006,"г. Верхний Баскунчак, пр. Гайдара, д. 9/9, 604180",85217558517
561,Агафонова Вера Рудольфовна,72 68 404912,"д. Кабанск, ул. Безымянная, д. 2, 264222",87589170454
562,Федосеева Кира Максимовна,26 23 963300,"к. Салават, алл. Центральная, д. 62 стр. 1/1, 163564",+7 723 247 2828
563,Ирина Александровна Павлова,88 51 856148,"д. Томпа, алл. Васильковая, д. 4/2, 616850",8 (105) 801-19-50
564,Велимир Афанасьевич Веселов,88 32 984830,"г. Балашиха, наб. Моховая, д. 1/3 стр. 10, 169500",8 (418) 948-54-32
565,Федор Гордеевич Князев,82 76 591074,"п. Шали, наб. Дорожников, д. 961 к. 47, 813104",8 025 896 3217
566,Майя Павловна Сидорова,47 37 921739,"ст. Екатеринбург, пер. Таежный, д. 5/9 к. 1/7, 398344",8 (838) 425-3646
567,Аполлинарий Филатович Авдеев,27 79 149736,"клх Белогорск (Амур.), наб. Рылеева, д. 6 к. 356, 920908",8 510 740 9131
568,Мария Болеславовна Моисеева,20 22 585175,"к. Магнитогорск, пр. 30 лет Победы, д. 122 стр. 6/4, 412012",+7 (759) 500-26-01
569,Молчанов Добромысл Изотович,50 24 453643,"клх Южно-Курильск, ул. Бабушкина, д. 1 к. 2/8, 279805",85031006493
570,Савина Варвара Александровна,48 11 313137,"п. Архыз, пр. Трудовой, д. 2, 849135",89285535952
571,Семенов Орест Чеславович,15 56 506766,"с. Холмогоры, ш. Привокзальное, д. 886 к. 5/1, 784233",84495300677
572,Ерофей Владиславович Калашников,58 30 450407,"г. Сыктывкар, пр. Комарова, д. 3, 241784",+7 (902) 923-34-51
573,Ульяна Аскольдовна Носкова,18 11 873040,"к. Костомукша, бул. Красных Партизан, д. 4, 211667",+7 (290) 457-5988
574,Герасимова Анна Викторовна,67 51 998849,"п. Певек, алл. Слободская, д. 3/1, 755821",+77709207115
575,Агата Геннадиевна Пономарева,30 38 848362,"г. Шилка, бул. Ярославский, д. 258 стр. 1/6, 611863",8 (558) 819-5977
576,Софрон Андреевич Рогов,31 98 198772,"п. Сосьва (Хант.), ш. Полтавское, д. 386 стр. 3/9, 540182",+7 (720) 028-39-48
577,Вера Владиславовна Семенова,26 90 979422,"к. Лабытнанги, наб. Ульяновская, д. 28 к. 465, 202030",+72322775213
578,Василиса Сергеевна Тарасова,57 34 143441,"г. Плесецк, пр. Курортный, д. 405 к. 8/8, 691983",+7 (102) 916-17-46
579,Пестова Светлана Даниловна,87 15 266850,"к. Котлас, пер. Томский, д. 796 стр. 22, 167080",8 685 667 0636
580,Карпова Майя Михайловна,29 20 698032,"д. Луга, наб. Подгорная, д. 7/7 к. 44, 965049",8 273 226 26 11
581,Тихонов Всеслав Измаилович,47 28 368148,"клх Ейск, бул. Вокзальный, д. 2/7, 341996",+73385324725
582,Цветкова Зинаида Захаровна,95 17 482384,"ст. Комсомольск-на-Амуре, ул. Нефтяников, д. 7/1, 457694",8 (576) 945-35-36
583,тов. Карпова Мария Эльдаровна,57 82 595125,"с. Карпинск, алл. Крестьянская, д. 55 к. 1, 959481",8 269 255 9664
584,Жанна Андреевна Панова,67 33 218323,"п. Нурлат, пер. Стадионный, д. 3 стр. 2/5, 489332",8 145 430 79 63
585,Буров Адам Аксёнович,94 68 336983,"д. Новомичуринск, алл. Киевская, д. 858, 845235",+72687447017
586,Алевтина Станиславовна Тихонова,34 92 271547,"п. Саянск, пр. Шахтерский, д. 7/6 к. 4/4, 014005",+7 (781) 055-80-00
587,Артемьева Василиса Афанасьевна,29 71 997932,"к. Сладково, ш. Омское, д. 560 стр. 29, 681720",+7 (136) 955-2862
588,Владимиров Святослав Денисович,13 86 776200,"клх Одинцово, наб. Горняцкая, д. 32 стр. 47, 899204",8 735 323 6618
589,Антип Фокич Соловьев,54 14 592350,"д. Талдом, ш. З.Космодемьянской, д. 73, 107126",+7 583 882 17 64
590,Евстигней Зиновьевич Зуев,78 43 917208,"п. Карталы, бул. Амурский, д. 92, 194425",8 (922) 256-0629
591,Мясникова Мария Ефимовна,53 37 489641,"г. Галич, ул. Городская, д. 8/5 стр. 830, 384185",+7 (013) 626-08-46
592,Прохорова Майя Натановна,39 83 968401,"клх Кяхта, ул. Коммунаров, д. 5 к. 621, 641195",8 640 919 6939
593,г-н Семенов Самсон Ааронович,51 67 673698,"к. Звенигород, алл. Пионерская, д. 297 к. 31, 139369",8 789 760 98 73
594,тов. Жуков Богдан Гаврилович,19 31 547073,"клх Оха, ш. Береговое, д. 6/9 стр. 9/7, 339431",81654308952
595,Ковалев Фрол Арсеньевич,39 25 251762,"ст. Нижнекамск, ш. Циолковского, д. 5 к. 5/8, 002687",8 448 676 49 79
596,Егор Теймуразович Белозеров,67 49 193351,"клх Асбест, ш. Тургенева, д. 406 к. 6, 730964",86927711952
597,Ершов Антип Исидорович,82 99 498623,"п. Нурлат, ул. Алтайская, д. 77 к. 56, 159489",8 (959) 654-6634
598,Ксения Ждановна Устинова,52 43 406351,"д. Городовиковск, пер. Владимирский, д. 54 к. 5/4, 640882",+7 (309) 586-29-73
599,Мамонтова Регина Харитоновна,83 95 957286,"п. Ербогачен, ул. Подстанция, д. 30, 707548",8 346 557 9220
600,Ферапонт Феликсович Якушев,41 11 144995,"г. Дубна, пер. Главный, д. 602 стр. 421, 565896",+7 (595) 708-6199
601,Жданова Клавдия Георгиевна,37 18 373774,"с. Осташков, ул. Станционная, д. 98, 034236",+7 (203) 347-42-46
602,Жуков Радим Фёдорович,36 93 213017,"г. Усть-Ишим, наб. Малая, д. 7 стр. 821, 417430",+73502385022
603,Мартьян Гавриилович Третьяков,81 88 393948,"п. Кандалакша, пер. Амурский, д. 30, 256913",+7 (030) 334-6771
604,Оксана Михайловна Тетерина,98 25 802889,"ст. Ростов, ш. Дружба, д. 6, 024530",+7 239 847 23 03
605,Анисимов Ратмир Арсеньевич,44 26 148933,"с. Жигулевск, бул. Шахтерский, д. 1, 076487",+7 775 461 99 24
606,Данилова Синклитикия Павловна,16 59 477236,"клх Дубна, пер. Вишневый, д. 62 к. 795, 844823",8 (337) 912-12-11
607,Соломон Анатольевич Фролов,16 25 656705,"ст. Эльбрус, бул. Уральский, д. 1/8, 039251",89945295171
608,Мария Ждановна Крылова,32 32 249007,"п. Жуковский, наб. Малиновая, д. 22, 265496",+7 (308) 334-4470
609,Панфилова Фёкла Харитоновна,49 74 981451,"к. Слюдянка, ш. Ольховое, д. 759, 195377",+79266329563
610,Олимпиада Кузьминична Евсеева,44 33 574323,"к. Хасавюрт, ул. Правды, д. 965, 292059",+7 (294) 115-63-02
611,Фаина Ниловна Жукова,85 50 431145,"с. Елатьма, пр. Коллективный, д. 3 стр. 266, 498085",+7 331 380 04 98
612,Анжелика Вячеславовна Якушева,38 30 167352,"ст. Иваново, наб. Чапаева, д. 358, 868764",+7 191 854 8806
613,Дьячков Август Анатольевич,49 49 886512,"д. Тверь, пр. Ильича, д. 95 к. 7, 464196",+7 (342) 192-62-21
614,Арсений Андреевич Бобров,34 33 117938,"д. Кедровый, наб. Вахитова, д. 817, 699994",88128318003
615,Пахомов Давыд Ааронович,65 64 529728,"к. Каменск-Шахтинский, алл. Луначарского, д. 78 стр. 11, 052438",+7 (805) 826-9299
616,Пимен Владиславович Бирюков,17 17 573014,"п. Кинешма, ш. Ясное, д. 4/4, 618518",8 267 136 84 10
617,Вишнякова Галина Геннадьевна,19 34 262584,"г. Ульяновск, бул. Вольный, д. 3 стр. 2/9, 506776",+7 065 920 88 14
618,Кошелев Прокл Устинович,41 19 751343,"д. Вытегра, пер. Маркса Карла, д. 58 к. 8, 026656",8 (629) 591-2573
619,Рожкова Галина Львовна,49 88 631868,"д. Кущевская, пр. Зеленый, д. 5/3 стр. 874, 966941",8 (996) 708-08-97
620,тов. Зимин Ян Еремеевич,49 97 812733,"г. Тимашевск, ш. Дарвина, д. 2, 734785",+7 (698) 816-4980
621,Елисеев Гурий Якубович,43 47 431388,"к. Златоуст, ш. Речное, д. 36, 066489",+7 082 484 5813
622,Пономарева Алина Леоновна,10 81 665836,"клх Ульяновск, алл. Монтажников, д. 2 стр. 7, 027500",+7 305 661 9953
623,Федосий Дорофеевич Комиссаров,12 55 506221,"д. Магас, пр. Интернациональный, д. 1/2 к. 3/7, 013651",+7 344 442 9906
624,Панфил Трифонович Зыков,71 45 797581,"к. Ачхой Мартан, алл. Подлесная, д. 755 к. 3/6, 222190",8 334 704 7476
625,Большакова Маргарита Эльдаровна,48 79 402591,"к. Зеленоград, ш. Инженерное, д. 15, 124553",+7 290 036 22 11
626,Калашникова Октябрина Святославовна,70 40 916631,"ст. Курумкан, бул. Лазурный, д. 9 стр. 6, 229425",+7 (516) 185-75-91
627,Антонин Анисимович Денисов,67 18 157398,"к. Северобайкальск, наб. Угольная, д. 4/6 к. 35, 784171",8 949 734 4930
628,Новикова Елена Георгиевна,52 39 612051,"с. Великий Устюг, бул. Путейский, д. 38, 087882",8 (152) 787-3048
629,Веселова Евгения Васильевна,65 33 431318,"с. Муром, алл. Чернышевского, д. 97 стр. 218, 673446",8 (177) 629-69-14
630,Фрол Дмитриевич Белозеров,38 36 953155,"к. Невьянск, пер. Кооперативный, д. 910, 739083",8 211 896 8442
631,Софон Ярославович Петухов,93 47 508800,"с. Зеленоград, наб. Папанина, д. 6 стр. 28, 221797",8 (912) 488-3971
632,Светлана Кузьминична Фомичева,69 11 444107,"ст. Волгоград, ш. Ясное, д. 8/3 к. 9/2, 230388",8 681 193 9781
633,Бирюков Азарий Владленович,45 53 704438,"с. Чебаркуль, наб. Куйбышева, д. 78, 933515",8 (807) 053-2601
634,Анжелика Андреевна Крылова,25 83 352844,"к. Данков, ш. Островского, д. 2 стр. 16, 858181",+7 450 243 7361
635,Полина Григорьевна Щербакова,53 99 933696,"с. Быково (метеост.), бул. Тимирязева, д. 4/4, 390058",8 615 473 1566
636,Ефимова Любовь Вадимовна,40 84 611016,"к. Котельнич, бул. Западный, д. 48 к. 8/3, 028966",8 053 428 16 44
637,Рожков Василий Фомич,18 97 532232,"к. Тюмень, наб. Специалистов, д. 1 стр. 2, 388027",+7 (042) 763-6281
638,Панова Валерия Станиславовна,43 91 371752,"ст. Каспийск, пер. Морозова, д. 767, 909228",8 (498) 745-5135
639,Варвара Робертовна Федотова,78 68 242380,"клх Рославль, пер. Виноградный, д. 164 стр. 44, 873877",8 833 364 7704
640,Попов Януарий Брониславович,22 39 852311,"д. Пятигорск, алл. Полярная, д. 3/6, 204123",+7 905 772 04 41
641,Пахомова Феврония Ивановна,12 17 841632,"п. Курумкан, ш. Ставропольское, д. 809 к. 2, 248709",8 (726) 496-3225
642,Гаврила Гаврилович Калинин,20 73 982882,"ст. Качканар, пр. Сиреневый, д. 189, 346861",8 307 028 67 20
643,Гуляева Жанна Никифоровна,29 14 133342,"г. Холмогоры, алл. Специалистов, д. 805 к. 6/1, 173259",+7 073 971 3072
644,Авдеев Натан Анатольевич,30 21 214459,"клх Охотск, алл. Производственная, д. 604 к. 7, 719281",8 (074) 436-02-34
645,Вадим Тихонович Попов,47 26 292588,"п. Качканар, наб. Нижняя, д. 50 стр. 8, 269032",8 551 327 61 79
646,Вера Ивановна Блохина,48 81 125277,"д. Ульяновск, ул. Кошевого, д. 221 к. 258, 686498",8 478 686 23 76
647,Никифорова Оксана Захаровна,17 11 624497,"с. Усть-Кут, пер. Рябиновый, д. 374, 640069",8 (369) 235-3484
648,Андрон Юльевич Яковлев,75 65 383554,"д. Тулун, наб. Бульварная, д. 3/3 к. 321, 720550",+7 (300) 008-8634
649,Костина Агата Александровна,61 68 350895,"к. Глазов, ш. Центральное, д. 791 к. 33, 379897",80608548186
650,Васильев Азарий Якубович,71 43 507380,"п. Рязань, ул. Владимирская, д. 2/2, 519854",8 829 420 3401
651,Ирина Наумовна Тихонова,56 36 439677,"к. Оймякон, пер. Сплавный, д. 5 стр. 7/8, 010824",+7 281 822 3879
652,Марфа Вениаминовна Морозова,46 10 256543,"с. Кузнецк, наб. Геологическая, д. 4/6 стр. 56, 357004",+7 291 828 51 81
653,Устинова Лидия Макаровна,97 63 172816,"клх Пермь, ул. Транспортная, д. 3/4, 466001",+7 (838) 271-01-23
654,тов. Виноградова Любовь Богдановна,26 82 870711,"клх Кулунда, бул. Грибоедова, д. 776 стр. 4, 460422",8 (634) 601-91-53
655,Лаврентьева Евфросиния Константиновна,10 56 623470,"к. Кисловодск, пер. 60 лет СССР, д. 976 к. 62, 272670",8 (666) 562-2419
656,Панфилова Ираида Яковлевна,66 62 993702,"с. Валдай, алл. Таежная, д. 15 стр. 961, 897422",+7 (543) 404-6682
657,Пимен Димитриевич Елисеев,24 29 191100,"к. Красноуральск, ш. Коллективное, д. 564 стр. 811, 881827",+7 (063) 435-9488
658,Сафонова Наина Тарасовна,32 18 653894,"с. Кропоткин (Краснод.), наб. Гражданская, д. 202, 543412",+7 (016) 049-8603
659,Носкова Прасковья Натановна,73 28 205361,"п. Жуковский, бул. Проезжий, д. 997, 114003",+77131719786
660,Виктория Матвеевна Зимина,15 23 760960,"г. Черемхово, наб. Ульянова, д. 6 стр. 411, 535821",+7 728 878 0727
661,Макаров Павел Борисович,86 17 849793,"д. Тобольск, ш. Чайкиной, д. 42, 477183",8 (530) 768-10-24
662,Хохлова Майя Матвеевна,80 11 806463,"г. Зеленогорск (Ленин.), наб. Кирова, д. 42 стр. 3/3, 690696",8 (574) 670-6751
663,Игнатьев Михаил Викторович,65 89 823615,"г. Гатчина, наб. Безымянная, д. 2/1 к. 1/4, 508424",+7 (198) 392-4848
664,Сысоев Вацлав Федосьевич,18 38 124730,"к. Киржач, алл. Сельская, д. 2, 758646",+7 (395) 348-1105
665,Сигизмунд Федосеевич Осипов,12 25 898023,"д. Черняховск, ш. Красногвардейское, д. 8 к. 68, 128177",8 123 959 7815
666,Аникита Фомич Сорокин,56 43 262282,"г. Елатьма, ш. Гагарина, д. 6/5 к. 8/8, 051710",8 (308) 715-64-78
667,Семенова Екатерина Болеславовна,92 39 604526,"к. Киренск, ул. Производственная, д. 5/2 стр. 9, 726029",+7 (546) 862-72-88
668,Ипатий Венедиктович Кузнецов,48 15 570490,"клх Каргасок, пр. Профсоюзный, д. 45, 762592",+7 (868) 790-6048
669,Борисова Анастасия Леоновна,76 60 720045,"к. Азов (Рост.), ш. Заводское, д. 47 к. 2/6, 640535",8 707 897 75 54
670,Крюков Алексей Демидович,30 65 991854,"ст. Иркутск, алл. Шолохова, д. 47 к. 30, 271117",8 769 171 6204
671,Константин Евстигнеевич Дьячков,30 88 669581,"г. Озеры, ул. Шмидта, д. 339, 026980",+7 426 471 06 80
672,Акулина Даниловна Константинова,19 67 587119,"п. Светлогорск (Калин.), наб. Заречная, д. 449, 267244",8 931 729 47 63
673,Воронцов Амос Тихонович,81 10 666158,"г. Енисейск, пер. Механизаторов, д. 493 к. 37, 281291",8 350 496 02 66
674,Данила Филиппович Самойлов,67 60 777256,"к. Карачаевск, пр. Кузнецкий, д. 1 стр. 1/9, 406756",+7 208 019 2902
675,Клавдия Егоровна Орехова,33 19 489444,"к. Уренгой, ул. Хвойная, д. 62 стр. 43, 023510",+7 (555) 019-35-45
676,Фаина Сергеевна Авдеева,97 14 337016,"д. Калязин, алл. Тополиная, д. 4, 296208",+7 598 312 4412
677,Фёкла Никифоровна Веселова,84 17 565914,"г. Дно, пр. Короленко, д. 81, 495421",+7 629 419 3759
678,Третьяков Афиноген Давыдович,22 85 238872,"к. Кирово-Чепецк, пр. Раздольный, д. 5/8 стр. 3, 461209",8 173 009 92 84
679,Сергеев Вацлав Арсенович,50 27 383621,"ст. Надым, ул. Карла Маркса, д. 343 к. 591, 087797",+7 (479) 254-22-18
680,Лидия Тимофеевна Вишнякова,79 40 842597,"клх Алагир, ш. Клары Цеткин, д. 1/7 к. 7/4, 329986",8 159 025 7846
681,Сила Ильясович Зиновьев,45 17 645013,"ст. Москва, пр. Дружба, д. 36 стр. 784, 292543",8 519 628 2225
682,Артемьев Онуфрий Власович,11 23 659188,"п. Усть-Ишим, алл. Ударная, д. 20 к. 42, 149929",+7 096 627 0266
683,Алла Харитоновна Денисова,10 43 971412,"п. Бомнак, ш. Балтийское, д. 203 к. 419, 538922",+7 (471) 193-60-06
684,Андрей Захарьевич Власов,12 77 250540,"г. Пышма, пр. Спартака, д. 56, 850095",+7 (723) 461-7623
685,Евпраксия Наумовна Андреева,96 24 315572,"к. Вилюйск, наб. Болотная, д. 71 к. 5, 137277",8 857 606 34 94
686,Наталья Афанасьевна Мухина,33 89 147188,"г. Тихорецк, пр. Южный, д. 479 стр. 34, 248374",+74172345653
687,Филарет Августович Сергеев,74 59 700414,"ст. Тюмень, бул. Хвойный, д. 3/7 к. 347, 864100",85385574216
688,Элеонора Архиповна Щукина,45 40 436893,"с. Тында, наб. Войкова, д. 747, 437884",+73706618756
689,Никанор Даниилович Маслов,42 63 990324,"клх Макаров, ул. Жуковского, д. 802 стр. 3/2, 845078",8 043 566 05 03
690,Феврония Степановна Николаева,41 66 379979,"с. Старый Оскол, пр. Ульяновский, д. 267 стр. 32, 679419",+7 878 865 3859
691,Ульяна Николаевна Ершова,15 59 593594,"клх Тольятти, пер. Толбухина, д. 7/1 стр. 6, 492217",+7 486 186 7066
692,Виноградов Олег Владиславович,36 33 979688,"п. Челябинск, алл. Тихая, д. 27 стр. 66, 371708",8 494 269 42 03
693,Харитонова Жанна Богдановна,99 85 661577,"к. Шаховская, ул. Урожайная, д. 6 стр. 8/1, 921958",8 (305) 498-24-38
694,Алла Вениаминовна Шарова,75 45 790685,"клх Углич, пр. Ермака, д. 566, 158901",8 492 815 03 70
695,Виктория Наумовна Евдокимова,24 70 157041,"с. Батайск, ул. Речная, д. 772, 829682",+74850072889
696,Абрамова Ирина Богдановна,53 82 292781,"д. Агата, пер. Урожайный, д. 2/3 к. 7/7, 080820",+7 (917) 026-3444
697,Евдокимова Евгения Ждановна,37 51 942078,"г. Ведено, ул. Калинина, д. 34, 369091",+7 (375) 302-84-97
698,Кулагина Нонна Александровна,61 17 362065,"п. Оймякон, алл. Свердлова, д. 455 к. 5/9, 875403",8 488 215 97 73
699,Милица Наумовна Алексеева,76 57 389873,"п. Ростов-на-Дону, пр. Шолохова, д. 9/7, 912594",87220429862
700,Кузнецова Мария Николаевна,31 62 691056,"с. Хатанга, пр. Тепличный, д. 75 стр. 99, 358768",8 (777) 925-6041
701,Галкин Ипатий Денисович,41 42 650703,"п. Шелагонцы, бул. Окружной, д. 722 стр. 200, 407629",+7 430 491 34 10
702,Маркова Виктория Тимофеевна,36 76 950948,"г. Чокурдах, пер. Демьяна Бедного, д. 7 стр. 3, 405920",8 (235) 309-7669
703,Орехова Милица Владимировна,23 89 373698,"с. Тында, ул. Кольцевая, д. 6/4, 796618",8 957 240 43 47
704,Цветков Афанасий Георгиевич,42 25 845350,"ст. Пинега, ул. Интернациональная, д. 8/8, 217503",8 192 025 99 91
705,Епифан Фокич Волков,85 35 640683,"клх Йошкар-Ола, ш. Гоголя, д. 8 к. 9, 476078",8 235 107 65 19
706,Русаков Федосий Ильясович,19 70 760471,"клх Коломна, алл. Белинского, д. 745 стр. 14, 858055",8 (115) 744-9653
707,Алла Рудольфовна Бирюкова,87 95 222655,"г. Лодейное Поле, пер. Высоковольтный, д. 545, 840398",+7 (218) 039-66-20
708,София Тимуровна Власова,40 75 489804,"клх Саянск, пер. Первомайский, д. 66 стр. 69, 646933",+7 (562) 303-9744
709,Нина Рудольфовна Волкова,12 74 631867,"д. Звенигород, бул. Пригородный, д. 484, 132661",+7 584 858 05 26
710,Кириллов Олимпий Александрович,40 33 790109,"ст. Ершов, ул. Матросова, д. 89, 774544",8 (082) 317-14-61
711,Игнатьева Ираида Николаевна,89 83 455423,"с. Дагомыс, алл. Новгородская, д. 7 к. 153, 618402",8 787 036 8605
712,Афанасьев Изяслав Феодосьевич,16 60 347992,"г. Губкинский, пер. Базарный, д. 5/1 стр. 103, 203025",+7 (094) 523-75-97
713,Макаров Фирс Гаврилович,99 86 484479,"г. Юрюзань, пер. Парижской Коммуны, д. 627 стр. 5/6, 492054",8 (944) 538-1180
714,Кириллова Мария Макаровна,90 81 226642,"к. Липецк, пр. Кольцова, д. 62 к. 81, 056603",8 162 486 07 04
715,Милица Архиповна Титова,67 91 261756,"ст. Благовещенск (Амур.), пер. Радищева, д. 415 к. 417, 671560",8 879 052 2441
716,Пров Евсеевич Павлов,36 41 719425,"клх Норильск, ул. Суворова, д. 1/6, 191898",8 646 936 56 18
717,Горшкова Иванна Федоровна,40 34 437923,"д. Алагир, бул. Семашко, д. 823 к. 2/9, 301922",+7 956 733 3297
718,Самойлов Онуфрий Ермолаевич,37 97 239734,"п. Ухта, наб. Ставропольская, д. 86, 992427",8 (392) 385-20-23
719,Максимова Агата Афанасьевна,97 33 122744,"п. Игарка, наб. Кирова, д. 53 стр. 2/9, 907551",8 452 607 5699
720,Полякова Варвара Алексеевна,89 18 311539,"ст. Лодейное Поле, алл. Поселковая, д. 36, 777733",+7 680 664 70 70
721,Мельников Ананий Игнатьевич,36 81 479066,"д. Теберда, алл. Высотная, д. 507 к. 527, 675826",8 (625) 906-20-03
722,Ефимова Милица Захаровна,61 34 943946,"к. Хужир, наб. Островского, д. 4/2 к. 89, 914986",+7 995 504 9326
723,Кононов Ефрем Дмитриевич,65 47 326993,"п. Вологда, бул. Линейный, д. 559, 340012",8 (622) 398-47-42
724,Роман Юльевич Игнатов,91 30 457572,"ст. Токма, пер. Малый, д. 83 стр. 1/6, 168061",+7 (495) 647-9984
725,Копылова Наталья Павловна,60 13 889617,"п. Урай, ул. 9 Января, д. 73, 080926",+7 662 016 55 57
726,Лора Святославовна Харитонова,97 74 526090,"к. Новороссийск, наб. Сиреневая, д. 84 к. 5/1, 068758",8 824 051 66 54
727,Сидоров Ладислав Дорофеевич,51 23 261382,"к. Адыгейск, ш. Проезжее, д. 78, 083570",+7 703 630 94 42
728,Дементий Андреевич Лаврентьев,37 75 774221,"д. Щельяюр, пер. Главный, д. 294 стр. 14, 197979",8 (245) 284-13-56
729,Филиппов Андроник Фомич,88 44 652208,"ст. Октябрьское (Хант.), пр. Горького, д. 895 стр. 59, 598026",+7 294 420 3158
730,Костина Акулина Рубеновна,86 27 448256,"п. Бавлы, ул. Щетинкина, д. 8/5, 759514",+7 864 823 08 82
731,Уварова Марфа Степановна,87 50 924922,"д. Радужный, алл. Проточная, д. 16, 869427",8 748 317 30 66
732,Носкова Анна Максимовна,33 85 324014,"с. Ульяновск, алл. Пушкина, д. 66 стр. 5, 989062",+7 (272) 371-7989
733,Ларионов Филипп Антонович,13 29 279582,"к. Кущевская, пер. Никитина, д. 884 стр. 6/5, 767553",88188907378
734,Горшков Эраст Антонович,18 55 711514,"д. Шумиха, бул. Разина, д. 96 стр. 58, 638020",8 (612) 396-12-19
735,Бронислав Бориславович Степанов,13 90 991000,"д. Данков, бул. Восьмого Марта, д. 166, 079237",+7 (982) 689-33-48
736,Радован Андреевич Николаев,94 65 793478,"с. Сусуман, пр. Красных Партизан, д. 63 к. 8, 773123",+7 555 057 05 21
737,Шашкова Елена Семеновна,77 71 747880,"к. Балашов, наб. Санаторная, д. 214 к. 8, 123503",8 871 568 91 09
738,Белякова Алла Вениаминовна,91 66 572209,"ст. Ямбург, наб. Кузнецова, д. 5 к. 8/5, 366401",8 329 573 78 31
739,Гостомысл Виленович Нестеров,55 84 622420,"г. Тимашевск, пер. Снежный, д. 229 к. 9, 423324",+7 651 854 83 96
740,Клавдия Кирилловна Евсеева,59 13 589227,"клх Красноселькуп, алл. Красногвардейская, д. 6 к. 2, 491617",+7 502 218 1698
741,Антонина Евгеньевна Устинова,19 92 974647,"клх Сочи, бул. Майский, д. 9 к. 87, 029286",+73302650996
742,Наина Мироновна Савельева,33 24 684927,"д. Октябрьское (Хант.), пр. Демьяна Бедного, д. 602 к. 4/5, 022234",89801376836
743,Белова Олимпиада Петровна,72 55 747177,"п. Междуреченский, ш. 50 лет ВЛКСМ, д. 144 к. 43, 174656",+72601863726
744,Ситникова Людмила Мироновна,37 18 695183,"д. Ербогачен, алл. Вахитова, д. 7/5 стр. 149, 385025",8 134 448 6722
745,Петухова Олимпиада Егоровна,78 78 339802,"к. Новочеркасск, пр. Народный, д. 8 к. 4, 511497",8 (879) 531-2040
746,Горшков Платон Федосьевич,84 51 399279,"г. Тура, пер. Больничный, д. 818 к. 51, 915114",+7 (678) 621-0781
747,Агафонов Онуфрий Жоресович,80 68 202045,"п. Набережные Челны, ш. Цветочное, д. 9/1 к. 46, 154230",8 002 302 86 55
748,Всеслав Власович Дмитриев,99 12 808082,"к. Елатьма, пр. Глинки, д. 1/2, 145992",+7 166 338 2222
749,г-жа Беспалова Феврония Владимировна,45 14 133037,"г. Объячево, алл. Береговая, д. 290 к. 934, 339133",+7 (528) 613-23-94
750,Владлен Григорьевич Антонов,52 62 812271,"к. Макушино, пр. Панфилова, д. 924 стр. 7/4, 209536",8 (734) 985-29-73
751,Лора Вячеславовна Блинова,55 61 975392,"ст. Назрань, ш. Песчаное, д. 8 стр. 3/6, 809664",+7 475 336 95 24
752,Лукьян Даниилович Ширяев,66 44 901829,"п. Чебаркуль, наб. Ленская, д. 44 стр. 8/3, 157127",8 383 543 46 85
753,Козлова Надежда Болеславовна,74 64 358317,"к. Ханты-Мансийск, пер. Азовский, д. 661 к. 28, 683710",+7 (073) 726-0720
754,Авдеева Ольга Тимуровна,22 45 662357,"с. Кырен, алл. Пригородная, д. 51 стр. 4/5, 625429",+7 (645) 633-91-72
755,Агафья Даниловна Афанасьева,84 85 761241,"клх Выборг, бул. Красных Партизан, д. 5/8, 967068",+7 (353) 910-1612
756,Носов Иосиф Егорович,54 83 128877,"п. Кингисепп, наб. Городская, д. 77, 348140",88410167930
757,Власов Автоном Еремеевич,19 42 670848,"г. Мирный, алл. Партизанская, д. 98 стр. 7/2, 801990",+7 (421) 348-5484
758,Афиноген Федосьевич Семенов,29 17 319707,"с. Чокурдах, алл. Кошевого, д. 815, 171321",84024702881
759,Лукин Родион Ефимович,47 21 225022,"с. Бугуруслан, алл. Спартака, д. 9/6 стр. 7/5, 391381",+7 749 161 9423
760,Анисим Артемьевич Рогов,92 29 224749,"к. Кежма, ул. Халтурина, д. 3/7 к. 568, 525274",+7 025 471 79 89
761,Бурова Людмила Олеговна,88 45 645884,"д. Химки, алл. Майская, д. 651 стр. 8/6, 355842",+7 (717) 266-25-65
762,Олимпиада Архиповна Нестерова,13 43 501375,"к. Кырен, ш. Минское, д. 768, 408710",+7 668 904 1728
763,Евдоким Юлианович Молчанов,28 10 594626,"к. Жиганск, алл. Волгоградская, д. 32, 408475",+7 (835) 999-40-04
764,Ираида Петровна Елисеева,21 14 861570,"к. Волоколамск, ул. Лазурная, д. 1 стр. 4, 722892",+7 641 578 0978
765,Акулина Анатольевна Козлова,40 13 233825,"д. Луховицы, наб. Харьковская, д. 2 стр. 3, 447867",+72802188930
766,Федот Адрианович Муравьев,59 38 892732,"д. Черняховск, бул. Краснофлотский, д. 839, 369905",8 855 759 9408
767,Агата Николаевна Елисеева,45 33 703888,"клх Макушино, алл. Карла Либкнехта, д. 161 к. 6/7, 337457",+7 165 276 1368
768,Анастасия Валентиновна Ефимова,18 48 716296,"д. Лазаревское, пр. Маркса, д. 79, 447725",+7 842 324 2348
769,Рогов Владлен Ефремович,10 14 387211,"к. Котельнич, пер. Олимпийский, д. 9 к. 6, 490627",86024257033
770,Ширяева Фёкла Кирилловна,38 94 251413,"п. Великие Луки, бул. Кленовый, д. 4/1 к. 1, 966299",+7 721 742 92 20
771,Демьян Валерианович Ефимов,48 21 527054,"с. Онега, алл. Шишкина, д. 363 стр. 1, 139280",+78502206190
772,Соболева Маргарита Яковлевна,23 83 350986,"д. Суздаль, пер. Овражный, д. 300, 616225",8 471 855 94 07
773,Елизавета Александровна Дмитриева,84 89 951334,"п. Кировск (Ленин.), пр. Семашко, д. 9/2, 564743",8 (019) 453-91-17
774,Александрова Анастасия Макаровна,73 64 541157,"клх Пышма, алл. Нагорная, д. 28, 780619",+7 223 116 7870
775,Парфен Гертрудович Миронов,59 90 966024,"п. Камышин, пр. Волжский, д. 3 стр. 926, 856371",+7 429 430 00 37
776,Татьяна Владиславовна Уварова,53 41 697476,"п. Дно, пр. Чайковского, д. 7/4 к. 97, 178376",8 915 382 0114
777,Милован Владиславович Филатов,95 13 954091,"к. Йошкар-Ола, пр. Проточный, д. 2 к. 37, 553375",8 569 764 87 84
778,Авдеев Флорентин Ермилович,85 64 267502,"г. Меренга, бул. Придорожный, д. 1 к. 3/7, 685120",8 276 729 35 09
779,Зимин Карп Викентьевич,66 84 915400,"д. Выборг, пр. Попова, д. 422 к. 8, 804579",8 (251) 840-70-33
780,Калинин Радислав Викторович,93 88 655430,"с. Ельня, ул. Просторная, д. 2 стр. 8/7, 063632",8 (630) 112-2008
781,Зыков Ипполит Гертрудович,47 74 381460,"с. Сеймчан, пер. Революции, д. 982 стр. 8/2, 605494",8 920 856 49 01
782,Фадеева Анна Феликсовна,34 28 374256,"г. Абакан, ул. Толстого, д. 7, 758080",+7 (889) 044-1040
783,Никандр Яковлевич Александров,44 40 166977,"ст. Набережные Челны, пер. Пушкинский, д. 9, 747558",+7 309 016 8564
784,Нонна Тимуровна Белоусова,67 24 610717,"д. Ачинск, пр. Пушкинский, д. 9/9, 716115",8 (668) 611-9976
785,Галкина Евпраксия Геннадьевна,66 55 707274,"г. Сортавала, бул. Ломоносова, д. 458, 345819",8 657 285 3533
786,Раиса Валериевна Боброва,84 93 722085,"с. Дмитров, пр. Невского, д. 9, 158466",8 (793) 030-2853
787,Нестор Феликсович Капустин,30 69 287453,"к. Братск, наб. Транспортная, д. 35 стр. 5, 130873",+7 897 207 3827
788,Валерия Васильевна Шашкова,70 70 578025,"к. Губкин, бул. Мусы Джалиля, д. 4/1 стр. 207, 102423",+74730577719
789,Евдокимова Олимпиада Борисовна,64 25 810783,"клх Шуя, наб. Маркса, д. 8/7 к. 1, 833440",+7 952 242 6537
790,Дьячков Бронислав Артемьевич,89 35 828296,"д. Александровск-Сахалинский, ул. Коммунаров, д. 8 к. 16, 579115",+7 101 626 0080
791,Терентьева Евфросиния Захаровна,27 61 465585,"д. Серебряные Пруды, ш. Одесское, д. 55 стр. 85, 921496",8 (914) 638-66-43
792,Селиверстов Серафим Викентьевич,29 12 317756,"к. Домбай, алл. Гоголя, д. 9/6 стр. 3, 240002",+7 860 146 0519
793,Емельян Викторович Горшков,13 81 902884,"клх Канск, ул. Ивановская, д. 75 стр. 46, 100090",8 (993) 187-8104
794,Блохина Елизавета Леоновна,78 15 281917,"к. Урус-Мартан, ш. Осенное, д. 193 стр. 4, 661366",+7 (808) 122-68-15
795,Исай Фокич Сазонов,83 48 917689,"клх Кетченеры, ш. Целинное, д. 458, 096739",8 (984) 218-91-42
796,Исаков Мир Аксёнович,95 64 735860,"ст. Ступино, пр. Гражданский, д. 8/7 к. 98, 636885",+7 162 762 9226
797,Пахомова Раиса Андреевна,65 65 565413,"клх Переславль-Залесский, пр. Механизаторов, д. 92, 749935",88125597772
798,Марина Кирилловна Козлова,65 51 732565,"клх Тутончаны, наб. Красноармейская, д. 841, 657893",81295651887
799,Ксения Станиславовна Котова,20 92 219695,"ст. Новочеркасск, ул. Воронежская, д. 5, 878757",+7 302 930 1125
800,Карпова Александра Святославовна,91 11 166907,"д. Апрелевка, бул. Чайковского, д. 32 к. 73, 180620",+7 730 242 6624
801,Рюрик Ермилович Козлов,99 83 573151,"ст. Видное, ш. Энергетическое, д. 7 стр. 7, 406873",8 445 345 1466
802,Людмила Степановна Лазарева,80 78 794849,"ст. Майкоп, бул. Курганный, д. 9 стр. 3/7, 366485",+7 (207) 758-7089
803,Надежда Юрьевна Шилова,47 41 266794,"к. Корсаков, пр. Энтузиастов, д. 550 стр. 1, 092846",8 (200) 734-29-39
804,Селиван Викторович Сазонов,15 99 590146,"клх Нефтегорск (Самар.), бул. Новый, д. 18 стр. 662, 150204",8 028 143 5312
805,Елизавета Дмитриевна Ситникова,69 86 377687,"п. Быково (метеост.), бул. Сиреневый, д. 623 стр. 742, 274286",8 251 085 73 83
806,Мефодий Артурович Осипов,80 96 467103,"ст. Шелехов, ул. Инженерная, д. 2 стр. 674, 537062",8 (281) 673-37-46
807,Филиппов Савелий Марсович,22 27 986944,"ст. Рославль, ул. Ангарская, д. 1/9 к. 9, 876209",80693196303
808,Нина Святославовна Субботина,89 86 452349,"к. Аршан (Бурят.), наб. Волгоградская, д. 86 стр. 31, 438880",+78514202593
809,Ларионов Галактион Всеволодович,61 48 484059,"п. Краснотурьинск, пр. Коммунаров, д. 8, 729911",8 490 443 1834
810,Борислав Алексеевич Зимин,41 65 744913,"с. Глазов, бул. Загородный, д. 1 стр. 3/2, 926517",+7 (281) 629-1087
811,Капустин Ульян Денисович,39 89 263179,"ст. Москва, МГУ, алл. Бажова, д. 8/2 к. 952, 707459",81530445002
812,Кононова Регина Ефимовна,10 26 913814,"п. Минеральные Воды, наб. Горная, д. 69 стр. 8/7, 304093",+76754182368
813,Николаев Ульян Васильевич,74 22 146822,"г. Батайск, ул. Петровская, д. 74 к. 518, 201388",+7 (532) 083-16-81
814,Авксентий Данилович Беляков,91 62 333060,"п. Оленек, ул. Ульянова, д. 8 стр. 8/3, 005214",+7 070 716 34 85
815,Кошелева Лидия Борисовна,13 93 803900,"с. Азов (Рост.), наб. Тихая, д. 591 стр. 6, 569729",8 556 192 76 71
816,Корнилова Валерия Сергеевна,40 66 567819,"ст. Рославль, пер. 40 лет Октября, д. 2/3, 678305",8 737 138 8740
817,Гущина Ия Мироновна,31 27 327976,"к. Павловская, алл. Культуры, д. 4/4 к. 241, 614215",+7 (483) 196-86-36
818,Мария Кузьминична Мельникова,43 71 128535,"г. Кашхатау, пер. Камский, д. 904 к. 47, 315922",81270659341
819,Галактион Богданович Федоров,15 43 152302,"п. Токма, наб. Ильича, д. 183, 817960",8 (578) 984-97-49
820,Веселова Галина Валентиновна,88 67 754607,"г. Вытегра, пер. Специалистов, д. 7 к. 9, 898106",+7 735 631 63 12
821,Нонна Вячеславовна Кононова,86 69 484327,"с. Шарья, пер. Халтурина, д. 97 к. 419, 682013",+7 716 753 2163
822,Жанна Анатольевна Воронова,98 34 542070,"д. Ахтубинск, наб. Весенняя, д. 37, 458583",8 639 981 2743
823,Марков Мефодий Борисович,87 90 261614,"г. Шатура, бул. Воронежский, д. 9 стр. 747, 123601",8 (639) 945-4138
824,Колесников Ерофей Антипович,42 50 345109,"ст. Советский, пр. Энтузиастов, д. 596 стр. 9, 240899",+7 (177) 351-66-81
825,Олимпиада Георгиевна Колобова,18 36 326274,"г. Сосногорск, алл. Киевская, д. 4/5 стр. 324, 241983",+7 632 365 4018
826,Карп Власович Анисимов,22 93 929321,"клх Архангельск, бул. Заливный, д. 15, 765118",8 156 409 94 14
827,Орехова Ангелина Георгиевна,73 54 301751,"к. Минусинск, алл. Чкалова, д. 2 стр. 782, 103565",84299202376
828,Родионова Фёкла Вячеславовна,58 65 711410,"п. Кирово-Чепецк, пр. Студенческий, д. 2 стр. 183, 424240",8 628 346 33 48
829,Зоя Григорьевна Воронова,78 87 341248,"клх Тулпан, пр. Краснопартизанский, д. 686 к. 3, 382692",8 (550) 743-5095
830,Регина Яковлевна Давыдова,30 81 764379,"ст. Яхрома, алл. Войкова, д. 5/6, 591765",+7 471 883 0099
831,Селиверстова Оксана Даниловна,53 45 242998,"клх Щелково, пр. Репина, д. 7/8 стр. 8, 617069",+7 149 711 0384
832,Мирон Федосеевич Горбунов,67 23 453078,"клх Находка, пер. З.Космодемьянской, д. 1/2, 744923",+73596985045
833,Надежда Филипповна Вишнякова,12 92 451402,"к. Минусинск, алл. Путевая, д. 78, 789257",+7 402 503 85 76
834,Аскольд Фадеевич Мишин,32 58 971284,"д. Костомукша, пр. Интернациональный, д. 4/6 стр. 4, 101278",86951930485
835,Назар Харламович Васильев,28 72 581995,"к. Псков, ул. Каштановая, д. 4/5, 439468",86331812335
836,Кулаков Анисим Филатович,66 96 542162,"с. Малоярославец, ш. 70 лет Октября, д. 8/7 к. 36, 367850",8 (989) 774-7594
837,Дмитриев Сила Игнатьевич,97 46 781640,"ст. Калачинск, бул. Высоцкого, д. 1 к. 77, 687404",+7 (076) 751-49-75
838,Симонов Савва Глебович,35 48 192554,"д. Чехов, ш. Спортивное, д. 194, 565823",+74538565352
839,Нина Антоновна Евдокимова,35 96 236455,"к. Смоленск, ш. Крестьянское, д. 503, 611998",89651181583
840,Леонтий Ефремович Воронов,67 45 521310,"г. Тихвин, ш. Глинки, д. 1/5 стр. 7/7, 829052",8 659 950 8914
841,Смирнова Евгения Филипповна,31 99 343972,"с. Лотошино, наб. Литейная, д. 4/9, 221405",+7 318 660 47 47
842,Тарасова Зоя Робертовна,41 37 678565,"к. Серебряные Пруды, ш. Дружбы, д. 40 к. 5, 102387",+7 (518) 664-7741
843,Анжела Сергеевна Муравьева,36 21 313443,"п. Новокузнецк, наб. Привольная, д. 7 стр. 9, 539885",+7 (178) 955-99-09
844,Анжела Викторовна Лыткина,76 48 840170,"к. Торжок, пр. Бажова, д. 3, 831934",8 (918) 003-8146
845,Зыкова Дарья Константиновна,34 43 233310,"клх Шилка, пер. Надежды, д. 20 к. 91, 273411",+76133155530
846,Семенов Леон Ерофеевич,18 51 334311,"с. Тымовское, бул. Сиреневый, д. 696, 557663",+75418299126
847,Аполлон Фёдорович Тимофеев,88 86 379865,"г. Пятигорск, бул. Кошевого, д. 2/1, 822421",8 826 822 17 56
848,Ян Тарасович Пестов,31 93 920158,"д. Калязин, наб. Минина, д. 600 стр. 62, 228703",+7 (200) 748-59-72
849,Виталий Виленович Костин,42 34 683533,"к. Наро-Фоминск, бул. Красный, д. 9, 286060",+78022406547
850,Эрнст Измаилович Волков,43 67 943729,"ст. Великий Устюг, пер. З.Космодемьянской, д. 7 стр. 5/4, 165562",+7 (887) 888-7656
851,Анжела Григорьевна Колесникова,99 88 753724,"клх Губкин, ш. Солнечное, д. 913, 047947",+7 990 380 35 14
852,тов. Артемьева Зинаида Федоровна,76 85 936385,"к. Бугульма, бул. Индустриальный, д. 8 стр. 553, 283951",8 730 953 26 70
853,Милица Станиславовна Дементьева,81 42 635332,"с. Дудинка, алл. Нахимова, д. 92 стр. 18, 832353",+7 688 568 4676
854,Блохин Нифонт Елисеевич,91 73 626785,"с. Курск, наб. 40 лет Победы, д. 6/3 стр. 435, 755592",8 (974) 874-1148
855,Любомир Валерианович Дьячков,59 97 264091,"с. Красноуфимск, алл. Флотская, д. 6/6 к. 556, 967896",+7 (009) 358-2016
856,Лидия Филипповна Мухина,34 14 190032,"к. Долинск, пер. Бригадный, д. 34, 668098",+76018040334
857,Лора Дмитриевна Быкова,80 10 175486,"ст. Тулпан, пр. Вахитова, д. 555 к. 7, 539260",86746272053
858,Юлия Филипповна Голубева,60 99 993980,"клх Тутаев, пр. 9 Января, д. 68 к. 621, 383077",8 582 126 2643
859,Соломон Евстигнеевич Дмитриев,87 57 516981,"с. Ухта, ш. Рабочее, д. 6/2 стр. 298, 755129",+74149253164
860,Муравьева Зинаида Семеновна,89 79 286481,"к. Саранск, пр. Котовского, д. 6/1 к. 1/6, 494343",8 877 156 92 20
861,Самсонова Алла Рудольфовна,84 44 904972,"к. Гаврилов-Ям, алл. Терешковой, д. 8/2 к. 201, 477349",+73148722557
862,Захар Измаилович Дорофеев,74 53 520783,"г. Палана, наб. Грибоедова, д. 4/6 стр. 33, 558095",8 (947) 581-66-02
863,Носова Евдокия Наумовна,77 43 758578,"п. Махачкала, ул. Чкалова, д. 571 к. 8/2, 797341",8 (559) 508-3745
864,Евграф Терентьевич Комаров,61 14 228619,"с. Нижневартовск, бул. Совхозный, д. 117 стр. 8/5, 786928",8 516 215 9389
865,Казакова Евпраксия Олеговна,64 66 521322,"к. Новомичуринск, пер. Макаренко, д. 870 стр. 92, 413351",+7 (901) 430-9742
866,Елизавета Оскаровна Маслова,73 91 424802,"с. Хасан, пр. Светлый, д. 9 к. 130, 356582",8 082 526 37 94
867,Регина Натановна Котова,18 28 631187,"ст. Грозный, алл. Привольная, д. 51 стр. 35, 119789",+7 (594) 657-44-65
868,Лукьян Елисеевич Дмитриев,99 37 289649,"д. Владимир, пер. Володарского, д. 836 стр. 18, 203881",83768418471
869,Новиков Афиноген Дорофеевич,43 58 803343,"п. Муравленко, ул. Фестивальная, д. 327 к. 16, 087647",8 (090) 676-18-37
870,Смирнова Ольга Николаевна,58 28 876431,"клх Пушкино (Моск.), ул. ДОС, д. 50, 804186",83032645649
871,Костин Борис Трифонович,64 69 413011,"клх Киров (Вятка), бул. Южный, д. 5/1 стр. 1/4, 251970",+7 815 891 36 82
872,Октябрина Игоревна Захарова,84 60 587112,"п. Бомнак, алл. Розы Люксембург, д. 35 стр. 1/3, 169088",8 (548) 029-33-58
873,Януарий Архипович Иванов,39 74 967755,"с. Колпашево, ш. Промышленное, д. 5/6 к. 7, 510214",+7 128 331 9558
874,Фока Авдеевич Тетерин,91 84 840854,"ст. Шелагонцы, ул. 8-е Марта, д. 2/8 к. 630, 870941",+7 (460) 516-48-38
875,Блинов Федот Дорофеевич,85 51 318978,"ст. Печора, пр. Спартака, д. 506 к. 64, 317303",+7 (249) 675-7451
876,Творимир Андреевич Сафонов,10 48 669214,"клх Кедровый, пер. Звездный, д. 7, 542707",89594761110
877,Радим Иосипович Калинин,71 83 595616,"к. Славгород, пер. Макарова, д. 72, 485403",80984685606
878,Стрелкова Надежда Афанасьевна,58 85 864321,"с. Уссурийск, ул. Азина, д. 8/8 к. 8, 399626",+7 (779) 271-1073
879,Гаврилова Дарья Геннадиевна,55 25 236332,"д. Зарайск, алл. Ростовская, д. 43 к. 423, 460606",84306952357
880,Фёкла Константиновна Тарасова,78 60 438814,"п. Старая Русса, ш. Сосновое, д. 564 стр. 5, 531198",+7 425 542 8053
881,г-жа Громова Лора Алексеевна,66 62 897056,"д. Туруханск, пр. М.Горького, д. 420 стр. 22, 170195",8 (663) 992-8798
882,г-н Максимов Глеб Ефстафьевич,71 30 644624,"п. Чебаркуль, пр. Ветеранов, д. 5, 603328",8 (807) 005-1028
883,Алексеева Акулина Вениаминовна,72 49 454917,"г. Сунтар, наб. Осипенко, д. 2 к. 5/9, 921046",8 275 015 26 97
884,Елизавета Никифоровна Павлова,42 45 279107,"к. Уренгой, алл. Полевая, д. 9, 238368",+7 601 457 9232
885,Твердислав Измаилович Овчинников,61 72 179143,"г. Владивосток, ул. Загородная, д. 8/8 к. 30, 192018",+7 (852) 332-97-04
886,Архипов Фотий Измаилович,83 92 992334,"к. Тюмень, наб. Энергетиков, д. 416 стр. 2/5, 075741",+72487396262
887,Некрасова Жанна Афанасьевна,54 86 183601,"клх Цимлянск, бул. Химиков, д. 86 к. 3/5, 343549",8 (872) 965-71-56
888,Алина Валериевна Горбачева,49 38 643715,"к. Тында, ул. Чапаева, д. 84 стр. 1/1, 940916",8 737 624 2662
889,Стрелкова Александра Дмитриевна,26 56 374411,"г. Шали, бул. Флотский, д. 315, 311722",8 414 756 90 01
890,Елена Даниловна Суханова,76 44 231988,"ст. Мелеуз, алл. Харьковская, д. 7, 771539",+7 226 247 3650
891,Соколова Ульяна Антоновна,15 35 250208,"к. Серафимович, ул. Труда, д. 3 к. 9/8, 554042",+7 (169) 792-0675
892,Тимофеева Елизавета Филипповна,44 83 335545,"к. Моршанск, бул. Казанский, д. 3, 835733",8 (133) 073-4533
893,Варлаам Вячеславович Степанов,16 33 341175,"к. Апатиты, пер. Грибоедова, д. 37 стр. 633, 516023",+7 (510) 715-55-87
894,Игнатова Алла Ивановна,16 85 379731,"клх Малая Вишера, пр. Маяковского, д. 319 к. 6, 253807",8 (191) 350-5349
895,Воронова Валерия Леоновна,42 18 746416,"к. Тайшет, пр. Космодемьянской, д. 92, 463061",8 218 563 52 00
896,Корнил Витальевич Павлов,68 65 176711,"д. Новороссийск, бул. Фадеева, д. 8/2 стр. 4, 608090",+7 014 610 39 27
897,Белякова Фёкла Григорьевна,75 77 625165,"ст. Павловская, ул. 50 лет Победы, д. 98 стр. 868, 185690",8 096 568 8267
898,Селиверстов Герман Чеславович,32 77 135939,"клх Усть-Камчатск, бул. Ленина, д. 3/4, 356407",8 (308) 306-9789
899,Ираклий Изотович Бобров,84 90 697366,"с. Валаам, пр. Мусы Джалиля, д. 1 к. 7/9, 751857",+7 164 560 59 56
900,Анна Сергеевна Васильева,36 48 361036,"д. Домодедово, бул. Спортивный, д. 95, 653377",8 (303) 167-87-19
901,Трофим Харлампьевич Муравьев,30 63 212964,"ст. Волхов, наб. Коммунальная, д. 55, 500549",+7 809 983 9767
902,Леонид Матвеевич Белов,40 76 634775,"г. Канск, алл. Проточная, д. 200 к. 4, 294930",8 (417) 996-54-66
903,г-н Ефимов Варлаам Матвеевич,29 75 749275,"к. Елец, ш. Чернышевского, д. 1/1 к. 42, 234056",8 (712) 515-89-04
904,Мамонтова Прасковья Андреевна,23 76 992171,"с. Печенга, ул. Донская, д. 33 к. 9/9, 479098",8 361 527 69 58
905,Куликов Гордей Дорофеевич,46 48 417646,"д. Урюпинск, алл. Кирпичная, д. 47 к. 2/5, 031180",+7 (669) 141-93-96
906,Панов Вадим Юлианович,10 59 189411,"ст. Челябинск, алл. Островского, д. 3/5 стр. 7/9, 410341",+71318118140
907,Яковлева Лариса Вадимовна,53 20 831284,"к. Мирный, ул. Р.Люксембург, д. 7 к. 194, 714878",+7 (103) 145-6457
908,Савва Евстигнеевич Вишняков,26 29 579959,"клх Курильск, алл. Прибрежная, д. 5/5, 093391",+7 (694) 126-4106
909,Радим Иларионович Жуков,12 38 275982,"к. Сунтар, алл. Базарная, д. 910 к. 6/5, 125360",8 400 474 86 79
910,Фаина Семеновна Капустина,48 81 496960,"д. Братск, ул. Лазурная, д. 2/1 к. 177, 773759",+79330781117
911,Алла Антоновна Матвеева,23 83 837656,"г. Курильск, наб. Дальняя, д. 6 к. 8/5, 338496",8 523 917 0335
912,Орехов Фотий Гавриилович,41 10 893909,"к. Качканар, пр. Боровой, д. 8/4 стр. 573, 248723",8 (586) 539-2768
913,Богдан Демидович Егоров,68 94 196981,"ст. Старая Русса, пр. Щетинкина, д. 660 стр. 9, 735792",+7 162 506 98 93
914,Емельян Филатович Попов,57 43 512242,"клх Яр-Сале, наб. Ватутина, д. 1/4 стр. 34, 186692",8 529 050 9260
915,Кондратьев Венедикт Антонович,10 16 799200,"с. Бугульма, ул. Высоцкого, д. 58 к. 9, 213008",8 (238) 469-9086
916,Рябова Анжела Аркадьевна,71 26 306194,"д. Гремячинск (Бурят.), бул. Ульянова, д. 66 к. 7, 922188",+7 (206) 318-64-17
917,Турова Елена Алексеевна,59 18 769070,"с. Кузнецк, бул. Спартака, д. 96, 599167",8 403 239 19 32
918,Виктория Ниловна Константинова,53 27 926690,"п. Оленек, алл. Кочубея, д. 6 стр. 62, 964448",+73686811143
919,Эрнест Адрианович Марков,38 15 546783,"г. Нальчик, бул. Тельмана, д. 862 к. 1/3, 912046",+7 (721) 626-6032
920,Терентий Абрамович Захаров,34 51 633431,"клх Южноуральск, пер. Пожарского, д. 4/8 стр. 69, 955192",+77411173670
921,Казаков Никодим Фомич,37 77 546375,"г. Железногорск(Курск.), пер. Мира, д. 43 к. 108, 630829",+7 (482) 873-21-07
922,Романов Потап Давыдович,97 76 650254,"ст. Любань, наб. Учительская, д. 80 стр. 20, 084287",+71627963651
923,Казакова Лора Богдановна,30 89 866895,"к. Валдай, пер. Донской, д. 9, 226230",+7 360 722 3502
924,Лихачев Евграф Егорович,93 77 342130,"п. Середниково, ш. Логовое, д. 369 к. 791, 316696",8 (740) 330-4544
925,Карпов Капитон Фомич,18 12 508456,"клх Усмань, наб. Толстого, д. 215 к. 7/5, 962809",+7 (411) 505-09-69
926,Мамонтова Евдокия Васильевна,83 63 203510,"клх Надым, алл. Владимирская, д. 92 к. 958, 774354",+7 476 253 9501
927,Лидия Кузьминична Селезнева,21 24 445623,"с. Светлогорск (Калин.), пер. Тепличный, д. 1/4 стр. 974, 304588",+7 971 861 4229
928,Лавр Иосифович Кириллов,38 57 836643,"к. Новая Игирма, пр. Азина, д. 8 стр. 2/2, 798304",8 762 745 1160
929,Тарас Фомич Сысоев,80 82 990102,"к. Зарайск, ул. Высокая, д. 96, 008347",8 128 989 93 07
930,Дементьева Зинаида Филипповна,45 59 210968,"с. Воронеж, наб. Льва Толстого, д. 933 стр. 9/9, 285898",8 818 439 76 30
931,Фролов Сергей Еремеевич,82 11 776383,"к. Славянск-на-Кубани, бул. Калужский, д. 5 стр. 707, 626543",+77591604359
932,Регина Леоновна Пестова,93 75 319464,"ст. Шерегеш, ш. Карла Либкнехта, д. 9 стр. 8, 756816",8 (843) 407-30-71
933,Антонина Георгиевна Веселова,97 69 588313,"с. Тикси, алл. Коминтерна, д. 42 стр. 68, 033699",85285023126
934,Лонгин Игнатович Корнилов,50 35 266327,"д. Североуральск, наб. Цветочная, д. 32, 477146",85093555570
935,Рюрик Димитриевич Богданов,29 14 142943,"к. Кунгур, пер. Бульварный, д. 7/2 к. 91, 912706",8 076 122 2830
936,Федосий Ильич Крылов,56 59 410420,"к. Нязепетровск, ш. 50 лет Октября, д. 1 к. 46, 607778",84332763990
937,Алексей Вячеславович Шубин,43 96 963481,"д. Октябрьское (Хант.), бул. Морской, д. 1/3 стр. 12, 550617",80670151200
938,Никифоров Юлий Александрович,36 84 989552,"д. Сортавала, ул. Кошевого, д. 91, 339192",86921053071
939,Павлов Федот Валерьянович,30 32 538203,"клх Сладково, бул. Заливный, д. 17 к. 5, 788728",+7 (063) 228-01-26
940,Иванна Николаевна Крюкова,83 80 155591,"д. Челюскин, алл. Поперечная, д. 7/1 к. 1/7, 724525",8 (378) 747-78-84
941,Элеонора Ивановна Аксенова,11 66 103778,"с. Серпухов, пр. Дальний, д. 99, 284268",+7 928 261 6417
942,Горшков Афиноген Ярославович,13 10 458193,"к. Оса, бул. Розы Люксембург, д. 731 стр. 5/8, 127983",+7 242 853 54 16
943,Горбачева Тамара Захаровна,12 20 704819,"г. Глазов, ул. Ушакова, д. 2/6 к. 80, 107404",+7 (368) 957-9672
944,Зайцев Макар Арсеньевич,92 47 532310,"ст. Холмогоры, ул. Шаумяна, д. 917, 020502",8 497 239 2010
945,Олимпиада Михайловна Лихачева,96 32 750226,"клх Сковородино, бул. Орджоникидзе, д. 79 стр. 8, 425269",+72041641537
946,Майя Богдановна Мясникова,47 15 931882,"с. Элиста, ш. Сурикова, д. 7/8, 816085",8 717 490 5849
947,Дорофеев Харитон Александрович,60 76 633871,"ст. Нарьян-Мар, пр. Ярославский, д. 1 стр. 8, 450999",8 (632) 453-5279
948,Силин Арефий Ярославович,23 22 222222,"д. Красновишерск, бул. Новостройка, д. 4 к. 41, 961830",8 (348) 002-26-42
949,Кузьмина Агафья Леоновна,54 88 619401,"д. Жуковский, пер. Леваневского, д. 292 стр. 8, 984746",+7 429 371 7847
950,Ратмир Гавриилович Чернов,33 20 374989,"ст. Курумкан, ш. Среднее, д. 86 к. 9/9, 988775",+74584741340
951,Савина Екатерина Николаевна,24 88 242808,"д. Салават, бул. Просвещения, д. 2, 463890",+7 248 447 93 65
952,Надежда Тимуровна Брагина,62 25 173301,"клх Дагомыс, алл. Овражная, д. 1/7 стр. 5, 531602",+7 (743) 303-72-71
953,Боброва Клавдия Робертовна,78 62 766621,"п. Благовещенск (Амур.), алл. Магистральная, д. 18, 828780",8 615 459 85 86
954,Лавр Артурович Галкин,58 39 470817,"клх Усть-Илимск, пер. Смоленский, д. 3 стр. 928, 690594",8 998 428 82 84
955,Николаев Богдан Гурьевич,67 14 444287,"г. Зарайск, бул. Большой, д. 736, 427786",+7 (685) 272-87-60
956,Сысоева Ольга Петровна,41 29 106597,"с. Валаам, ул. Плеханова, д. 48 стр. 64, 735623",+7 (770) 045-35-85
957,Гусев Роман Гурьевич,84 70 328929,"д. Нефедова, ул. Труда, д. 14 к. 65, 468939",8 (704) 116-78-81
958,Князева Ия Ниловна,56 84 541792,"д. Павловская, пр. Комсомольский, д. 5 к. 7, 332291",+7 (489) 558-77-00
959,Горбачев Каллистрат Жанович,94 64 269534,"с. Кырен, пр. Коммуны, д. 689, 012033",88013871628
960,Ярополк Антипович Марков,38 41 473139,"д. Анадырь, наб. Красноярская, д. 57, 567027",8 (287) 156-59-69
961,Кира Матвеевна Кондратьева,57 69 830687,"д. Нерчинск, пер. Степана Разина, д. 1 стр. 6, 629171",+78541839525
962,Тетерин Аркадий Филиппович,26 94 484799,"с. Мичуринск, ш. Ленинградское, д. 51, 744520",+7 (027) 694-7308
963,Евдокия Михайловна Федосеева,80 28 414767,"клх Верхоянск, бул. Балтийский, д. 1, 936340",84121805257
964,Рогова Алевтина Ильинична,83 50 711314,"г. Дербент, алл. Сенная, д. 5 стр. 1/2, 134348",8 713 399 6276
965,Журавлев Корнил Валерьянович,79 63 191419,"п. Ардон, пер. Дальний, д. 28, 014948",+7 298 908 8819
966,Мирослав Владиленович Пономарев,58 96 532190,"клх Чайковский, ул. Сенная, д. 633 стр. 9/4, 723667",+7 417 103 8919
967,Кира Антоновна Маркова,24 74 931713,"п. Карачаевск, ул. Новгородская, д. 5, 607148",8 (650) 775-25-72
968,Емельян Валерианович Карпов,38 19 965609,"клх Талдом, пер. Магистральный, д. 805 стр. 739, 066700",8 994 696 6932
969,Алексей Эдгарович Киселев,41 37 823540,"ст. Арзамас, пр. Песчаный, д. 1 стр. 4/4, 343065",8 (744) 888-3923
970,Одинцова Ульяна Святославовна,69 52 728913,"д. Мураши, ш. Малое, д. 9 стр. 5, 513919",8 034 823 67 88
971,Николай Георгиевич Куликов,36 80 844944,"г. Красноярск, алл. Морозова, д. 8 стр. 9, 664867",+71637120631
972,Ульяна Павловна Трофимова,68 52 461975,"г. Крымск, пер. Дружбы, д. 281 к. 5, 572814",+7 (611) 686-1146
973,Михеев Ювеналий Владленович,13 35 493270,"ст. Назрань, наб. Просторная, д. 6/5 к. 96, 684377",+7 403 445 45 95
974,Авксентий Даниилович Иванов,96 62 926203,"д. Псебай, алл. Деповская, д. 3/4 стр. 8/5, 173683",8 (509) 570-9340
975,Мирослав Александрович Некрасов,87 83 189164,"п. Приозерск, ш. Большевистское, д. 934 стр. 9, 377006",+7 (795) 951-42-95
976,Наталья Филипповна Суханова,42 46 742836,"ст. Вендинга, ш. Металлургов, д. 7 стр. 67, 800161",8 (344) 794-59-23
977,Екатерина Тимуровна Данилова,50 96 223252,"к. Токсово, пр. Социалистический, д. 801 стр. 278, 945761",+7 (049) 484-1423
978,Белозеров Тит Германович,50 54 911459,"п. Тырныауз, бул. Гайдара, д. 8/9 к. 330, 564771",+7 588 218 70 89
979,Пелагея Филипповна Ковалева,45 19 856582,"г. Буденновск, пр. Иркутский, д. 7 к. 919, 097542",+77388523774
980,Полина Робертовна Иванова,81 96 979527,"д. Уфа, бул. Братский, д. 4, 512180",8 (226) 799-0966
981,Денисова Евфросиния Тимуровна,62 12 255611,"с. Благовещенск (Амур.), наб. Шолохова, д. 11 к. 137, 703780",8 (866) 932-0709
982,Кириллова Виктория Оскаровна,75 40 386221,"д. Саранск, бул. Смоленский, д. 6/1 к. 5/5, 657267",8 541 982 81 79
983,Смирнова Алина Георгиевна,44 73 599781,"ст. Дагомыс, ул. Производственная, д. 3/7, 032645",+7 (573) 309-07-40
984,Копылов Мефодий Виленович,58 39 451284,"с. Петропавловск-Камчатский, пр. Нахимова, д. 925 стр. 17, 536693",+7 (276) 334-2285
985,Регина Евгеньевна Абрамова,99 61 267081,"с. Игнашино, наб. Портовая, д. 403, 008942",+7 (403) 704-3333
986,Белозерова Раиса Григорьевна,97 25 762968,"с. Великие Луки, наб. Станиславского, д. 447, 198517",8 968 064 55 44
987,Тимур Гурьевич Суворов,98 28 200515,"к. Артем, алл. Безымянная, д. 4/7 к. 4, 288390",+7 (979) 978-3315
988,Панфилов Мстислав Федосеевич,12 40 272994,"ст. Валдай, бул. Красноармейский, д. 15 стр. 7/7, 067347",8 714 998 63 28
989,Белозерова Агата Евгеньевна,84 55 859335,"к. Домодедово, пр. Радужный, д. 61 к. 7, 743963",89495940389
990,Аксенова Майя Оскаровна,54 51 926147,"г. Советский, пер. Папанина, д. 10, 102736",8 325 673 22 34
991,Моисеева Ангелина Олеговна,74 67 380915,"ст. Владикавказ, ул. Озерная, д. 948 стр. 7/1, 326447",8 (937) 859-5417
992,Акулина Эльдаровна Лазарева,65 17 925116,"с. Лянтор, бул. Нефтяников, д. 604 стр. 4/5, 694473",+7 (878) 052-8905
993,Анна Тимуровна Пономарева,59 65 461518,"клх Североморск, ул. Р.Люксембург, д. 57 к. 64, 968593",8 (062) 502-3089
994,Матвеева Марфа Юльевна,92 85 968953,"п. Макушино, наб. Ударная, д. 6/3, 215603",8 (710) 880-3546
995,Ладимир Ануфриевич Соболев,89 47 500305,"к. Сарапул, пр. Парижской Коммуны, д. 216 к. 22, 039655",8 (681) 900-4158
996,Титов Тихон Фёдорович,87 38 325294,"г. Кизилюрт, наб. Куйбышева, д. 602 стр. 4/9, 101245",8 (181) 580-61-94
997,Пономарева Милица Максимовна,87 82 908164,"к. Горно-Алтайск, ул. Минская, д. 9/8 стр. 886, 708049",+7 (932) 850-71-96
998,Авдеев Вышеслав Артемьевич,20 29 719699,"д. Новая Игирма, алл. Западная, д. 1, 371775",8 (856) 274-8066
999,Евгения Николаевна Устинова,23 18 824047,"клх Кириши, пр. Степана Разина, д. 865, 211860",+7 811 239 93 30
1000,Кононова Раиса Святославовна,33 51 474527,"с. Ейск, ул. Балтийская, д. 7, 096196",8 (045) 052-1120
