fine_id,car_id,date,article,amount,status
1,547,2026-05-22,Статья 12.18 (Непредоставление преимущества пешеходу),3500,Не оплачен
2,304,2026-03-13,Статья 12.36.1 (Использование телефона за рулем),3000,Оплачен
3,255,2026-05-21,Статья 12.8 ч.1 (Управление ТС в состоянии опьянения),1500,Не оплачен
4,319,2026-01-11,Статья 12.9 ч.2 (Превышение скорости на 20-40 км/ч),4000,Не оплачен
5,460,2026-03-17,Статья 12.12 ч.1 (Проезд на красный свет),2500,Оплачен
6,202,2026-02-12,Статья 12.18 (Непредоставление преимущества пешеходу),1000,Оплачен
7,1157,2026-04-21,Статья 12.16 ч.4 (Выезд на встречную полосу),4500,Не оплачен
8,34,2026-03-05,Статья 12.16 ч.4 (Выезд на встречную полосу),4000,Не оплачен
9,664,2026-06-01,Статья 12.6 (Непристегнутый ремень безопасности),3500,Не оплачен
10,166,2026-04-08,Статья 12.9 ч.2 (Превышение скорости на 20-40 км/ч),2000,Оплачен
11,961,2026-01-05,Статья 12.12 ч.1 (Проезд на красный свет),5000,Оплачен
12,737,2026-04-11,Статья 12.36.1 (Использование телефона за рулем),3500,Не оплачен
13,977,2026-04-20,Статья 12.6 (Непристегнутый ремень безопасности),2000,Не оплачен
14,365,2026-04-12,Статья 12.12 ч.1 (Проезд на красный свет),2500,Оплачен
15,770,2026-01-19,Статья 12.18 (Непредоставление преимущества пешеходу),5000,Оплачен
16,119,2026-03-16,Статья 12.18 (Непредоставление преимущества пешеходу),1500,Не оплачен
17,129,2026-02-28,Статья 12.19 ч.3 (Остановка на пешеходном переходе),1000,Не оплачен
18,488,2026-01-19,Статья 12.16 ч.4 (Выезд на встречную полосу),5000,Не оплачен
19,530,2026-05-26,Статья 12.8 ч.1 (Управление ТС в состоянии опьянения),5000,Оплачен
20,170,2026-03-15,Статья 12.12 ч.1 (Проезд на красный свет),3500,Оплачен
21,271,2026-01-23,Статья 12.9 ч.2 (Превышение скорости на 20-40 км/ч),4500,Не оплачен
22,1034,2026-01-07,Статья 12.19 ч.3 (Остановка на пешеходном переходе),3500,Не оплачен
23,1156,2026-03-01,Статья 12.16 ч.4 (Выезд на встречную полосу),3000,Оплачен
24,124,2026-02-22,Статья 12.9 ч.2 (Превышение скорости на 20-40 км/ч),500,Оплачен
25,1184,2026-02-04,Статья 12.36.1 (Использование телефона за рулем),2000,Оплачен
26,869,2026-05-15,Статья 12.6 (Непристегнутый ремень безопасности),3000,Не оплачен
27,17,2026-05-03,Статья 12.36.1 (Использование телефона за рулем),1000,Не оплачен
28,517,2026-04-02,Статья 12.8 ч.1 (Управление ТС в состоянии опьянения),1000,Не оплачен
29,1191,2026-03-23,Статья 12.8 ч.1 (Управление ТС в состоянии опьянения),1000,Оплачен
30,767,2026-04-24,Статья 12.18 (Непредоставление преимущества пешеходу),4500,Оплачен
31,604,2026-04-13,Статья 12.19 ч.3 (Остановка на пешеходном переходе),1000,Оплачен
32,647,2026-04-20,Статья 12.36.1 (Использование телефона за рулем),1000,Оплачен
33,1102,2026-03-03,Статья 12.19 ч.3 (Остановка на пешеходном переходе),1000,Оплачен
34,392,2026-03-05,Статья 12.16 ч.4 (Выезд на встречную полосу),5000,Не оплачен
35,510,2026-03-24,Статья 12.6 (Непристегнутый ремень безопасности),3500,Не оплачен
36,157,2026-04-14,Статья 12.6 (Непристегнутый ремень безопасности),500,Не оплачен
37,705,2026-05-07,Статья 12.8 ч.1 (Управление ТС в состоянии опьянения),3500,Оплачен
38,334,2026-03-06,Статья 12.16 ч.4 (Выезд на встречную полосу),2000,Оплачен
39,507,2026-03-03,Статья 12.16 ч.4 (Выезд на встречную полосу),3500,Оплачен
40,493,2026-01-25,Статья 12.19 ч.3 (Остановка на пешеходном переходе),3500,Не оплачен
41,814,2026-04-26,Статья 12.18 (Непредоставление преимущества пешеходу),1000,Оплачен
42,952,2026-01-24,Статья 12.12 ч.1 (Проезд на красный свет),5000,Не оплачен
43,899,2026-05-30,Статья 12.6 (Непристегнутый ремень безопасности),2500,Оплачен
44,1053,2026-05-08,Статья 12.19 ч.3 (Остановка на пешеходном переходе),500,Оплачен
45,1133,2026-03-24,Статья 12.16 ч.4 (Выезд на встречную полосу),2000,Оплачен
46,147,2026-05-12,Статья 12.16 ч.4 (Выезд на встречную полосу),3500,Оплачен
47,988,2026-04-15,Статья 12.18 (Непредоставление преимущества пешеходу),2000,Оплачен
48,359,2026-01-22,Статья 12.36.1 (Использование телефона за рулем),2500,Не оплачен
49,707,2026-02-06,Статья 12.16 ч.4 (Выезд на встречную полосу),2500,Не оплачен
50,1108,2026-01-04,Статья 12.16 ч.4 (Выезд на встречную полосу),5000,Не оплачен
51,1121,2026-04-17,Статья 12.36.1 (Использование телефона за рулем),4500,Не оплачен
52,301,2026-01-04,Статья 12.36.1 (Использование телефона за рулем),3500,Не оплачен
53,1145,2026-03-28,Статья 12.36.1 (Использование телефона за рулем),4000,Не оплачен
54,854,2026-02-27,Статья 12.36.1 (Использование телефона за рулем),1000,Оплачен
55,1183,2026-02-05,Статья 12.36.1 (Использование телефона за рулем),1500,Оплачен
56,640,2026-03-29,Статья 12.18 (Непредоставление преимущества пешеходу),1500,Не оплачен
57,1018,2026-03-15,Статья 12.9 ч.2 (Превышение скорости на 20-40 км/ч),3500,Оплачен
58,236,2026-01-30,Статья 12.9 ч.2 (Превышение скорости на 20-40 км/ч),4500,Не оплачен
59,289,2026-02-14,Статья 12.16 ч.4 (Выезд на встречную полосу),1500,Не оплачен
60,832,2026-03-25,Статья 12.8 ч.1 (Управление ТС в состоянии опьянения),4000,Оплачен
61,528,2026-04-16,Статья 12.36.1 (Использование телефона за рулем),3000,Не оплачен
62,55,2026-03-02,Статья 12.8 ч.1 (Управление ТС в состоянии опьянения),1500,Оплачен
63,396,2026-04-26,Статья 12.16 ч.4 (Выезд на встречную полосу),3500,Оплачен
64,288,2026-05-30,Статья 12.6 (Непристегнутый ремень безопасности),4000,Не оплачен
65,577,2026-03-26,Статья 12.6 (Непристегнутый ремень безопасности),1000,Не оплачен
66,883,2026-02-09,Статья 12.36.1 (Использование телефона за рулем),5000,Оплачен
67,978,2026-03-09,Статья 12.8 ч.1 (Управление ТС в состоянии опьянения),500,Не оплачен
68,604,2026-01-03,Статья 12.18 (Непредоставление преимущества пешеходу),1000,Оплачен
69,608,2026-04-23,Статья 12.16 ч.4 (Выезд на встречную полосу),2000,Оплачен
70,327,2026-03-28,Статья 12.8 ч.1 (Управление ТС в состоянии опьянения),1000,Оплачен
71,390,2026-05-11,Статья 12.6 (Непристегнутый ремень безопасности),5000,Не оплачен
72,903,2026-05-21,Статья 12.19 ч.3 (Остановка на пешеходном переходе),2500,Не оплачен
73,828,2026-02-17,Статья 12.6 (Непристегнутый ремень безопасности),4500,Оплачен
74,1033,2026-02-13,Статья 12.19 ч.3 (Остановка на пешеходном переходе),5000,Не оплачен
75,865,2026-01-18,Статья 12.18 (Непредоставление преимущества пешеходу),1000,Не оплачен
76,822,2026-05-28,Статья 12.9 ч.2 (Превышение скорости на 20-40 км/ч),4000,Оплачен
77,1089,2026-05-06,Статья 12.6 (Непристегнутый ремень безопасности),4500,Оплачен
78,353,2026-02-27,Статья 12.19 ч.3 (Остановка на пешеходном переходе),3000,Не оплачен
79,10,2026-05-09,Статья 12.19 ч.3 (Остановка на пешеходном переходе),4000,Оплачен
80,863,2026-01-14,Статья 12.36.1 (Использование телефона за рулем),2000,Оплачен
81,208,2026-05-27,Статья 12.6 (Непристегнутый ремень безопасности),4000,Оплачен
82,1104,2026-03-02,Статья 12.19 ч.3 (Остановка на пешеходном переходе),4000,Не оплачен
83,776,2026-01-14,Статья 12.8 ч.1 (Управление ТС в состоянии опьянения),5000,Оплачен
84,426,2026-01-26,Статья 12.19 ч.3 (Остановка на пешеходном переходе),1000,Не оплачен
85,29,2026-05-29,Статья 12.19 ч.3 (Остановка на пешеходном переходе),2000,Не оплачен
86,251,2026-03-30,Статья 12.8 ч.1 (Управление ТС в состоянии опьянения),4500,Оплачен
87,962,2026-01-28,Статья 12.8 ч.1 (Управление ТС в состоянии опьянения),4500,Оплачен
88,863,2026-02-26,Статья 12.9 ч.2 (Превышение скорости на 20-40 км/ч),1000,Не оплачен
89,158,2026-01-18,Статья 12.6 (Непристегнутый ремень безопасности),3000,Не оплачен
90,173,2026-04-13,Статья 12.8 ч.1 (Управление ТС в состоянии опьянения),3000,Оплачен
91,567,2026-05-10,Статья 12.8 ч.1 (Управление ТС в состоянии опьянения),4500,Не оплачен
92,563,2026-03-15,Статья 12.8 ч.1 (Управление ТС в состоянии опьянения),2000,Не оплачен
93,802,2026-02-28,Статья 12.36.1 (Использование телефона за рулем),5000,Не оплачен
94,519,2026-01-07,Статья 12.6 (Непристегнутый ремень безопасности),1000,Не оплачен
95,7,2026-01-30,Статья 12.18 (Непредоставление преимущества пешеходу),2000,Не оплачен
96,115,2026-05-03,Статья 12.19 ч.3 (Остановка на пешеходном переходе),1000,Не оплачен
97,357,2026-03-01,Статья 12.8 ч.1 (Управление ТС в состоянии опьянения),3000,Оплачен
98,998,2026-05-10,Статья 12.9 ч.2 (Превышение скорости на 20-40 км/ч),3000,Оплачен
99,296,2026-03-18,Статья 12.9 ч.2 (Превышение скорости на 20-40 км/ч),1500,Не оплачен
100,142,2026-01-01,Статья 12.18 (Непредоставление преимущества пешеходу),500,Не оплачен
101,253,2026-03-26,Статья 12.12 ч.1 (Проезд на красный свет),1000,Не оплачен
102,968,2026-01-23,Статья 12.8 ч.1 (Управление ТС в состоянии опьянения),2000,Оплачен
103,482,2026-04-12,Статья 12.12 ч.1 (Проезд на красный свет),1500,Оплачен
104,856,2026-04-14,Статья 12.18 (Непредоставление преимущества пешеходу),4000,Не оплачен
105,141,2026-05-13,Статья 12.18 (Непредоставление преимущества пешеходу),3000,Оплачен
106,745,2026-02-20,Статья 12.6 (Непристегнутый ремень безопасности),5000,Оплачен
107,562,2026-01-12,Статья 12.36.1 (Использование телефона за рулем),1500,Оплачен
108,671,2026-01-18,Статья 12.16 ч.4 (Выезд на встречную полосу),5000,Оплачен
109,590,2026-02-04,Статья 12.16 ч.4 (Выезд на встречную полосу),500,Оплачен
110,640,2026-03-21,Статья 12.18 (Непредоставление преимущества пешеходу),4000,Оплачен
111,252,2026-02-02,Статья 12.6 (Непристегнутый ремень безопасности),4000,Оплачен
112,51,2026-04-14,Статья 12.12 ч.1 (Проезд на красный свет),3000,Оплачен
113,690,2026-04-02,Статья 12.12 ч.1 (Проезд на красный свет),3000,Оплачен
114,599,2026-02-11,Статья 12.18 (Непредоставление преимущества пешеходу),3500,Оплачен
115,1031,2026-04-06,Статья 12.19 ч.3 (Остановка на пешеходном переходе),5000,Не оплачен
116,659,2026-01-14,Статья 12.9 ч.2 (Превышение скорости на 20-40 км/ч),2500,Оплачен
117,992,2026-04-12,Статья 12.16 ч.4 (Выезд на встречную полосу),1500,Не оплачен
118,645,2026-03-13,Статья 12.6 (Непристегнутый ремень безопасности),5000,Не оплачен
119,908,2026-01-29,Статья 12.36.1 (Использование телефона за рулем),2000,Не оплачен
120,1121,2026-05-11,Статья 12.18 (Непредоставление преимущества пешеходу),4500,Не оплачен
121,37,2026-04-02,Статья 12.8 ч.1 (Управление ТС в состоянии опьянения),3500,Не оплачен
122,731,2026-02-06,Статья 12.36.1 (Использование телефона за рулем),1500,Оплачен
123,79,2026-02-11,Статья 12.18 (Непредоставление преимущества пешеходу),3000,Не оплачен
124,765,2026-04-29,Статья 12.18 (Непредоставление преимущества пешеходу),2000,Оплачен
125,55,2026-01-06,Статья 12.6 (Непристегнутый ремень безопасности),3500,Не оплачен
126,459,2026-05-26,Статья 12.6 (Непристегнутый ремень безопасности),1000,Не оплачен
127,1058,2026-02-25,Статья 12.19 ч.3 (Остановка на пешеходном переходе),2000,Не оплачен
128,1000,2026-01-10,Статья 12.12 ч.1 (Проезд на красный свет),5000,Оплачен
129,74,2026-02-23,Статья 12.16 ч.4 (Выезд на встречную полосу),1000,Оплачен
130,782,2026-03-14,Статья 12.16 ч.4 (Выезд на встречную полосу),3000,Оплачен
131,1173,2026-01-17,Статья 12.12 ч.1 (Проезд на красный свет),4500,Не оплачен
132,1024,2026-04-27,Статья 12.8 ч.1 (Управление ТС в состоянии опьянения),1000,Не оплачен
133,425,2026-03-08,Статья 12.19 ч.3 (Остановка на пешеходном переходе),2500,Оплачен
134,677,2026-03-01,Статья 12.12 ч.1 (Проезд на красный свет),2500,Не оплачен
135,469,2026-05-13,Статья 12.19 ч.3 (Остановка на пешеходном переходе),1500,Не оплачен
136,1077,2026-03-16,Статья 12.16 ч.4 (Выезд на встречную полосу),4000,Не оплачен
137,547,2026-01-29,Статья 12.9 ч.2 (Превышение скорости на 20-40 км/ч),3500,Не оплачен
138,285,2026-02-11,Статья 12.19 ч.3 (Остановка на пешеходном переходе),4500,Оплачен
139,87,2026-01-24,Статья 12.19 ч.3 (Остановка на пешеходном переходе),2500,Не оплачен
140,1151,2026-03-01,Статья 12.8 ч.1 (Управление ТС в состоянии опьянения),1000,Не оплачен
141,818,2026-02-20,Статья 12.36.1 (Использование телефона за рулем),4000,Оплачен
142,686,2026-01-04,Статья 12.6 (Непристегнутый ремень безопасности),2500,Не оплачен
143,1006,2026-02-07,Статья 12.12 ч.1 (Проезд на красный свет),1500,Оплачен
144,231,2026-05-09,Статья 12.16 ч.4 (Выезд на встречную полосу),2500,Оплачен
145,550,2026-02-17,Статья 12.6 (Непристегнутый ремень безопасности),1500,Оплачен
146,245,2026-01-09,Статья 12.6 (Непристегнутый ремень безопасности),1000,Оплачен
147,317,2026-05-23,Статья 12.18 (Непредоставление преимущества пешеходу),1000,Оплачен
148,920,2026-03-28,Статья 12.16 ч.4 (Выезд на встречную полосу),4000,Не оплачен
149,561,2026-05-03,Статья 12.6 (Непристегнутый ремень безопасности),1000,Оплачен
150,306,2026-03-30,Статья 12.36.1 (Использование телефона за рулем),3000,Не оплачен
151,381,2026-04-02,Статья 12.6 (Непристегнутый ремень безопасности),1000,Не оплачен
152,1025,2026-04-19,Статья 12.19 ч.3 (Остановка на пешеходном переходе),3000,Не оплачен
153,121,2026-01-25,Статья 12.6 (Непристегнутый ремень безопасности),3500,Не оплачен
154,325,2026-02-10,Статья 12.36.1 (Использование телефона за рулем),500,Оплачен
155,430,2026-01-28,Статья 12.9 ч.2 (Превышение скорости на 20-40 км/ч),5000,Оплачен
156,428,2026-05-14,Статья 12.18 (Непредоставление преимущества пешеходу),4500,Не оплачен
157,58,2026-02-08,Статья 12.8 ч.1 (Управление ТС в состоянии опьянения),4500,Оплачен
158,534,2026-05-11,Статья 12.12 ч.1 (Проезд на красный свет),2500,Не оплачен
159,774,2026-01-05,Статья 12.6 (Непристегнутый ремень безопасности),5000,Оплачен
160,328,2026-04-23,Статья 12.9 ч.2 (Превышение скорости на 20-40 км/ч),4000,Оплачен
161,1023,2026-03-07,Статья 12.18 (Непредоставление преимущества пешеходу),1000,Не оплачен
162,530,2026-05-18,Статья 12.6 (Непристегнутый ремень безопасности),2000,Оплачен
163,756,2026-01-14,Статья 12.19 ч.3 (Остановка на пешеходном переходе),3000,Не оплачен
164,253,2026-02-22,Статья 12.8 ч.1 (Управление ТС в состоянии опьянения),4500,Не оплачен
165,758,2026-04-06,Статья 12.36.1 (Использование телефона за рулем),2500,Оплачен
166,702,2026-04-16,Статья 12.36.1 (Использование телефона за рулем),3000,Не оплачен
167,969,2026-01-21,Статья 12.8 ч.1 (Управление ТС в состоянии опьянения),1000,Не оплачен
168,965,2026-05-14,Статья 12.8 ч.1 (Управление ТС в состоянии опьянения),500,Оплачен
169,1197,2026-03-16,Статья 12.19 ч.3 (Остановка на пешеходном переходе),2500,Не оплачен
170,1110,2026-02-28,Статья 12.16 ч.4 (Выезд на встречную полосу),1500,Оплачен
171,681,2026-04-13,Статья 12.9 ч.2 (Превышение скорости на 20-40 км/ч),3000,Оплачен
172,1025,2026-05-05,Статья 12.36.1 (Использование телефона за рулем),2000,Оплачен
173,833,2026-02-28,Статья 12.8 ч.1 (Управление ТС в состоянии опьянения),3000,Не оплачен
174,268,2026-03-25,Статья 12.12 ч.1 (Проезд на красный свет),4500,Не оплачен
175,475,2026-04-24,Статья 12.12 ч.1 (Проезд на красный свет),5000,Не оплачен
176,885,2026-03-27,Статья 12.16 ч.4 (Выезд на встречную полосу),2500,Не оплачен
177,3,2026-02-22,Статья 12.36.1 (Использование телефона за рулем),2500,Оплачен
178,648,2026-05-14,Статья 12.6 (Непристегнутый ремень безопасности),2000,Не оплачен
179,725,2026-04-15,Статья 12.36.1 (Использование телефона за рулем),500,Оплачен
180,261,2026-01-19,Статья 12.9 ч.2 (Превышение скорости на 20-40 км/ч),1000,Оплачен
181,394,2026-02-03,Статья 12.36.1 (Использование телефона за рулем),1000,Не оплачен
182,238,2026-05-03,Статья 12.9 ч.2 (Превышение скорости на 20-40 км/ч),2000,Оплачен
183,172,2026-05-01,Статья 12.36.1 (Использование телефона за рулем),2500,Оплачен
184,539,2026-04-18,Статья 12.12 ч.1 (Проезд на красный свет),500,Не оплачен
185,420,2026-01-26,Статья 12.19 ч.3 (Остановка на пешеходном переходе),3000,Оплачен
186,717,2026-02-23,Статья 12.9 ч.2 (Превышение скорости на 20-40 км/ч),3000,Не оплачен
187,417,2026-04-22,Статья 12.36.1 (Использование телефона за рулем),3500,Не оплачен
188,1151,2026-04-29,Статья 12.12 ч.1 (Проезд на красный свет),3000,Оплачен
189,897,2026-01-12,Статья 12.12 ч.1 (Проезд на красный свет),2500,Не оплачен
190,135,2026-01-27,Статья 12.36.1 (Использование телефона за рулем),1000,Не оплачен
191,1182,2026-03-22,Статья 12.6 (Непристегнутый ремень безопасности),3500,Оплачен
192,145,2026-01-06,Статья 12.9 ч.2 (Превышение скорости на 20-40 км/ч),2000,Оплачен
193,594,2026-03-04,Статья 12.16 ч.4 (Выезд на встречную полосу),1000,Не оплачен
194,1182,2026-05-03,Статья 12.19 ч.3 (Остановка на пешеходном переходе),3000,Не оплачен
195,829,2026-03-10,Статья 12.16 ч.4 (Выезд на встречную полосу),500,Не оплачен
196,627,2026-03-20,Статья 12.19 ч.3 (Остановка на пешеходном переходе),1500,Оплачен
197,638,2026-03-21,Статья 12.9 ч.2 (Превышение скорости на 20-40 км/ч),4000,Оплачен
198,68,2026-05-20,Статья 12.6 (Непристегнутый ремень безопасности),1500,Не оплачен
199,666,2026-01-31,Статья 12.18 (Непредоставление преимущества пешеходу),3500,Оплачен
200,685,2026-02-04,Статья 12.12 ч.1 (Проезд на красный свет),4500,Не оплачен
201,893,2026-03-20,Статья 12.18 (Непредоставление преимущества пешеходу),2000,Не оплачен
202,962,2026-02-16,Статья 12.18 (Непредоставление преимущества пешеходу),2500,Оплачен
203,32,2026-05-12,Статья 12.36.1 (Использование телефона за рулем),3500,Не оплачен
204,13,2026-01-23,Статья 12.18 (Непредоставление преимущества пешеходу),3500,Оплачен
205,1012,2026-02-10,Статья 12.9 ч.2 (Превышение скорости на 20-40 км/ч),4500,Оплачен
206,527,2026-05-18,Статья 12.12 ч.1 (Проезд на красный свет),500,Оплачен
207,1084,2026-05-16,Статья 12.8 ч.1 (Управление ТС в состоянии опьянения),5000,Оплачен
208,1097,2026-04-16,Статья 12.18 (Непредоставление преимущества пешеходу),2500,Оплачен
209,754,2026-02-24,Статья 12.8 ч.1 (Управление ТС в состоянии опьянения),2000,Оплачен
210,956,2026-01-09,Статья 12.16 ч.4 (Выезд на встречную полосу),3500,Оплачен
211,1142,2026-02-03,Статья 12.19 ч.3 (Остановка на пешеходном переходе),500,Не оплачен
212,25,2026-02-25,Статья 12.36.1 (Использование телефона за рулем),1000,Не оплачен
213,757,2026-04-27,Статья 12.19 ч.3 (Остановка на пешеходном переходе),1000,Оплачен
214,537,2026-03-30,Статья 12.16 ч.4 (Выезд на встречную полосу),1500,Оплачен
215,59,2026-02-18,Статья 12.18 (Непредоставление преимущества пешеходу),4500,Не оплачен
216,230,2026-01-04,Статья 12.19 ч.3 (Остановка на пешеходном переходе),1000,Оплачен
217,895,2026-04-21,Статья 12.18 (Непредоставление преимущества пешеходу),3000,Не оплачен
218,1062,2026-05-01,Статья 12.12 ч.1 (Проезд на красный свет),3500,Оплачен
219,806,2026-03-14,Статья 12.19 ч.3 (Остановка на пешеходном переходе),500,Не оплачен
220,1129,2026-04-10,Статья 12.12 ч.1 (Проезд на красный свет),3500,Не оплачен
221,1044,2026-03-29,Статья 12.9 ч.2 (Превышение скорости на 20-40 км/ч),4000,Оплачен
222,937,2026-04-02,Статья 12.8 ч.1 (Управление ТС в состоянии опьянения),2000,Оплачен
223,103,2026-04-17,Статья 12.12 ч.1 (Проезд на красный свет),2500,Не оплачен
224,154,2026-04-18,Статья 12.12 ч.1 (Проезд на красный свет),3500,Оплачен
225,1058,2026-04-24,Статья 12.18 (Непредоставление преимущества пешеходу),3500,Оплачен
226,1054,2026-05-25,Статья 12.36.1 (Использование телефона за рулем),2500,Не оплачен
227,171,2026-04-04,Статья 12.12 ч.1 (Проезд на красный свет),1000,Не оплачен
228,229,2026-04-25,Статья 12.6 (Непристегнутый ремень безопасности),3000,Не оплачен
229,4,2026-05-03,Статья 12.19 ч.3 (Остановка на пешеходном переходе),3500,Оплачен
230,134,2026-01-11,Статья 12.12 ч.1 (Проезд на красный свет),2000,Не оплачен
231,780,2026-05-15,Статья 12.12 ч.1 (Проезд на красный свет),3500,Не оплачен
232,1146,2026-05-07,Статья 12.9 ч.2 (Превышение скорости на 20-40 км/ч),3000,Оплачен
233,143,2026-04-21,Статья 12.9 ч.2 (Превышение скорости на 20-40 км/ч),4000,Оплачен
234,510,2026-01-22,Статья 12.18 (Непредоставление преимущества пешеходу),4000,Не оплачен
235,1062,2026-01-14,Статья 12.9 ч.2 (Превышение скорости на 20-40 км/ч),1500,Оплачен
236,16,2026-05-31,Статья 12.16 ч.4 (Выезд на встречную полосу),1500,Не оплачен
237,718,2026-03-14,Статья 12.36.1 (Использование телефона за рулем),1500,Не оплачен
238,94,2026-01-28,Статья 12.6 (Непристегнутый ремень безопасности),3000,Не оплачен
239,471,2026-03-07,Статья 12.18 (Непредоставление преимущества пешеходу),500,Не оплачен
240,695,2026-01-11,Статья 12.16 ч.4 (Выезд на встречную полосу),2000,Не оплачен
241,856,2026-03-16,Статья 12.6 (Непристегнутый ремень безопасности),4500,Оплачен
242,944,2026-02-28,Статья 12.36.1 (Использование телефона за рулем),3500,Не оплачен
243,290,2026-04-15,Статья 12.8 ч.1 (Управление ТС в состоянии опьянения),3000,Оплачен
244,46,2026-01-28,Статья 12.6 (Непристегнутый ремень безопасности),2500,Оплачен
245,748,2026-03-17,Статья 12.19 ч.3 (Остановка на пешеходном переходе),1500,Не оплачен
246,1195,2026-01-23,Статья 12.9 ч.2 (Превышение скорости на 20-40 км/ч),500,Оплачен
247,1190,2026-04-22,Статья 12.8 ч.1 (Управление ТС в состоянии опьянения),3000,Оплачен
248,634,2026-01-13,Статья 12.12 ч.1 (Проезд на красный свет),2000,Не оплачен
249,1192,2026-04-30,Статья 12.16 ч.4 (Выезд на встречную полосу),4500,Не оплачен
250,795,2026-03-05,Статья 12.8 ч.1 (Управление ТС в состоянии опьянения),500,Оплачен
251,1075,2026-01-15,Статья 12.12 ч.1 (Проезд на красный свет),3000,Оплачен
252,781,2026-03-23,Статья 12.16 ч.4 (Выезд на встречную полосу),4500,Не оплачен
253,503,2026-01-03,Статья 12.18 (Непредоставление преимущества пешеходу),1000,Оплачен
254,703,2026-02-01,Статья 12.36.1 (Использование телефона за рулем),2000,Оплачен
255,94,2026-01-29,Статья 12.9 ч.2 (Превышение скорости на 20-40 км/ч),5000,Не оплачен
256,102,2026-04-27,Статья 12.9 ч.2 (Превышение скорости на 20-40 км/ч),4500,Оплачен
257,653,2026-05-27,Статья 12.8 ч.1 (Управление ТС в состоянии опьянения),3500,Оплачен
258,609,2026-03-29,Статья 12.18 (Непредоставление преимущества пешеходу),500,Оплачен
259,463,2026-02-16,Статья 12.12 ч.1 (Проезд на красный свет),4000,Оплачен
260,557,2026-02-04,Статья 12.19 ч.3 (Остановка на пешеходном переходе),1000,Не оплачен
261,723,2026-01-19,Статья 12.18 (Непредоставление преимущества пешеходу),3500,Не оплачен
262,975,2026-03-29,Статья 12.18 (Непредоставление преимущества пешеходу),1500,Оплачен
263,638,2026-03-23,Статья 12.36.1 (Использование телефона за рулем),4500,Не оплачен
264,607,2026-05-07,Статья 12.19 ч.3 (Остановка на пешеходном переходе),500,Оплачен
265,805,2026-02-08,Статья 12.16 ч.4 (Выезд на встречную полосу),2000,Оплачен
266,692,2026-01-11,Статья 12.16 ч.4 (Выезд на встречную полосу),3500,Не оплачен
267,730,2026-02-20,Статья 12.19 ч.3 (Остановка на пешеходном переходе),4000,Оплачен
268,1049,2026-05-09,Статья 12.16 ч.4 (Выезд на встречную полосу),1000,Оплачен
269,652,2026-05-31,Статья 12.19 ч.3 (Остановка на пешеходном переходе),1500,Оплачен
270,644,2026-04-13,Статья 12.9 ч.2 (Превышение скорости на 20-40 км/ч),4500,Не оплачен
271,66,2026-04-18,Статья 12.8 ч.1 (Управление ТС в состоянии опьянения),4000,Оплачен
272,574,2026-03-20,Статья 12.36.1 (Использование телефона за рулем),5000,Не оплачен
273,607,2026-01-26,Статья 12.18 (Непредоставление преимущества пешеходу),1000,Оплачен
274,470,2026-01-09,Статья 12.6 (Непристегнутый ремень безопасности),4000,Оплачен
275,580,2026-05-05,Статья 12.36.1 (Использование телефона за рулем),4000,Не оплачен
276,668,2026-01-13,Статья 12.18 (Непредоставление преимущества пешеходу),2000,Не оплачен
277,1152,2026-03-31,Статья 12.9 ч.2 (Превышение скорости на 20-40 км/ч),4000,Оплачен
278,570,2026-01-22,Статья 12.18 (Непредоставление преимущества пешеходу),3000,Оплачен
279,31,2026-03-24,Статья 12.9 ч.2 (Превышение скорости на 20-40 км/ч),5000,Не оплачен
280,767,2026-03-13,Статья 12.12 ч.1 (Проезд на красный свет),4000,Оплачен
281,123,2026-01-28,Статья 12.12 ч.1 (Проезд на красный свет),3000,Не оплачен
282,850,2026-03-10,Статья 12.19 ч.3 (Остановка на пешеходном переходе),4500,Оплачен
283,461,2026-03-12,Статья 12.8 ч.1 (Управление ТС в состоянии опьянения),3500,Не оплачен
284,220,2026-02-01,Статья 12.8 ч.1 (Управление ТС в состоянии опьянения),1500,Оплачен
285,417,2026-05-24,Статья 12.8 ч.1 (Управление ТС в состоянии опьянения),1500,Оплачен
286,48,2026-04-24,Статья 12.6 (Непристегнутый ремень безопасности),1000,Оплачен
287,258,2026-02-16,Статья 12.6 (Непристегнутый ремень безопасности),1500,Не оплачен
288,406,2026-05-10,Статья 12.12 ч.1 (Проезд на красный свет),2500,Оплачен
289,552,2026-03-19,Статья 12.6 (Непристегнутый ремень безопасности),5000,Не оплачен
290,133,2026-04-12,Статья 12.16 ч.4 (Выезд на встречную полосу),2000,Не оплачен
291,978,2026-03-18,Статья 12.6 (Непристегнутый ремень безопасности),500,Оплачен
292,923,2026-01-04,Статья 12.9 ч.2 (Превышение скорости на 20-40 км/ч),3000,Не оплачен
293,1111,2026-03-31,Статья 12.18 (Непредоставление преимущества пешеходу),4500,Оплачен
294,826,2026-01-03,Статья 12.19 ч.3 (Остановка на пешеходном переходе),3500,Не оплачен
295,1140,2026-05-23,Статья 12.6 (Непристегнутый ремень безопасности),2500,Оплачен
296,214,2026-05-04,Статья 12.19 ч.3 (Остановка на пешеходном переходе),4000,Оплачен
297,533,2026-04-23,Статья 12.19 ч.3 (Остановка на пешеходном переходе),1500,Не оплачен
298,568,2026-04-04,Статья 12.36.1 (Использование телефона за рулем),2000,Оплачен
299,1106,2026-02-12,Статья 12.18 (Непредоставление преимущества пешеходу),5000,Не оплачен
300,394,2026-04-20,Статья 12.16 ч.4 (Выезд на встречную полосу),5000,Оплачен
301,716,2026-05-14,Статья 12.8 ч.1 (Управление ТС в состоянии опьянения),3000,Не оплачен
302,743,2026-04-23,Статья 12.18 (Непредоставление преимущества пешеходу),5000,Оплачен
303,136,2026-04-03,Статья 12.36.1 (Использование телефона за рулем),4500,Оплачен
304,709,2026-03-12,Статья 12.16 ч.4 (Выезд на встречную полосу),2000,Не оплачен
305,547,2026-04-30,Статья 12.8 ч.1 (Управление ТС в состоянии опьянения),1500,Оплачен
306,1115,2026-01-23,Статья 12.18 (Непредоставление преимущества пешеходу),4000,Не оплачен
307,27,2026-02-07,Статья 12.8 ч.1 (Управление ТС в состоянии опьянения),4500,Оплачен
308,642,2026-05-28,Статья 12.9 ч.2 (Превышение скорости на 20-40 км/ч),5000,Не оплачен
309,371,2026-03-31,Статья 12.18 (Непредоставление преимущества пешеходу),4500,Оплачен
310,108,2026-05-31,Статья 12.8 ч.1 (Управление ТС в состоянии опьянения),4500,Оплачен
311,60,2026-01-29,Статья 12.18 (Непредоставление преимущества пешеходу),3500,Оплачен
312,1165,2026-03-21,Статья 12.16 ч.4 (Выезд на встречную полосу),4500,Не оплачен
313,541,2026-05-10,Статья 12.19 ч.3 (Остановка на пешеходном переходе),3000,Оплачен
314,815,2026-05-25,Статья 12.19 ч.3 (Остановка на пешеходном переходе),2500,Не оплачен
315,1156,2026-02-04,Статья 12.6 (Непристегнутый ремень безопасности),2000,Оплачен
316,635,2026-05-11,Статья 12.16 ч.4 (Выезд на встречную полосу),500,Не оплачен
317,143,2026-03-12,Статья 12.8 ч.1 (Управление ТС в состоянии опьянения),1000,Оплачен
318,125,2026-04-09,Статья 12.18 (Непредоставление преимущества пешеходу),3500,Оплачен
319,908,2026-02-08,Статья 12.9 ч.2 (Превышение скорости на 20-40 км/ч),4000,Оплачен
320,728,2026-04-13,Статья 12.19 ч.3 (Остановка на пешеходном переходе),4000,Не оплачен
321,90,2026-02-20,Статья 12.18 (Непредоставление преимущества пешеходу),2500,Не оплачен
322,53,2026-04-17,Статья 12.9 ч.2 (Превышение скорости на 20-40 км/ч),5000,Не оплачен
323,14,2026-05-01,Статья 12.19 ч.3 (Остановка на пешеходном переходе),4500,Оплачен
324,461,2026-02-24,Статья 12.19 ч.3 (Остановка на пешеходном переходе),3000,Оплачен
325,1005,2026-02-12,Статья 12.16 ч.4 (Выезд на встречную полосу),3000,Не оплачен
326,1051,2026-01-26,Статья 12.9 ч.2 (Превышение скорости на 20-40 км/ч),3000,Оплачен
327,1046,2026-02-03,Статья 12.19 ч.3 (Остановка на пешеходном переходе),4500,Не оплачен
328,1032,2026-02-09,Статья 12.19 ч.3 (Остановка на пешеходном переходе),1000,Не оплачен
329,231,2026-01-07,Статья 12.16 ч.4 (Выезд на встречную полосу),2000,Оплачен
330,481,2026-02-26,Статья 12.18 (Непредоставление преимущества пешеходу),3000,Не оплачен
331,36,2026-03-26,Статья 12.6 (Непристегнутый ремень безопасности),1000,Не оплачен
332,1,2026-03-18,Статья 12.36.1 (Использование телефона за рулем),2500,Оплачен
333,382,2026-02-25,Статья 12.9 ч.2 (Превышение скорости на 20-40 км/ч),4500,Не оплачен
334,634,2026-02-20,Статья 12.12 ч.1 (Проезд на красный свет),2500,Не оплачен
335,133,2026-01-10,Статья 12.18 (Непредоставление преимущества пешеходу),4000,Оплачен
336,506,2026-03-21,Статья 12.18 (Непредоставление преимущества пешеходу),1000,Оплачен
337,539,2026-04-03,Статья 12.8 ч.1 (Управление ТС в состоянии опьянения),5000,Оплачен
338,227,2026-04-07,Статья 12.18 (Непредоставление преимущества пешеходу),3500,Оплачен
339,1076,2026-01-16,Статья 12.8 ч.1 (Управление ТС в состоянии опьянения),2500,Оплачен
340,202,2026-01-15,Статья 12.36.1 (Использование телефона за рулем),3500,Оплачен
341,659,2026-01-01,Статья 12.8 ч.1 (Управление ТС в состоянии опьянения),3500,Оплачен
342,913,2026-03-21,Статья 12.8 ч.1 (Управление ТС в состоянии опьянения),4500,Оплачен
343,206,2026-03-10,Статья 12.18 (Непредоставление преимущества пешеходу),2000,Не оплачен
344,1142,2026-03-23,Статья 12.8 ч.1 (Управление ТС в состоянии опьянения),5000,Оплачен
345,212,2026-02-06,Статья 12.16 ч.4 (Выезд на встречную полосу),1000,Не оплачен
346,113,2026-02-21,Статья 12.6 (Непристегнутый ремень безопасности),4000,Оплачен
347,899,2026-05-07,Статья 12.6 (Непристегнутый ремень безопасности),2000,Не оплачен
348,931,2026-04-30,Статья 12.6 (Непристегнутый ремень безопасности),500,Оплачен
349,91,2026-05-12,Статья 12.36.1 (Использование телефона за рулем),4000,Не оплачен
350,175,2026-04-01,Статья 12.36.1 (Использование телефона за рулем),2000,Оплачен
351,368,2026-02-13,Статья 12.9 ч.2 (Превышение скорости на 20-40 км/ч),1500,Не оплачен
352,750,2026-05-06,Статья 12.12 ч.1 (Проезд на красный свет),5000,Не оплачен
353,780,2026-04-17,Статья 12.6 (Непристегнутый ремень безопасности),3000,Не оплачен
354,554,2026-03-26,Статья 12.16 ч.4 (Выезд на встречную полосу),4000,Не оплачен
355,332,2026-03-10,Статья 12.9 ч.2 (Превышение скорости на 20-40 км/ч),2000,Оплачен
356,849,2026-01-21,Статья 12.8 ч.1 (Управление ТС в состоянии опьянения),2500,Не оплачен
357,1140,2026-05-05,Статья 12.16 ч.4 (Выезд на встречную полосу),1500,Оплачен
358,624,2026-02-08,Статья 12.18 (Непредоставление преимущества пешеходу),500,Оплачен
359,558,2026-05-12,Статья 12.18 (Непредоставление преимущества пешеходу),2500,Не оплачен
360,1130,2026-05-28,Статья 12.18 (Непредоставление преимущества пешеходу),4500,Оплачен
361,922,2026-02-20,Статья 12.9 ч.2 (Превышение скорости на 20-40 км/ч),4500,Оплачен
362,1026,2026-05-24,Статья 12.18 (Непредоставление преимущества пешеходу),1500,Не оплачен
363,557,2026-04-26,Статья 12.16 ч.4 (Выезд на встречную полосу),2500,Не оплачен
364,1067,2026-03-25,Статья 12.19 ч.3 (Остановка на пешеходном переходе),4000,Оплачен
365,850,2026-04-24,Статья 12.19 ч.3 (Остановка на пешеходном переходе),2500,Не оплачен
366,202,2026-05-01,Статья 12.18 (Непредоставление преимущества пешеходу),500,Оплачен
367,1176,2026-03-23,Статья 12.6 (Непристегнутый ремень безопасности),2000,Не оплачен
368,955,2026-02-26,Статья 12.9 ч.2 (Превышение скорости на 20-40 км/ч),500,Оплачен
369,81,2026-01-20,Статья 12.19 ч.3 (Остановка на пешеходном переходе),1500,Оплачен
370,1189,2026-03-13,Статья 12.8 ч.1 (Управление ТС в состоянии опьянения),4000,Не оплачен
371,384,2026-01-13,Статья 12.8 ч.1 (Управление ТС в состоянии опьянения),1000,Не оплачен
372,1152,2026-05-09,Статья 12.16 ч.4 (Выезд на встречную полосу),5000,Не оплачен
373,436,2026-01-18,Статья 12.8 ч.1 (Управление ТС в состоянии опьянения),2000,Не оплачен
374,6,2026-05-09,Статья 12.8 ч.1 (Управление ТС в состоянии опьянения),4500,Не оплачен
375,987,2026-04-11,Статья 12.8 ч.1 (Управление ТС в состоянии опьянения),5000,Не оплачен
376,93,2026-01-18,Статья 12.6 (Непристегнутый ремень безопасности),5000,Не оплачен
377,438,2026-03-06,Статья 12.36.1 (Использование телефона за рулем),1000,Не оплачен
378,449,2026-01-18,Статья 12.18 (Непредоставление преимущества пешеходу),1500,Не оплачен
379,761,2026-04-03,Статья 12.9 ч.2 (Превышение скорости на 20-40 км/ч),3000,Оплачен
380,213,2026-03-28,Статья 12.8 ч.1 (Управление ТС в состоянии опьянения),2000,Оплачен
381,825,2026-05-01,Статья 12.12 ч.1 (Проезд на красный свет),3000,Не оплачен
382,89,2026-02-08,Статья 12.12 ч.1 (Проезд на красный свет),4500,Оплачен
383,305,2026-06-01,Статья 12.16 ч.4 (Выезд на встречную полосу),4500,Оплачен
384,384,2026-03-06,Статья 12.36.1 (Использование телефона за рулем),3500,Не оплачен
385,148,2026-04-27,Статья 12.19 ч.3 (Остановка на пешеходном переходе),1500,Не оплачен
386,270,2026-01-31,Статья 12.9 ч.2 (Превышение скорости на 20-40 км/ч),500,Оплачен
387,441,2026-03-05,Статья 12.9 ч.2 (Превышение скорости на 20-40 км/ч),4500,Оплачен
388,1168,2026-04-16,Статья 12.19 ч.3 (Остановка на пешеходном переходе),3000,Оплачен
389,469,2026-05-03,Статья 12.36.1 (Использование телефона за рулем),5000,Не оплачен
390,317,2026-05-13,Статья 12.6 (Непристегнутый ремень безопасности),1500,Оплачен
391,1012,2026-05-08,Статья 12.9 ч.2 (Превышение скорости на 20-40 км/ч),3500,Оплачен
392,552,2026-02-22,Статья 12.8 ч.1 (Управление ТС в состоянии опьянения),5000,Оплачен
393,280,2026-04-13,Статья 12.6 (Непристегнутый ремень безопасности),1000,Не оплачен
394,204,2026-03-01,Статья 12.36.1 (Использование телефона за рулем),5000,Оплачен
395,155,2026-04-04,Статья 12.18 (Непредоставление преимущества пешеходу),3500,Не оплачен
396,1189,2026-04-19,Статья 12.16 ч.4 (Выезд на встречную полосу),3000,Не оплачен
397,936,2026-01-03,Статья 12.16 ч.4 (Выезд на встречную полосу),1000,Не оплачен
398,661,2026-01-08,Статья 12.6 (Непристегнутый ремень безопасности),500,Оплачен
399,29,2026-02-11,Статья 12.19 ч.3 (Остановка на пешеходном переходе),5000,Не оплачен
400,973,2026-02-12,Статья 12.8 ч.1 (Управление ТС в состоянии опьянения),4000,Оплачен
401,1060,2026-01-18,Статья 12.6 (Непристегнутый ремень безопасности),2500,Не оплачен
402,488,2026-04-16,Статья 12.16 ч.4 (Выезд на встречную полосу),4000,Оплачен
403,223,2026-02-13,Статья 12.6 (Непристегнутый ремень безопасности),1500,Не оплачен
404,1000,2026-03-29,Статья 12.8 ч.1 (Управление ТС в состоянии опьянения),5000,Оплачен
405,503,2026-01-28,Статья 12.9 ч.2 (Превышение скорости на 20-40 км/ч),5000,Не оплачен
406,289,2026-04-24,Статья 12.9 ч.2 (Превышение скорости на 20-40 км/ч),3500,Не оплачен
407,433,2026-02-27,Статья 12.16 ч.4 (Выезд на встречную полосу),4500,Оплачен
408,444,2026-05-26,Статья 12.9 ч.2 (Превышение скорости на 20-40 км/ч),2000,Оплачен
409,448,2026-01-10,Статья 12.6 (Непристегнутый ремень безопасности),5000,Оплачен
410,1005,2026-05-03,Статья 12.16 ч.4 (Выезд на встречную полосу),4000,Оплачен
411,982,2026-04-04,Статья 12.12 ч.1 (Проезд на красный свет),1000,Не оплачен
412,1105,2026-01-18,Статья 12.6 (Непристегнутый ремень безопасности),500,Оплачен
413,81,2026-04-10,Статья 12.16 ч.4 (Выезд на встречную полосу),3500,Оплачен
414,538,2026-04-29,Статья 12.18 (Непредоставление преимущества пешеходу),2000,Не оплачен
415,1154,2026-05-26,Статья 12.36.1 (Использование телефона за рулем),2500,Не оплачен
416,300,2026-05-12,Статья 12.12 ч.1 (Проезд на красный свет),3500,Оплачен
417,298,2026-02-14,Статья 12.16 ч.4 (Выезд на встречную полосу),4000,Не оплачен
418,1009,2026-05-28,Статья 12.36.1 (Использование телефона за рулем),4000,Оплачен
419,79,2026-01-25,Статья 12.36.1 (Использование телефона за рулем),2000,Оплачен
420,1108,2026-05-11,Статья 12.6 (Непристегнутый ремень безопасности),500,Оплачен
421,1127,2026-05-09,Статья 12.12 ч.1 (Проезд на красный свет),1000,Оплачен
422,737,2026-05-21,Статья 12.12 ч.1 (Проезд на красный свет),2000,Оплачен
423,26,2026-01-19,Статья 12.19 ч.3 (Остановка на пешеходном переходе),5000,Оплачен
424,1153,2026-02-03,Статья 12.18 (Непредоставление преимущества пешеходу),1500,Не оплачен
425,649,2026-02-28,Статья 12.18 (Непредоставление преимущества пешеходу),3500,Оплачен
426,1101,2026-05-19,Статья 12.16 ч.4 (Выезд на встречную полосу),500,Не оплачен
427,230,2026-04-09,Статья 12.18 (Непредоставление преимущества пешеходу),500,Оплачен
428,347,2026-02-15,Статья 12.6 (Непристегнутый ремень безопасности),4000,Оплачен
429,868,2026-06-01,Статья 12.36.1 (Использование телефона за рулем),2000,Не оплачен
430,56,2026-05-19,Статья 12.18 (Непредоставление преимущества пешеходу),5000,Оплачен
431,1106,2026-04-15,Статья 12.36.1 (Использование телефона за рулем),4500,Оплачен
432,325,2026-01-04,Статья 12.9 ч.2 (Превышение скорости на 20-40 км/ч),3000,Не оплачен
433,1,2026-03-22,Статья 12.6 (Непристегнутый ремень безопасности),2000,Не оплачен
434,270,2026-02-23,Статья 12.12 ч.1 (Проезд на красный свет),2500,Не оплачен
435,454,2026-02-21,Статья 12.18 (Непредоставление преимущества пешеходу),3500,Не оплачен
436,648,2026-04-10,Статья 12.36.1 (Использование телефона за рулем),4000,Не оплачен
437,341,2026-03-27,Статья 12.9 ч.2 (Превышение скорости на 20-40 км/ч),3000,Оплачен
438,665,2026-01-25,Статья 12.6 (Непристегнутый ремень безопасности),3500,Не оплачен
439,689,2026-02-11,Статья 12.16 ч.4 (Выезд на встречную полосу),4500,Не оплачен
440,173,2026-02-01,Статья 12.9 ч.2 (Превышение скорости на 20-40 км/ч),1000,Оплачен
441,987,2026-04-12,Статья 12.36.1 (Использование телефона за рулем),3500,Оплачен
442,91,2026-05-22,Статья 12.19 ч.3 (Остановка на пешеходном переходе),4000,Оплачен
443,826,2026-04-20,Статья 12.9 ч.2 (Превышение скорости на 20-40 км/ч),2500,Не оплачен
444,299,2026-06-01,Статья 12.16 ч.4 (Выезд на встречную полосу),4500,Не оплачен
445,914,2026-05-20,Статья 12.19 ч.3 (Остановка на пешеходном переходе),1000,Оплачен
446,67,2026-05-29,Статья 12.18 (Непредоставление преимущества пешеходу),5000,Не оплачен
447,478,2026-01-18,Статья 12.18 (Непредоставление преимущества пешеходу),1500,Не оплачен
448,724,2026-01-29,Статья 12.36.1 (Использование телефона за рулем),1000,Оплачен
449,518,2026-01-11,Статья 12.9 ч.2 (Превышение скорости на 20-40 км/ч),4500,Не оплачен
450,923,2026-04-19,Статья 12.9 ч.2 (Превышение скорости на 20-40 км/ч),2500,Не оплачен
451,541,2026-03-04,Статья 12.16 ч.4 (Выезд на встречную полосу),5000,Не оплачен
452,660,2026-04-01,Статья 12.18 (Непредоставление преимущества пешеходу),3500,Оплачен
453,1118,2026-05-18,Статья 12.36.1 (Использование телефона за рулем),2500,Не оплачен
454,783,2026-01-30,Статья 12.19 ч.3 (Остановка на пешеходном переходе),5000,Оплачен
455,1055,2026-02-07,Статья 12.36.1 (Использование телефона за рулем),500,Не оплачен
456,172,2026-02-11,Статья 12.19 ч.3 (Остановка на пешеходном переходе),1000,Не оплачен
457,472,2026-03-28,Статья 12.19 ч.3 (Остановка на пешеходном переходе),2500,Оплачен
458,760,2026-02-23,Статья 12.16 ч.4 (Выезд на встречную полосу),5000,Не оплачен
459,944,2026-01-19,Статья 12.36.1 (Использование телефона за рулем),2000,Оплачен
460,157,2026-04-04,Статья 12.19 ч.3 (Остановка на пешеходном переходе),3000,Не оплачен
461,1036,2026-03-25,Статья 12.36.1 (Использование телефона за рулем),2500,Оплачен
462,180,2026-05-01,Статья 12.18 (Непредоставление преимущества пешеходу),3500,Не оплачен
463,1080,2026-04-10,Статья 12.8 ч.1 (Управление ТС в состоянии опьянения),1500,Не оплачен
464,62,2026-03-17,Статья 12.9 ч.2 (Превышение скорости на 20-40 км/ч),1500,Не оплачен
465,273,2026-05-06,Статья 12.12 ч.1 (Проезд на красный свет),2000,Оплачен
466,939,2026-03-15,Статья 12.8 ч.1 (Управление ТС в состоянии опьянения),2500,Оплачен
467,424,2026-01-24,Статья 12.16 ч.4 (Выезд на встречную полосу),2000,Оплачен
468,989,2026-01-09,Статья 12.18 (Непредоставление преимущества пешеходу),3500,Не оплачен
469,340,2026-02-04,Статья 12.9 ч.2 (Превышение скорости на 20-40 км/ч),2500,Не оплачен
470,712,2026-03-27,Статья 12.9 ч.2 (Превышение скорости на 20-40 км/ч),4500,Не оплачен
471,674,2026-03-17,Статья 12.6 (Непристегнутый ремень безопасности),1500,Оплачен
472,119,2026-01-19,Статья 12.8 ч.1 (Управление ТС в состоянии опьянения),3500,Не оплачен
473,176,2026-03-19,Статья 12.9 ч.2 (Превышение скорости на 20-40 км/ч),1500,Не оплачен
474,507,2026-04-14,Статья 12.19 ч.3 (Остановка на пешеходном переходе),4500,Не оплачен
475,462,2026-01-22,Статья 12.8 ч.1 (Управление ТС в состоянии опьянения),2500,Не оплачен
476,911,2026-05-09,Статья 12.12 ч.1 (Проезд на красный свет),500,Не оплачен
477,410,2026-04-23,Статья 12.9 ч.2 (Превышение скорости на 20-40 км/ч),500,Не оплачен
478,477,2026-04-21,Статья 12.12 ч.1 (Проезд на красный свет),1000,Не оплачен
479,1047,2026-03-06,Статья 12.19 ч.3 (Остановка на пешеходном переходе),1500,Не оплачен
480,1160,2026-03-05,Статья 12.12 ч.1 (Проезд на красный свет),3500,Не оплачен
481,331,2026-05-22,Статья 12.6 (Непристегнутый ремень безопасности),1500,Оплачен
482,923,2026-02-24,Статья 12.18 (Непредоставление преимущества пешеходу),3000,Оплачен
483,622,2026-02-03,Статья 12.19 ч.3 (Остановка на пешеходном переходе),5000,Оплачен
484,465,2026-04-02,Статья 12.9 ч.2 (Превышение скорости на 20-40 км/ч),1500,Оплачен
485,1037,2026-06-01,Статья 12.36.1 (Использование телефона за рулем),3500,Оплачен
486,563,2026-03-21,Статья 12.12 ч.1 (Проезд на красный свет),1500,Не оплачен
487,411,2026-01-03,Статья 12.18 (Непредоставление преимущества пешеходу),2500,Оплачен
488,1059,2026-01-31,Статья 12.16 ч.4 (Выезд на встречную полосу),2000,Оплачен
489,115,2026-02-10,Статья 12.16 ч.4 (Выезд на встречную полосу),500,Оплачен
490,723,2026-03-07,Статья 12.9 ч.2 (Превышение скорости на 20-40 км/ч),500,Оплачен
491,965,2026-04-01,Статья 12.12 ч.1 (Проезд на красный свет),4000,Не оплачен
492,549,2026-02-15,Статья 12.9 ч.2 (Превышение скорости на 20-40 км/ч),4500,Оплачен
493,429,2026-02-26,Статья 12.9 ч.2 (Превышение скорости на 20-40 км/ч),4500,Не оплачен
494,112,2026-02-10,Статья 12.16 ч.4 (Выезд на встречную полосу),2000,Не оплачен
495,542,2026-05-09,Статья 12.19 ч.3 (Остановка на пешеходном переходе),4000,Оплачен
496,1108,2026-01-01,Статья 12.12 ч.1 (Проезд на красный свет),4000,Оплачен
497,1087,2026-03-01,Статья 12.6 (Непристегнутый ремень безопасности),4000,Не оплачен
498,219,2026-05-26,Статья 12.9 ч.2 (Превышение скорости на 20-40 км/ч),4500,Оплачен
499,1172,2026-03-31,Статья 12.18 (Непредоставление преимущества пешеходу),2000,Не оплачен
500,174,2026-02-15,Статья 12.6 (Непристегнутый ремень безопасности),2000,Не оплачен
501,475,2026-02-21,Статья 12.6 (Непристегнутый ремень безопасности),2000,Оплачен
502,267,2026-01-25,Статья 12.6 (Непристегнутый ремень безопасности),3000,Не оплачен
503,89,2026-01-29,Статья 12.8 ч.1 (Управление ТС в состоянии опьянения),2500,Не оплачен
504,1021,2026-03-30,Статья 12.12 ч.1 (Проезд на красный свет),2500,Не оплачен
505,1113,2026-01-01,Статья 12.9 ч.2 (Превышение скорости на 20-40 км/ч),4500,Оплачен
506,796,2026-04-06,Статья 12.6 (Непристегнутый ремень безопасности),2500,Не оплачен
507,47,2026-03-26,Статья 12.18 (Непредоставление преимущества пешеходу),2000,Не оплачен
508,674,2026-01-12,Статья 12.6 (Непристегнутый ремень безопасности),5000,Оплачен
509,443,2026-04-09,Статья 12.9 ч.2 (Превышение скорости на 20-40 км/ч),1000,Не оплачен
510,1159,2026-05-08,Статья 12.8 ч.1 (Управление ТС в состоянии опьянения),4500,Не оплачен
511,823,2026-03-16,Статья 12.19 ч.3 (Остановка на пешеходном переходе),500,Не оплачен
512,473,2026-01-18,Статья 12.18 (Непредоставление преимущества пешеходу),2000,Оплачен
513,715,2026-01-29,Статья 12.16 ч.4 (Выезд на встречную полосу),4500,Оплачен
514,267,2026-03-24,Статья 12.16 ч.4 (Выезд на встречную полосу),2500,Не оплачен
515,866,2026-01-29,Статья 12.19 ч.3 (Остановка на пешеходном переходе),1500,Не оплачен
516,675,2026-01-03,Статья 12.8 ч.1 (Управление ТС в состоянии опьянения),4000,Оплачен
517,486,2026-01-25,Статья 12.8 ч.1 (Управление ТС в состоянии опьянения),4500,Не оплачен
518,1142,2026-04-16,Статья 12.12 ч.1 (Проезд на красный свет),2000,Оплачен
519,597,2026-05-04,Статья 12.18 (Непредоставление преимущества пешеходу),500,Не оплачен
520,637,2026-05-27,Статья 12.16 ч.4 (Выезд на встречную полосу),4500,Оплачен
521,950,2026-04-06,Статья 12.12 ч.1 (Проезд на красный свет),1500,Не оплачен
522,40,2026-02-21,Статья 12.12 ч.1 (Проезд на красный свет),500,Оплачен
523,294,2026-05-15,Статья 12.6 (Непристегнутый ремень безопасности),4000,Оплачен
524,87,2026-01-25,Статья 12.9 ч.2 (Превышение скорости на 20-40 км/ч),4000,Не оплачен
525,1142,2026-01-31,Статья 12.36.1 (Использование телефона за рулем),5000,Оплачен
526,1154,2026-03-07,Статья 12.19 ч.3 (Остановка на пешеходном переходе),1000,Не оплачен
527,619,2026-01-19,Статья 12.8 ч.1 (Управление ТС в состоянии опьянения),4000,Оплачен
528,951,2026-04-22,Статья 12.18 (Непредоставление преимущества пешеходу),4500,Не оплачен
529,1084,2026-01-12,Статья 12.19 ч.3 (Остановка на пешеходном переходе),1000,Не оплачен
530,147,2026-05-05,Статья 12.16 ч.4 (Выезд на встречную полосу),4500,Оплачен
531,568,2026-01-11,Статья 12.16 ч.4 (Выезд на встречную полосу),2500,Оплачен
532,275,2026-01-17,Статья 12.8 ч.1 (Управление ТС в состоянии опьянения),500,Оплачен
533,14,2026-05-10,Статья 12.8 ч.1 (Управление ТС в состоянии опьянения),5000,Не оплачен
534,825,2026-05-24,Статья 12.18 (Непредоставление преимущества пешеходу),2500,Оплачен
535,1004,2026-04-27,Статья 12.6 (Непристегнутый ремень безопасности),3000,Не оплачен
536,358,2026-05-21,Статья 12.36.1 (Использование телефона за рулем),2500,Оплачен
537,1150,2026-04-25,Статья 12.36.1 (Использование телефона за рулем),4500,Не оплачен
538,681,2026-05-31,Статья 12.16 ч.4 (Выезд на встречную полосу),2000,Оплачен
539,70,2026-03-07,Статья 12.18 (Непредоставление преимущества пешеходу),4000,Не оплачен
540,895,2026-02-11,Статья 12.9 ч.2 (Превышение скорости на 20-40 км/ч),2500,Оплачен
541,173,2026-01-10,Статья 12.6 (Непристегнутый ремень безопасности),4000,Не оплачен
542,115,2026-03-04,Статья 12.6 (Непристегнутый ремень безопасности),3500,Оплачен
543,883,2026-02-20,Статья 12.16 ч.4 (Выезд на встречную полосу),4500,Не оплачен
544,1048,2026-03-24,Статья 12.8 ч.1 (Управление ТС в состоянии опьянения),4000,Не оплачен
545,718,2026-04-29,Статья 12.16 ч.4 (Выезд на встречную полосу),500,Не оплачен
546,1091,2026-02-24,Статья 12.18 (Непредоставление преимущества пешеходу),500,Не оплачен
547,331,2026-05-19,Статья 12.19 ч.3 (Остановка на пешеходном переходе),4500,Не оплачен
548,109,2026-03-19,Статья 12.12 ч.1 (Проезд на красный свет),1000,Оплачен
549,1160,2026-02-17,Статья 12.16 ч.4 (Выезд на встречную полосу),2000,Оплачен
550,830,2026-02-15,Статья 12.16 ч.4 (Выезд на встречную полосу),500,Не оплачен
551,893,2026-03-17,Статья 12.16 ч.4 (Выезд на встречную полосу),2500,Не оплачен
552,182,2026-03-16,Статья 12.19 ч.3 (Остановка на пешеходном переходе),4500,Не оплачен
553,3,2026-02-23,Статья 12.18 (Непредоставление преимущества пешеходу),3500,Оплачен
554,231,2026-02-05,Статья 12.18 (Непредоставление преимущества пешеходу),500,Не оплачен
555,844,2026-01-19,Статья 12.6 (Непристегнутый ремень безопасности),5000,Не оплачен
556,1076,2026-04-30,Статья 12.19 ч.3 (Остановка на пешеходном переходе),3500,Оплачен
557,308,2026-02-15,Статья 12.8 ч.1 (Управление ТС в состоянии опьянения),3500,Не оплачен
558,701,2026-03-11,Статья 12.18 (Непредоставление преимущества пешеходу),5000,Оплачен
559,385,2026-02-14,Статья 12.9 ч.2 (Превышение скорости на 20-40 км/ч),1500,Не оплачен
560,11,2026-02-28,Статья 12.19 ч.3 (Остановка на пешеходном переходе),3000,Не оплачен
561,151,2026-01-28,Статья 12.36.1 (Использование телефона за рулем),1000,Не оплачен
562,439,2026-05-30,Статья 12.19 ч.3 (Остановка на пешеходном переходе),1500,Не оплачен
563,742,2026-02-17,Статья 12.36.1 (Использование телефона за рулем),4500,Оплачен
564,408,2026-03-03,Статья 12.16 ч.4 (Выезд на встречную полосу),5000,Не оплачен
565,297,2026-05-21,Статья 12.18 (Непредоставление преимущества пешеходу),500,Оплачен
566,933,2026-02-03,Статья 12.8 ч.1 (Управление ТС в состоянии опьянения),2000,Не оплачен
567,1113,2026-05-26,Статья 12.18 (Непредоставление преимущества пешеходу),3000,Оплачен
568,10,2026-03-06,Статья 12.19 ч.3 (Остановка на пешеходном переходе),1000,Оплачен
569,755,2026-05-06,Статья 12.9 ч.2 (Превышение скорости на 20-40 км/ч),5000,Оплачен
570,1033,2026-05-16,Статья 12.16 ч.4 (Выезд на встречную полосу),2000,Оплачен
571,1190,2026-01-01,Статья 12.8 ч.1 (Управление ТС в состоянии опьянения),4000,Не оплачен
572,495,2026-05-04,Статья 12.6 (Непристегнутый ремень безопасности),1000,Оплачен
573,549,2026-01-28,Статья 12.8 ч.1 (Управление ТС в состоянии опьянения),2500,Оплачен
574,1185,2026-02-21,Статья 12.36.1 (Использование телефона за рулем),5000,Оплачен
575,1134,2026-05-13,Статья 12.9 ч.2 (Превышение скорости на 20-40 км/ч),2000,Не оплачен
576,913,2026-04-21,Статья 12.19 ч.3 (Остановка на пешеходном переходе),1000,Не оплачен
577,72,2026-01-15,Статья 12.12 ч.1 (Проезд на красный свет),5000,Оплачен
578,733,2026-04-06,Статья 12.18 (Непредоставление преимущества пешеходу),2000,Оплачен
579,172,2026-04-10,Статья 12.9 ч.2 (Превышение скорости на 20-40 км/ч),500,Оплачен
580,20,2026-06-01,Статья 12.9 ч.2 (Превышение скорости на 20-40 км/ч),2000,Не оплачен
581,361,2026-01-17,Статья 12.19 ч.3 (Остановка на пешеходном переходе),3500,Оплачен
582,594,2026-05-10,Статья 12.6 (Непристегнутый ремень безопасности),1500,Не оплачен
583,106,2026-01-27,Статья 12.6 (Непристегнутый ремень безопасности),2500,Не оплачен
584,788,2026-03-23,Статья 12.36.1 (Использование телефона за рулем),1500,Не оплачен
585,651,2026-01-11,Статья 12.19 ч.3 (Остановка на пешеходном переходе),1500,Оплачен
586,404,2026-01-05,Статья 12.18 (Непредоставление преимущества пешеходу),5000,Оплачен
587,328,2026-04-17,Статья 12.6 (Непристегнутый ремень безопасности),2000,Не оплачен
588,56,2026-01-12,Статья 12.16 ч.4 (Выезд на встречную полосу),2500,Не оплачен
589,567,2026-01-24,Статья 12.8 ч.1 (Управление ТС в состоянии опьянения),4500,Не оплачен
590,540,2026-01-14,Статья 12.36.1 (Использование телефона за рулем),3000,Оплачен
591,402,2026-01-03,Статья 12.19 ч.3 (Остановка на пешеходном переходе),3500,Оплачен
592,316,2026-05-17,Статья 12.19 ч.3 (Остановка на пешеходном переходе),3500,Оплачен
593,921,2026-03-21,Статья 12.36.1 (Использование телефона за рулем),3500,Оплачен
594,1041,2026-02-10,Статья 12.9 ч.2 (Превышение скорости на 20-40 км/ч),4500,Не оплачен
595,450,2026-06-01,Статья 12.19 ч.3 (Остановка на пешеходном переходе),1000,Оплачен
596,389,2026-04-06,Статья 12.9 ч.2 (Превышение скорости на 20-40 км/ч),1000,Не оплачен
597,774,2026-03-05,Статья 12.16 ч.4 (Выезд на встречную полосу),2000,Не оплачен
598,946,2026-01-08,Статья 12.16 ч.4 (Выезд на встречную полосу),5000,Оплачен
599,1146,2026-02-20,Статья 12.36.1 (Использование телефона за рулем),1000,Не оплачен
600,249,2026-01-22,Статья 12.8 ч.1 (Управление ТС в состоянии опьянения),4500,Не оплачен
601,1182,2026-05-29,Статья 12.12 ч.1 (Проезд на красный свет),3000,Оплачен
602,1189,2026-02-02,Статья 12.12 ч.1 (Проезд на красный свет),4000,Не оплачен
603,869,2026-03-31,Статья 12.12 ч.1 (Проезд на красный свет),2500,Оплачен
604,1084,2026-03-11,Статья 12.16 ч.4 (Выезд на встречную полосу),4000,Оплачен
605,214,2026-04-23,Статья 12.6 (Непристегнутый ремень безопасности),4000,Не оплачен
606,1055,2026-04-18,Статья 12.36.1 (Использование телефона за рулем),5000,Не оплачен
607,865,2026-03-10,Статья 12.9 ч.2 (Превышение скорости на 20-40 км/ч),2500,Оплачен
608,965,2026-05-25,Статья 12.6 (Непристегнутый ремень безопасности),2000,Оплачен
609,366,2026-03-22,Статья 12.8 ч.1 (Управление ТС в состоянии опьянения),2500,Оплачен
610,129,2026-04-21,Статья 12.12 ч.1 (Проезд на красный свет),5000,Оплачен
611,477,2026-01-31,Статья 12.19 ч.3 (Остановка на пешеходном переходе),3500,Оплачен
612,675,2026-05-01,Статья 12.8 ч.1 (Управление ТС в состоянии опьянения),4500,Не оплачен
613,777,2026-02-28,Статья 12.36.1 (Использование телефона за рулем),5000,Оплачен
614,235,2026-05-11,Статья 12.16 ч.4 (Выезд на встречную полосу),5000,Не оплачен
615,93,2026-02-11,Статья 12.9 ч.2 (Превышение скорости на 20-40 км/ч),4000,Не оплачен
616,966,2026-03-18,Статья 12.8 ч.1 (Управление ТС в состоянии опьянения),4500,Не оплачен
617,369,2026-04-03,Статья 12.6 (Непристегнутый ремень безопасности),3000,Не оплачен
618,801,2026-02-09,Статья 12.16 ч.4 (Выезд на встречную полосу),4000,Оплачен
619,879,2026-05-08,Статья 12.6 (Непристегнутый ремень безопасности),2000,Не оплачен
620,1132,2026-05-27,Статья 12.9 ч.2 (Превышение скорости на 20-40 км/ч),3500,Оплачен
621,243,2026-05-09,Статья 12.36.1 (Использование телефона за рулем),4000,Оплачен
622,340,2026-02-01,Статья 12.18 (Непредоставление преимущества пешеходу),3000,Не оплачен
623,889,2026-02-03,Статья 12.19 ч.3 (Остановка на пешеходном переходе),3500,Не оплачен
624,699,2026-01-02,Статья 12.12 ч.1 (Проезд на красный свет),5000,Не оплачен
625,635,2026-02-03,Статья 12.9 ч.2 (Превышение скорости на 20-40 км/ч),500,Не оплачен
626,1144,2026-01-02,Статья 12.16 ч.4 (Выезд на встречную полосу),5000,Не оплачен
627,1198,2026-03-11,Статья 12.18 (Непредоставление преимущества пешеходу),3000,Не оплачен
628,1145,2026-02-27,Статья 12.36.1 (Использование телефона за рулем),500,Оплачен
629,649,2026-03-03,Статья 12.19 ч.3 (Остановка на пешеходном переходе),2000,Не оплачен
630,93,2026-05-14,Статья 12.36.1 (Использование телефона за рулем),4500,Оплачен
631,190,2026-02-05,Статья 12.9 ч.2 (Превышение скорости на 20-40 км/ч),1000,Не оплачен
632,836,2026-06-01,Статья 12.8 ч.1 (Управление ТС в состоянии опьянения),2000,Не оплачен
633,313,2026-01-27,Статья 12.12 ч.1 (Проезд на красный свет),1500,Оплачен
634,973,2026-02-07,Статья 12.12 ч.1 (Проезд на красный свет),2000,Не оплачен
635,240,2026-04-09,Статья 12.6 (Непристегнутый ремень безопасности),3000,Оплачен
636,425,2026-01-08,Статья 12.9 ч.2 (Превышение скорости на 20-40 км/ч),500,Оплачен
637,1142,2026-01-19,Статья 12.36.1 (Использование телефона за рулем),5000,Оплачен
638,518,2026-01-20,Статья 12.36.1 (Использование телефона за рулем),3500,Не оплачен
639,1112,2026-03-21,Статья 12.6 (Непристегнутый ремень безопасности),1500,Не оплачен
640,400,2026-04-06,Статья 12.9 ч.2 (Превышение скорости на 20-40 км/ч),3500,Не оплачен
641,1068,2026-01-14,Статья 12.9 ч.2 (Превышение скорости на 20-40 км/ч),1000,Не оплачен
642,40,2026-02-13,Статья 12.19 ч.3 (Остановка на пешеходном переходе),3000,Не оплачен
643,944,2026-04-25,Статья 12.6 (Непристегнутый ремень безопасности),1500,Не оплачен
644,1025,2026-01-17,Статья 12.36.1 (Использование телефона за рулем),3500,Оплачен
645,276,2026-01-21,Статья 12.8 ч.1 (Управление ТС в состоянии опьянения),4000,Оплачен
646,512,2026-02-22,Статья 12.18 (Непредоставление преимущества пешеходу),500,Не оплачен
647,1050,2026-01-08,Статья 12.8 ч.1 (Управление ТС в состоянии опьянения),500,Оплачен
648,1115,2026-04-11,Статья 12.16 ч.4 (Выезд на встречную полосу),3000,Не оплачен
649,384,2026-03-18,Статья 12.9 ч.2 (Превышение скорости на 20-40 км/ч),3500,Не оплачен
650,840,2026-03-23,Статья 12.19 ч.3 (Остановка на пешеходном переходе),3500,Не оплачен
651,833,2026-04-22,Статья 12.16 ч.4 (Выезд на встречную полосу),1500,Не оплачен
652,306,2026-02-14,Статья 12.16 ч.4 (Выезд на встречную полосу),1000,Не оплачен
653,992,2026-02-16,Статья 12.19 ч.3 (Остановка на пешеходном переходе),4000,Не оплачен
654,626,2026-02-22,Статья 12.16 ч.4 (Выезд на встречную полосу),1000,Не оплачен
655,719,2026-05-06,Статья 12.16 ч.4 (Выезд на встречную полосу),500,Оплачен
656,726,2026-04-10,Статья 12.36.1 (Использование телефона за рулем),500,Оплачен
657,155,2026-03-10,Статья 12.8 ч.1 (Управление ТС в состоянии опьянения),4000,Оплачен
658,1101,2026-03-17,Статья 12.12 ч.1 (Проезд на красный свет),500,Оплачен
659,565,2026-04-07,Статья 12.8 ч.1 (Управление ТС в состоянии опьянения),500,Не оплачен
660,435,2026-04-27,Статья 12.6 (Непристегнутый ремень безопасности),2000,Оплачен
661,943,2026-02-05,Статья 12.8 ч.1 (Управление ТС в состоянии опьянения),3000,Оплачен
662,123,2026-04-11,Статья 12.18 (Непредоставление преимущества пешеходу),2000,Не оплачен
663,1097,2026-01-30,Статья 12.36.1 (Использование телефона за рулем),1000,Оплачен
664,243,2026-05-21,Статья 12.8 ч.1 (Управление ТС в состоянии опьянения),4000,Оплачен
665,634,2026-04-17,Статья 12.8 ч.1 (Управление ТС в состоянии опьянения),3000,Оплачен
666,271,2026-01-13,Статья 12.12 ч.1 (Проезд на красный свет),4000,Не оплачен
667,735,2026-02-05,Статья 12.19 ч.3 (Остановка на пешеходном переходе),5000,Оплачен
668,579,2026-05-27,Статья 12.12 ч.1 (Проезд на красный свет),500,Не оплачен
669,1173,2026-05-11,Статья 12.9 ч.2 (Превышение скорости на 20-40 км/ч),4000,Не оплачен
670,375,2026-02-23,Статья 12.19 ч.3 (Остановка на пешеходном переходе),2500,Оплачен
671,721,2026-02-09,Статья 12.9 ч.2 (Превышение скорости на 20-40 км/ч),1500,Не оплачен
672,490,2026-04-23,Статья 12.36.1 (Использование телефона за рулем),500,Оплачен
673,27,2026-01-20,Статья 12.6 (Непристегнутый ремень безопасности),2500,Не оплачен
674,912,2026-04-14,Статья 12.18 (Непредоставление преимущества пешеходу),500,Оплачен
675,691,2026-05-15,Статья 12.36.1 (Использование телефона за рулем),2000,Не оплачен
676,886,2026-02-15,Статья 12.19 ч.3 (Остановка на пешеходном переходе),4500,Оплачен
677,798,2026-04-26,Статья 12.16 ч.4 (Выезд на встречную полосу),5000,Не оплачен
678,609,2026-03-03,Статья 12.8 ч.1 (Управление ТС в состоянии опьянения),2000,Не оплачен
679,433,2026-01-06,Статья 12.6 (Непристегнутый ремень безопасности),3000,Не оплачен
680,1179,2026-04-03,Статья 12.36.1 (Использование телефона за рулем),4500,Оплачен
681,95,2026-02-16,Статья 12.36.1 (Использование телефона за рулем),3500,Оплачен
682,164,2026-05-18,Статья 12.16 ч.4 (Выезд на встречную полосу),3000,Оплачен
683,693,2026-04-28,Статья 12.36.1 (Использование телефона за рулем),2500,Оплачен
684,234,2026-01-01,Статья 12.8 ч.1 (Управление ТС в состоянии опьянения),3500,Оплачен
685,858,2026-05-25,Статья 12.16 ч.4 (Выезд на встречную полосу),500,Оплачен
686,127,2026-05-20,Статья 12.18 (Непредоставление преимущества пешеходу),3500,Не оплачен
687,389,2026-04-09,Статья 12.19 ч.3 (Остановка на пешеходном переходе),3000,Оплачен
688,110,2026-02-27,Статья 12.19 ч.3 (Остановка на пешеходном переходе),3500,Оплачен
689,886,2026-04-03,Статья 12.12 ч.1 (Проезд на красный свет),5000,Не оплачен
690,689,2026-02-26,Статья 12.19 ч.3 (Остановка на пешеходном переходе),1500,Не оплачен
691,1161,2026-01-15,Статья 12.36.1 (Использование телефона за рулем),2000,Не оплачен
692,1040,2026-01-16,Статья 12.16 ч.4 (Выезд на встречную полосу),5000,Не оплачен
693,139,2026-01-15,Статья 12.16 ч.4 (Выезд на встречную полосу),4500,Оплачен
694,1133,2026-04-30,Статья 12.8 ч.1 (Управление ТС в состоянии опьянения),3500,Не оплачен
695,830,2026-02-26,Статья 12.6 (Непристегнутый ремень безопасности),2500,Оплачен
696,926,2026-05-06,Статья 12.19 ч.3 (Остановка на пешеходном переходе),3000,Оплачен
697,412,2026-02-15,Статья 12.9 ч.2 (Превышение скорости на 20-40 км/ч),1000,Не оплачен
698,266,2026-01-09,Статья 12.12 ч.1 (Проезд на красный свет),500,Не оплачен
699,1007,2026-05-25,Статья 12.36.1 (Использование телефона за рулем),3500,Не оплачен
700,1189,2026-06-01,Статья 12.8 ч.1 (Управление ТС в состоянии опьянения),4500,Не оплачен
701,537,2026-05-03,Статья 12.19 ч.3 (Остановка на пешеходном переходе),500,Не оплачен
702,348,2026-02-20,Статья 12.19 ч.3 (Остановка на пешеходном переходе),5000,Не оплачен
703,388,2026-01-02,Статья 12.16 ч.4 (Выезд на встречную полосу),1500,Оплачен
704,541,2026-02-08,Статья 12.18 (Непредоставление преимущества пешеходу),3000,Не оплачен
705,629,2026-03-27,Статья 12.9 ч.2 (Превышение скорости на 20-40 км/ч),3000,Оплачен
706,291,2026-02-11,Статья 12.12 ч.1 (Проезд на красный свет),2500,Не оплачен
707,356,2026-02-11,Статья 12.12 ч.1 (Проезд на красный свет),1000,Оплачен
708,470,2026-05-11,Статья 12.12 ч.1 (Проезд на красный свет),2000,Оплачен
709,516,2026-05-18,Статья 12.12 ч.1 (Проезд на красный свет),5000,Не оплачен
710,813,2026-04-24,Статья 12.18 (Непредоставление преимущества пешеходу),1500,Не оплачен
711,439,2026-05-18,Статья 12.6 (Непристегнутый ремень безопасности),3500,Оплачен
712,807,2026-05-06,Статья 12.16 ч.4 (Выезд на встречную полосу),1000,Оплачен
713,430,2026-05-26,Статья 12.19 ч.3 (Остановка на пешеходном переходе),5000,Не оплачен
714,206,2026-02-24,Статья 12.19 ч.3 (Остановка на пешеходном переходе),2500,Оплачен
715,836,2026-03-07,Статья 12.12 ч.1 (Проезд на красный свет),2500,Оплачен
716,99,2026-05-14,Статья 12.6 (Непристегнутый ремень безопасности),4500,Не оплачен
717,1165,2026-01-11,Статья 12.19 ч.3 (Остановка на пешеходном переходе),3000,Оплачен
718,1111,2026-02-07,Статья 12.12 ч.1 (Проезд на красный свет),1000,Оплачен
719,1057,2026-01-03,Статья 12.36.1 (Использование телефона за рулем),4000,Оплачен
720,54,2026-05-30,Статья 12.36.1 (Использование телефона за рулем),3000,Оплачен
721,171,2026-04-25,Статья 12.8 ч.1 (Управление ТС в состоянии опьянения),3000,Оплачен
722,1138,2026-02-19,Статья 12.18 (Непредоставление преимущества пешеходу),1000,Не оплачен
723,1013,2026-01-28,Статья 12.18 (Непредоставление преимущества пешеходу),500,Не оплачен
724,612,2026-01-04,Статья 12.6 (Непристегнутый ремень безопасности),3000,Оплачен
725,499,2026-02-14,Статья 12.8 ч.1 (Управление ТС в состоянии опьянения),4000,Не оплачен
726,533,2026-04-06,Статья 12.19 ч.3 (Остановка на пешеходном переходе),4000,Оплачен
727,64,2026-02-24,Статья 12.16 ч.4 (Выезд на встречную полосу),3000,Оплачен
728,829,2026-03-15,Статья 12.12 ч.1 (Проезд на красный свет),4500,Не оплачен
729,63,2026-01-26,Статья 12.8 ч.1 (Управление ТС в состоянии опьянения),500,Не оплачен
730,1075,2026-04-20,Статья 12.12 ч.1 (Проезд на красный свет),5000,Не оплачен
731,476,2026-02-11,Статья 12.36.1 (Использование телефона за рулем),1000,Не оплачен
732,852,2026-01-04,Статья 12.16 ч.4 (Выезд на встречную полосу),1000,Оплачен
733,750,2026-01-23,Статья 12.16 ч.4 (Выезд на встречную полосу),500,Не оплачен
734,1198,2026-01-17,Статья 12.6 (Непристегнутый ремень безопасности),4000,Не оплачен
735,937,2026-01-21,Статья 12.6 (Непристегнутый ремень безопасности),2000,Не оплачен
736,1077,2026-01-29,Статья 12.18 (Непредоставление преимущества пешеходу),2500,Не оплачен
737,1182,2026-03-31,Статья 12.36.1 (Использование телефона за рулем),1000,Оплачен
738,573,2026-02-03,Статья 12.18 (Непредоставление преимущества пешеходу),2500,Не оплачен
739,554,2026-01-27,Статья 12.12 ч.1 (Проезд на красный свет),500,Не оплачен
740,7,2026-01-04,Статья 12.16 ч.4 (Выезд на встречную полосу),2500,Оплачен
741,357,2026-05-21,Статья 12.36.1 (Использование телефона за рулем),4000,Не оплачен
742,427,2026-02-15,Статья 12.6 (Непристегнутый ремень безопасности),4000,Оплачен
743,197,2026-05-12,Статья 12.9 ч.2 (Превышение скорости на 20-40 км/ч),500,Оплачен
744,228,2026-01-13,Статья 12.8 ч.1 (Управление ТС в состоянии опьянения),2000,Не оплачен
745,1145,2026-04-02,Статья 12.19 ч.3 (Остановка на пешеходном переходе),3000,Оплачен
746,517,2026-04-10,Статья 12.18 (Непредоставление преимущества пешеходу),2000,Не оплачен
747,361,2026-03-12,Статья 12.12 ч.1 (Проезд на красный свет),3500,Не оплачен
748,267,2026-04-21,Статья 12.8 ч.1 (Управление ТС в состоянии опьянения),3000,Оплачен
749,615,2026-03-14,Статья 12.16 ч.4 (Выезд на встречную полосу),3500,Не оплачен
750,255,2026-02-13,Статья 12.16 ч.4 (Выезд на встречную полосу),5000,Не оплачен
751,419,2026-04-12,Статья 12.19 ч.3 (Остановка на пешеходном переходе),5000,Не оплачен
752,118,2026-02-06,Статья 12.18 (Непредоставление преимущества пешеходу),1000,Оплачен
753,474,2026-03-09,Статья 12.12 ч.1 (Проезд на красный свет),3500,Не оплачен
754,1090,2026-02-01,Статья 12.9 ч.2 (Превышение скорости на 20-40 км/ч),1500,Не оплачен
755,901,2026-04-20,Статья 12.12 ч.1 (Проезд на красный свет),1000,Оплачен
756,23,2026-03-11,Статья 12.16 ч.4 (Выезд на встречную полосу),4000,Не оплачен
757,375,2026-02-17,Статья 12.36.1 (Использование телефона за рулем),5000,Не оплачен
758,808,2026-01-16,Статья 12.18 (Непредоставление преимущества пешеходу),3500,Не оплачен
759,596,2026-02-02,Статья 12.6 (Непристегнутый ремень безопасности),2000,Не оплачен
760,463,2026-04-22,Статья 12.12 ч.1 (Проезд на красный свет),4500,Оплачен
761,227,2026-03-18,Статья 12.19 ч.3 (Остановка на пешеходном переходе),3500,Не оплачен
762,288,2026-03-12,Статья 12.8 ч.1 (Управление ТС в состоянии опьянения),2500,Не оплачен
763,79,2026-03-29,Статья 12.19 ч.3 (Остановка на пешеходном переходе),3500,Оплачен
764,573,2026-03-20,Статья 12.36.1 (Использование телефона за рулем),2000,Не оплачен
765,823,2026-05-09,Статья 12.6 (Непристегнутый ремень безопасности),2000,Не оплачен
766,167,2026-02-24,Статья 12.36.1 (Использование телефона за рулем),3000,Оплачен
767,1195,2026-04-24,Статья 12.18 (Непредоставление преимущества пешеходу),3500,Не оплачен
768,173,2026-05-13,Статья 12.6 (Непристегнутый ремень безопасности),1500,Оплачен
769,1035,2026-02-25,Статья 12.16 ч.4 (Выезд на встречную полосу),3000,Оплачен
770,3,2026-05-22,Статья 12.12 ч.1 (Проезд на красный свет),2500,Не оплачен
771,861,2026-02-18,Статья 12.19 ч.3 (Остановка на пешеходном переходе),1500,Не оплачен
772,455,2026-02-18,Статья 12.9 ч.2 (Превышение скорости на 20-40 км/ч),2000,Оплачен
773,378,2026-02-07,Статья 12.9 ч.2 (Превышение скорости на 20-40 км/ч),3000,Не оплачен
774,1122,2026-02-18,Статья 12.18 (Непредоставление преимущества пешеходу),3500,Оплачен
775,733,2026-04-07,Статья 12.18 (Непредоставление преимущества пешеходу),1500,Оплачен
776,385,2026-04-04,Статья 12.36.1 (Использование телефона за рулем),2500,Не оплачен
777,929,2026-02-21,Статья 12.19 ч.3 (Остановка на пешеходном переходе),3000,Не оплачен
778,45,2026-02-17,Статья 12.18 (Непредоставление преимущества пешеходу),3500,Не оплачен
779,464,2026-01-17,Статья 12.12 ч.1 (Проезд на красный свет),4000,Оплачен
780,754,2026-02-14,Статья 12.19 ч.3 (Остановка на пешеходном переходе),3000,Оплачен
781,596,2026-03-05,Статья 12.9 ч.2 (Превышение скорости на 20-40 км/ч),4500,Не оплачен
782,24,2026-01-09,Статья 12.19 ч.3 (Остановка на пешеходном переходе),1500,Не оплачен
783,1079,2026-02-06,Статья 12.18 (Непредоставление преимущества пешеходу),5000,Оплачен
784,858,2026-03-16,Статья 12.16 ч.4 (Выезд на встречную полосу),2000,Не оплачен
785,995,2026-05-16,Статья 12.9 ч.2 (Превышение скорости на 20-40 км/ч),1500,Оплачен
786,771,2026-02-05,Статья 12.18 (Непредоставление преимущества пешеходу),3500,Не оплачен
787,316,2026-05-30,Статья 12.19 ч.3 (Остановка на пешеходном переходе),3000,Не оплачен
788,480,2026-03-19,Статья 12.18 (Непредоставление преимущества пешеходу),1000,Не оплачен
789,1083,2026-03-26,Статья 12.18 (Непредоставление преимущества пешеходу),3000,Не оплачен
790,139,2026-03-03,Статья 12.12 ч.1 (Проезд на красный свет),3000,Оплачен
791,230,2026-01-05,Статья 12.9 ч.2 (Превышение скорости на 20-40 км/ч),1000,Не оплачен
792,1057,2026-05-10,Статья 12.36.1 (Использование телефона за рулем),4500,Не оплачен
793,817,2026-04-09,Статья 12.12 ч.1 (Проезд на красный свет),2500,Не оплачен
794,522,2026-05-22,Статья 12.6 (Непристегнутый ремень безопасности),4000,Не оплачен
795,436,2026-02-15,Статья 12.36.1 (Использование телефона за рулем),4500,Не оплачен
796,991,2026-04-23,Статья 12.16 ч.4 (Выезд на встречную полосу),4000,Оплачен
797,272,2026-02-25,Статья 12.12 ч.1 (Проезд на красный свет),1500,Не оплачен
798,1076,2026-05-03,Статья 12.18 (Непредоставление преимущества пешеходу),2500,Оплачен
799,69,2026-04-15,Статья 12.36.1 (Использование телефона за рулем),4000,Оплачен
800,95,2026-03-28,Статья 12.16 ч.4 (Выезд на встречную полосу),1000,Не оплачен
801,16,2026-04-13,Статья 12.12 ч.1 (Проезд на красный свет),4500,Оплачен
802,630,2026-03-30,Статья 12.9 ч.2 (Превышение скорости на 20-40 км/ч),5000,Оплачен
803,77,2026-02-07,Статья 12.12 ч.1 (Проезд на красный свет),500,Оплачен
804,885,2026-03-17,Статья 12.9 ч.2 (Превышение скорости на 20-40 км/ч),500,Не оплачен
805,123,2026-04-17,Статья 12.9 ч.2 (Превышение скорости на 20-40 км/ч),5000,Не оплачен
806,675,2026-03-29,Статья 12.16 ч.4 (Выезд на встречную полосу),5000,Оплачен
807,348,2026-01-08,Статья 12.12 ч.1 (Проезд на красный свет),4500,Оплачен
808,1059,2026-02-19,Статья 12.36.1 (Использование телефона за рулем),500,Оплачен
809,696,2026-02-24,Статья 12.36.1 (Использование телефона за рулем),1000,Не оплачен
810,837,2026-01-03,Статья 12.9 ч.2 (Превышение скорости на 20-40 км/ч),3500,Не оплачен
811,809,2026-03-24,Статья 12.6 (Непристегнутый ремень безопасности),1500,Не оплачен
812,646,2026-05-12,Статья 12.8 ч.1 (Управление ТС в состоянии опьянения),4500,Не оплачен
813,349,2026-01-31,Статья 12.8 ч.1 (Управление ТС в состоянии опьянения),5000,Оплачен
814,146,2026-02-21,Статья 12.18 (Непредоставление преимущества пешеходу),2500,Не оплачен
815,17,2026-02-13,Статья 12.12 ч.1 (Проезд на красный свет),3000,Не оплачен
816,273,2026-02-11,Статья 12.18 (Непредоставление преимущества пешеходу),4000,Не оплачен
817,874,2026-01-02,Статья 12.9 ч.2 (Превышение скорости на 20-40 км/ч),1500,Оплачен
818,436,2026-02-18,Статья 12.8 ч.1 (Управление ТС в состоянии опьянения),2500,Оплачен
819,114,2026-04-18,Статья 12.12 ч.1 (Проезд на красный свет),500,Не оплачен
820,11,2026-04-09,Статья 12.19 ч.3 (Остановка на пешеходном переходе),5000,Оплачен
821,286,2026-05-28,Статья 12.18 (Непредоставление преимущества пешеходу),4500,Не оплачен
822,292,2026-04-02,Статья 12.36.1 (Использование телефона за рулем),4000,Не оплачен
823,514,2026-02-22,Статья 12.18 (Непредоставление преимущества пешеходу),3000,Оплачен
824,689,2026-03-15,Статья 12.8 ч.1 (Управление ТС в состоянии опьянения),500,Не оплачен
825,279,2026-05-09,Статья 12.8 ч.1 (Управление ТС в состоянии опьянения),4000,Не оплачен
826,292,2026-05-20,Статья 12.6 (Непристегнутый ремень безопасности),2000,Не оплачен
827,1094,2026-03-14,Статья 12.12 ч.1 (Проезд на красный свет),3500,Не оплачен
828,1057,2026-04-21,Статья 12.19 ч.3 (Остановка на пешеходном переходе),2000,Не оплачен
829,732,2026-05-15,Статья 12.6 (Непристегнутый ремень безопасности),4500,Не оплачен
830,194,2026-04-03,Статья 12.18 (Непредоставление преимущества пешеходу),2500,Не оплачен
831,964,2026-02-23,Статья 12.18 (Непредоставление преимущества пешеходу),500,Оплачен
832,1137,2026-05-11,Статья 12.16 ч.4 (Выезд на встречную полосу),2000,Не оплачен
833,765,2026-03-25,Статья 12.6 (Непристегнутый ремень безопасности),3000,Не оплачен
834,933,2026-05-19,Статья 12.6 (Непристегнутый ремень безопасности),2500,Не оплачен
835,1014,2026-01-09,Статья 12.9 ч.2 (Превышение скорости на 20-40 км/ч),4000,Не оплачен
836,660,2026-01-15,Статья 12.19 ч.3 (Остановка на пешеходном переходе),4500,Оплачен
837,1194,2026-03-21,Статья 12.9 ч.2 (Превышение скорости на 20-40 км/ч),2500,Не оплачен
838,635,2026-02-12,Статья 12.12 ч.1 (Проезд на красный свет),500,Оплачен
839,904,2026-06-01,Статья 12.36.1 (Использование телефона за рулем),4500,Оплачен
840,18,2026-01-28,Статья 12.16 ч.4 (Выезд на встречную полосу),2500,Оплачен
841,179,2026-02-25,Статья 12.36.1 (Использование телефона за рулем),4000,Оплачен
842,370,2026-02-09,Статья 12.6 (Непристегнутый ремень безопасности),4500,Не оплачен
843,999,2026-03-16,Статья 12.18 (Непредоставление преимущества пешеходу),2500,Оплачен
844,902,2026-01-09,Статья 12.12 ч.1 (Проезд на красный свет),1500,Оплачен
845,557,2026-05-19,Статья 12.16 ч.4 (Выезд на встречную полосу),3000,Не оплачен
846,691,2026-01-27,Статья 12.6 (Непристегнутый ремень безопасности),4000,Оплачен
847,390,2026-05-20,Статья 12.8 ч.1 (Управление ТС в состоянии опьянения),4500,Не оплачен
848,1036,2026-02-21,Статья 12.36.1 (Использование телефона за рулем),3500,Не оплачен
849,1047,2026-02-06,Статья 12.9 ч.2 (Превышение скорости на 20-40 км/ч),2500,Оплачен
850,99,2026-01-31,Статья 12.36.1 (Использование телефона за рулем),3500,Оплачен
851,221,2026-03-29,Статья 12.6 (Непристегнутый ремень безопасности),2500,Не оплачен
852,527,2026-02-27,Статья 12.9 ч.2 (Превышение скорости на 20-40 км/ч),3000,Оплачен
853,704,2026-02-04,Статья 12.8 ч.1 (Управление ТС в состоянии опьянения),4000,Не оплачен
854,268,2026-01-06,Статья 12.9 ч.2 (Превышение скорости на 20-40 км/ч),1500,Не оплачен
855,787,2026-05-14,Статья 12.12 ч.1 (Проезд на красный свет),1000,Не оплачен
856,27,2026-01-19,Статья 12.8 ч.1 (Управление ТС в состоянии опьянения),5000,Оплачен
857,859,2026-02-10,Статья 12.16 ч.4 (Выезд на встречную полосу),1000,Оплачен
858,1054,2026-02-15,Статья 12.19 ч.3 (Остановка на пешеходном переходе),3000,Оплачен
859,158,2026-03-28,Статья 12.6 (Непристегнутый ремень безопасности),3000,Оплачен
860,655,2026-01-07,Статья 12.6 (Непристегнутый ремень безопасности),2500,Не оплачен
861,986,2026-04-06,Статья 12.16 ч.4 (Выезд на встречную полосу),1000,Не оплачен
862,1090,2026-05-24,Статья 12.16 ч.4 (Выезд на встречную полосу),1500,Оплачен
863,228,2026-04-06,Статья 12.16 ч.4 (Выезд на встречную полосу),1000,Не оплачен
864,569,2026-03-01,Статья 12.12 ч.1 (Проезд на красный свет),3000,Не оплачен
865,200,2026-03-01,Статья 12.19 ч.3 (Остановка на пешеходном переходе),1000,Не оплачен
866,700,2026-01-29,Статья 12.6 (Непристегнутый ремень безопасности),4000,Оплачен
867,507,2026-02-16,Статья 12.36.1 (Использование телефона за рулем),1000,Не оплачен
868,602,2026-03-30,Статья 12.18 (Непредоставление преимущества пешеходу),1500,Не оплачен
869,358,2026-01-04,Статья 12.9 ч.2 (Превышение скорости на 20-40 км/ч),1000,Не оплачен
870,1056,2026-03-06,Статья 12.9 ч.2 (Превышение скорости на 20-40 км/ч),4500,Не оплачен
871,830,2026-05-12,Статья 12.9 ч.2 (Превышение скорости на 20-40 км/ч),2500,Не оплачен
872,1031,2026-05-19,Статья 12.8 ч.1 (Управление ТС в состоянии опьянения),3000,Оплачен
873,179,2026-01-30,Статья 12.12 ч.1 (Проезд на красный свет),3000,Оплачен
874,847,2026-04-02,Статья 12.16 ч.4 (Выезд на встречную полосу),3500,Не оплачен
875,438,2026-03-05,Статья 12.16 ч.4 (Выезд на встречную полосу),3500,Оплачен
876,140,2026-05-12,Статья 12.9 ч.2 (Превышение скорости на 20-40 км/ч),1500,Не оплачен
877,847,2026-02-26,Статья 12.8 ч.1 (Управление ТС в состоянии опьянения),1000,Не оплачен
878,1171,2026-02-19,Статья 12.16 ч.4 (Выезд на встречную полосу),4500,Не оплачен
879,203,2026-03-10,Статья 12.9 ч.2 (Превышение скорости на 20-40 км/ч),4500,Не оплачен
880,443,2026-01-29,Статья 12.9 ч.2 (Превышение скорости на 20-40 км/ч),3500,Оплачен
881,886,2026-04-20,Статья 12.16 ч.4 (Выезд на встречную полосу),1000,Оплачен
882,75,2026-01-07,Статья 12.12 ч.1 (Проезд на красный свет),5000,Не оплачен
883,747,2026-02-24,Статья 12.18 (Непредоставление преимущества пешеходу),2000,Не оплачен
884,889,2026-04-07,Статья 12.18 (Непредоставление преимущества пешеходу),500,Оплачен
885,594,2026-01-30,Статья 12.8 ч.1 (Управление ТС в состоянии опьянения),2500,Оплачен
886,441,2026-06-01,Статья 12.16 ч.4 (Выезд на встречную полосу),3500,Не оплачен
887,599,2026-05-03,Статья 12.18 (Непредоставление преимущества пешеходу),5000,Не оплачен
888,462,2026-01-30,Статья 12.6 (Непристегнутый ремень безопасности),3500,Не оплачен
889,405,2026-04-02,Статья 12.8 ч.1 (Управление ТС в состоянии опьянения),500,Не оплачен
890,829,2026-04-06,Статья 12.9 ч.2 (Превышение скорости на 20-40 км/ч),2500,Не оплачен
891,148,2026-04-30,Статья 12.16 ч.4 (Выезд на встречную полосу),1000,Не оплачен
892,1044,2026-01-12,Статья 12.9 ч.2 (Превышение скорости на 20-40 км/ч),4500,Оплачен
893,163,2026-01-24,Статья 12.16 ч.4 (Выезд на встречную полосу),2500,Не оплачен
894,651,2026-01-12,Статья 12.12 ч.1 (Проезд на красный свет),2000,Не оплачен
895,395,2026-01-08,Статья 12.36.1 (Использование телефона за рулем),500,Не оплачен
896,886,2026-01-19,Статья 12.16 ч.4 (Выезд на встречную полосу),3000,Оплачен
897,941,2026-04-14,Статья 12.36.1 (Использование телефона за рулем),4500,Оплачен
898,371,2026-06-01,Статья 12.8 ч.1 (Управление ТС в состоянии опьянения),4000,Не оплачен
899,1168,2026-02-02,Статья 12.19 ч.3 (Остановка на пешеходном переходе),1500,Не оплачен
900,942,2026-03-16,Статья 12.19 ч.3 (Остановка на пешеходном переходе),4000,Оплачен
901,936,2026-01-30,Статья 12.16 ч.4 (Выезд на встречную полосу),4500,Не оплачен
902,835,2026-04-21,Статья 12.36.1 (Использование телефона за рулем),5000,Оплачен
903,595,2026-05-27,Статья 12.8 ч.1 (Управление ТС в состоянии опьянения),5000,Оплачен
904,217,2026-03-25,Статья 12.19 ч.3 (Остановка на пешеходном переходе),1500,Не оплачен
905,965,2026-05-16,Статья 12.8 ч.1 (Управление ТС в состоянии опьянения),5000,Оплачен
906,518,2026-05-24,Статья 12.18 (Непредоставление преимущества пешеходу),5000,Оплачен
907,881,2026-04-23,Статья 12.9 ч.2 (Превышение скорости на 20-40 км/ч),2500,Не оплачен
908,786,2026-04-29,Статья 12.16 ч.4 (Выезд на встречную полосу),1000,Оплачен
909,91,2026-03-26,Статья 12.9 ч.2 (Превышение скорости на 20-40 км/ч),1000,Оплачен
910,951,2026-04-30,Статья 12.12 ч.1 (Проезд на красный свет),5000,Не оплачен
911,714,2026-03-20,Статья 12.19 ч.3 (Остановка на пешеходном переходе),3500,Не оплачен
912,563,2026-05-11,Статья 12.16 ч.4 (Выезд на встречную полосу),1000,Не оплачен
913,540,2026-04-16,Статья 12.19 ч.3 (Остановка на пешеходном переходе),4500,Оплачен
914,938,2026-03-25,Статья 12.16 ч.4 (Выезд на встречную полосу),1000,Не оплачен
915,414,2026-05-21,Статья 12.36.1 (Использование телефона за рулем),4500,Оплачен
916,239,2026-05-20,Статья 12.6 (Непристегнутый ремень безопасности),1500,Оплачен
917,360,2026-04-16,Статья 12.9 ч.2 (Превышение скорости на 20-40 км/ч),4000,Оплачен
918,630,2026-03-05,Статья 12.9 ч.2 (Превышение скорости на 20-40 км/ч),5000,Не оплачен
919,493,2026-02-28,Статья 12.18 (Непредоставление преимущества пешеходу),5000,Оплачен
920,277,2026-03-07,Статья 12.19 ч.3 (Остановка на пешеходном переходе),5000,Не оплачен
921,221,2026-04-11,Статья 12.9 ч.2 (Превышение скорости на 20-40 км/ч),4000,Оплачен
922,318,2026-02-15,Статья 12.8 ч.1 (Управление ТС в состоянии опьянения),500,Не оплачен
923,525,2026-01-31,Статья 12.9 ч.2 (Превышение скорости на 20-40 км/ч),4500,Оплачен
924,469,2026-01-30,Статья 12.9 ч.2 (Превышение скорости на 20-40 км/ч),3500,Оплачен
925,240,2026-01-14,Статья 12.18 (Непредоставление преимущества пешеходу),3000,Оплачен
926,30,2026-02-18,Статья 12.12 ч.1 (Проезд на красный свет),5000,Оплачен
927,355,2026-04-01,Статья 12.16 ч.4 (Выезд на встречную полосу),5000,Не оплачен
928,1004,2026-02-02,Статья 12.6 (Непристегнутый ремень безопасности),4500,Оплачен
929,67,2026-05-17,Статья 12.18 (Непредоставление преимущества пешеходу),2000,Оплачен
930,494,2026-01-11,Статья 12.18 (Непредоставление преимущества пешеходу),4500,Оплачен
931,277,2026-01-28,Статья 12.6 (Непристегнутый ремень безопасности),5000,Не оплачен
932,248,2026-01-22,Статья 12.36.1 (Использование телефона за рулем),2500,Не оплачен
933,1153,2026-02-14,Статья 12.9 ч.2 (Превышение скорости на 20-40 км/ч),1500,Не оплачен
934,557,2026-04-24,Статья 12.12 ч.1 (Проезд на красный свет),500,Оплачен
935,779,2026-01-17,Статья 12.18 (Непредоставление преимущества пешеходу),1500,Не оплачен
936,492,2026-05-19,Статья 12.18 (Непредоставление преимущества пешеходу),4000,Не оплачен
937,292,2026-01-09,Статья 12.18 (Непредоставление преимущества пешеходу),1500,Оплачен
938,476,2026-02-16,Статья 12.36.1 (Использование телефона за рулем),2500,Оплачен
939,651,2026-06-01,Статья 12.6 (Непристегнутый ремень безопасности),3500,Оплачен
940,670,2026-02-04,Статья 12.19 ч.3 (Остановка на пешеходном переходе),4000,Оплачен
941,219,2026-02-27,Статья 12.36.1 (Использование телефона за рулем),4000,Оплачен
942,441,2026-04-05,Статья 12.6 (Непристегнутый ремень безопасности),2500,Оплачен
943,600,2026-04-02,Статья 12.9 ч.2 (Превышение скорости на 20-40 км/ч),3000,Не оплачен
944,881,2026-02-10,Статья 12.36.1 (Использование телефона за рулем),1500,Не оплачен
945,50,2026-04-10,Статья 12.8 ч.1 (Управление ТС в состоянии опьянения),1000,Оплачен
946,645,2026-03-20,Статья 12.12 ч.1 (Проезд на красный свет),4000,Оплачен
947,243,2026-02-12,Статья 12.9 ч.2 (Превышение скорости на 20-40 км/ч),3000,Не оплачен
948,925,2026-04-01,Статья 12.16 ч.4 (Выезд на встречную полосу),5000,Не оплачен
949,905,2026-05-05,Статья 12.8 ч.1 (Управление ТС в состоянии опьянения),500,Не оплачен
950,816,2026-05-11,Статья 12.19 ч.3 (Остановка на пешеходном переходе),1000,Не оплачен
951,390,2026-01-28,Статья 12.8 ч.1 (Управление ТС в состоянии опьянения),4500,Оплачен
952,950,2026-02-25,Статья 12.16 ч.4 (Выезд на встречную полосу),2000,Оплачен
953,457,2026-03-20,Статья 12.9 ч.2 (Превышение скорости на 20-40 км/ч),3000,Не оплачен
954,946,2026-01-14,Статья 12.16 ч.4 (Выезд на встречную полосу),3500,Оплачен
955,1079,2026-05-19,Статья 12.19 ч.3 (Остановка на пешеходном переходе),3500,Оплачен
956,59,2026-04-28,Статья 12.36.1 (Использование телефона за рулем),5000,Оплачен
957,894,2026-04-12,Статья 12.12 ч.1 (Проезд на красный свет),2000,Не оплачен
958,720,2026-02-26,Статья 12.8 ч.1 (Управление ТС в состоянии опьянения),1000,Оплачен
959,856,2026-02-12,Статья 12.12 ч.1 (Проезд на красный свет),500,Оплачен
960,996,2026-03-04,Статья 12.6 (Непристегнутый ремень безопасности),500,Оплачен
961,445,2026-05-12,Статья 12.36.1 (Использование телефона за рулем),4000,Оплачен
962,808,2026-01-06,Статья 12.16 ч.4 (Выезд на встречную полосу),1000,Оплачен
963,579,2026-01-28,Статья 12.9 ч.2 (Превышение скорости на 20-40 км/ч),1500,Оплачен
964,952,2026-02-04,Статья 12.16 ч.4 (Выезд на встречную полосу),5000,Не оплачен
965,581,2026-01-25,Статья 12.6 (Непристегнутый ремень безопасности),3500,Не оплачен
966,108,2026-01-17,Статья 12.36.1 (Использование телефона за рулем),4000,Оплачен
967,1104,2026-04-20,Статья 12.36.1 (Использование телефона за рулем),4000,Не оплачен
968,556,2026-01-21,Статья 12.18 (Непредоставление преимущества пешеходу),3000,Оплачен
969,40,2026-04-10,Статья 12.6 (Непристегнутый ремень безопасности),4500,Оплачен
970,57,2026-05-26,Статья 12.8 ч.1 (Управление ТС в состоянии опьянения),4000,Не оплачен
971,817,2026-05-12,Статья 12.8 ч.1 (Управление ТС в состоянии опьянения),3500,Не оплачен
972,307,2026-01-10,Статья 12.19 ч.3 (Остановка на пешеходном переходе),2500,Оплачен
973,875,2026-01-17,Статья 12.12 ч.1 (Проезд на красный свет),4000,Не оплачен
974,358,2026-02-04,Статья 12.9 ч.2 (Превышение скорости на 20-40 км/ч),3000,Оплачен
975,652,2026-02-23,Статья 12.16 ч.4 (Выезд на встречную полосу),2000,Оплачен
976,947,2026-04-15,Статья 12.12 ч.1 (Проезд на красный свет),1500,Оплачен
977,13,2026-02-25,Статья 12.6 (Непристегнутый ремень безопасности),2000,Оплачен
978,192,2026-01-08,Статья 12.8 ч.1 (Управление ТС в состоянии опьянения),2500,Не оплачен
979,321,2026-01-15,Статья 12.36.1 (Использование телефона за рулем),500,Не оплачен
980,953,2026-03-24,Статья 12.16 ч.4 (Выезд на встречную полосу),3000,Оплачен
981,562,2026-05-06,Статья 12.16 ч.4 (Выезд на встречную полосу),3500,Не оплачен
982,883,2026-05-22,Статья 12.36.1 (Использование телефона за рулем),5000,Не оплачен
983,859,2026-03-12,Статья 12.18 (Непредоставление преимущества пешеходу),1000,Не оплачен
984,645,2026-04-13,Статья 12.12 ч.1 (Проезд на красный свет),3500,Не оплачен
985,761,2026-02-27,Статья 12.9 ч.2 (Превышение скорости на 20-40 км/ч),3500,Не оплачен
986,1166,2026-05-13,Статья 12.18 (Непредоставление преимущества пешеходу),4500,Не оплачен
987,1090,2026-02-15,Статья 12.8 ч.1 (Управление ТС в состоянии опьянения),2500,Оплачен
988,705,2026-02-28,Статья 12.8 ч.1 (Управление ТС в состоянии опьянения),2500,Не оплачен
989,947,2026-03-05,Статья 12.8 ч.1 (Управление ТС в состоянии опьянения),5000,Оплачен
990,998,2026-02-14,Статья 12.19 ч.3 (Остановка на пешеходном переходе),1000,Не оплачен
991,698,2026-02-04,Статья 12.19 ч.3 (Остановка на пешеходном переходе),1000,Не оплачен
992,793,2026-03-17,Статья 12.19 ч.3 (Остановка на пешеходном переходе),3500,Не оплачен
993,1019,2026-04-26,Статья 12.18 (Непредоставление преимущества пешеходу),3500,Оплачен
994,641,2026-01-01,Статья 12.36.1 (Использование телефона за рулем),4000,Оплачен
995,12,2026-02-09,Статья 12.9 ч.2 (Превышение скорости на 20-40 км/ч),2000,Не оплачен
996,811,2026-04-27,Статья 12.18 (Непредоставление преимущества пешеходу),5000,Не оплачен
997,649,2026-01-14,Статья 12.6 (Непристегнутый ремень безопасности),1000,Оплачен
998,917,2026-01-03,Статья 12.19 ч.3 (Остановка на пешеходном переходе),500,Оплачен
999,624,2026-01-07,Статья 12.6 (Непристегнутый ремень безопасности),2500,Не оплачен
1000,1052,2026-04-07,Статья 12.9 ч.2 (Превышение скорости на 20-40 км/ч),500,Не оплачен
1001,1132,2026-01-28,Статья 12.6 (Непристегнутый ремень безопасности),1000,Оплачен
1002,990,2026-05-12,Статья 12.16 ч.4 (Выезд на встречную полосу),2000,Оплачен
1003,563,2026-05-16,Статья 12.18 (Непредоставление преимущества пешеходу),2500,Оплачен
1004,965,2026-04-04,Статья 12.19 ч.3 (Остановка на пешеходном переходе),2000,Оплачен
1005,961,2026-01-31,Статья 12.19 ч.3 (Остановка на пешеходном переходе),5000,Оплачен
1006,373,2026-02-18,Статья 12.12 ч.1 (Проезд на красный свет),5000,Не оплачен
1007,360,2026-03-31,Статья 12.6 (Непристегнутый ремень безопасности),2000,Не оплачен
1008,596,2026-02-09,Статья 12.36.1 (Использование телефона за рулем),5000,Оплачен
1009,745,2026-05-25,Статья 12.19 ч.3 (Остановка на пешеходном переходе),1000,Не оплачен
1010,917,2026-03-21,Статья 12.6 (Непристегнутый ремень безопасности),2500,Оплачен
1011,561,2026-02-24,Статья 12.9 ч.2 (Превышение скорости на 20-40 км/ч),1000,Оплачен
1012,683,2026-03-03,Статья 12.9 ч.2 (Превышение скорости на 20-40 км/ч),1500,Оплачен
1013,863,2026-01-22,Статья 12.19 ч.3 (Остановка на пешеходном переходе),2500,Не оплачен
1014,903,2026-01-23,Статья 12.9 ч.2 (Превышение скорости на 20-40 км/ч),3500,Оплачен
1015,307,2026-02-21,Статья 12.12 ч.1 (Проезд на красный свет),3500,Оплачен
1016,374,2026-02-02,Статья 12.36.1 (Использование телефона за рулем),1000,Не оплачен
1017,890,2026-03-09,Статья 12.8 ч.1 (Управление ТС в состоянии опьянения),1000,Оплачен
1018,128,2026-04-25,Статья 12.19 ч.3 (Остановка на пешеходном переходе),4000,Не оплачен
1019,646,2026-05-23,Статья 12.12 ч.1 (Проезд на красный свет),2000,Не оплачен
1020,502,2026-01-02,Статья 12.36.1 (Использование телефона за рулем),4000,Оплачен
1021,697,2026-04-28,Статья 12.12 ч.1 (Проезд на красный свет),2500,Оплачен
1022,322,2026-03-09,Статья 12.9 ч.2 (Превышение скорости на 20-40 км/ч),4000,Не оплачен
1023,778,2026-05-31,Статья 12.16 ч.4 (Выезд на встречную полосу),3000,Не оплачен
1024,942,2026-03-04,Статья 12.9 ч.2 (Превышение скорости на 20-40 км/ч),5000,Оплачен
1025,175,2026-02-28,Статья 12.6 (Непристегнутый ремень безопасности),3000,Не оплачен
1026,368,2026-05-16,Статья 12.36.1 (Использование телефона за рулем),1500,Оплачен
1027,462,2026-03-17,Статья 12.19 ч.3 (Остановка на пешеходном переходе),500,Оплачен
1028,602,2026-05-26,Статья 12.16 ч.4 (Выезд на встречную полосу),4500,Оплачен
1029,726,2026-01-30,Статья 12.19 ч.3 (Остановка на пешеходном переходе),1500,Оплачен
1030,736,2026-02-16,Статья 12.12 ч.1 (Проезд на красный свет),2500,Не оплачен
1031,826,2026-03-26,Статья 12.6 (Непристегнутый ремень безопасности),500,Оплачен
1032,446,2026-01-12,Статья 12.19 ч.3 (Остановка на пешеходном переходе),5000,Не оплачен
1033,114,2026-01-10,Статья 12.12 ч.1 (Проезд на красный свет),2500,Не оплачен
1034,376,2026-04-26,Статья 12.19 ч.3 (Остановка на пешеходном переходе),1000,Оплачен
1035,817,2026-05-05,Статья 12.12 ч.1 (Проезд на красный свет),5000,Не оплачен
1036,362,2026-01-05,Статья 12.16 ч.4 (Выезд на встречную полосу),4500,Оплачен
1037,1006,2026-01-04,Статья 12.9 ч.2 (Превышение скорости на 20-40 км/ч),1500,Оплачен
1038,1189,2026-02-08,Статья 12.6 (Непристегнутый ремень безопасности),3500,Не оплачен
1039,848,2026-01-04,Статья 12.19 ч.3 (Остановка на пешеходном переходе),1000,Не оплачен
1040,897,2026-05-01,Статья 12.9 ч.2 (Превышение скорости на 20-40 км/ч),4000,Оплачен
1041,1067,2026-05-03,Статья 12.6 (Непристегнутый ремень безопасности),1000,Не оплачен
1042,756,2026-03-10,Статья 12.36.1 (Использование телефона за рулем),3000,Не оплачен
1043,40,2026-02-27,Статья 12.18 (Непредоставление преимущества пешеходу),3000,Оплачен
1044,843,2026-01-05,Статья 12.8 ч.1 (Управление ТС в состоянии опьянения),4500,Оплачен
1045,606,2026-05-27,Статья 12.18 (Непредоставление преимущества пешеходу),1500,Оплачен
1046,239,2026-05-31,Статья 12.12 ч.1 (Проезд на красный свет),3000,Оплачен
1047,416,2026-01-21,Статья 12.12 ч.1 (Проезд на красный свет),3000,Не оплачен
1048,329,2026-04-12,Статья 12.16 ч.4 (Выезд на встречную полосу),1000,Оплачен
1049,365,2026-02-26,Статья 12.9 ч.2 (Превышение скорости на 20-40 км/ч),500,Оплачен
1050,780,2026-04-26,Статья 12.16 ч.4 (Выезд на встречную полосу),1000,Оплачен
1051,918,2026-03-24,Статья 12.9 ч.2 (Превышение скорости на 20-40 км/ч),3000,Оплачен
1052,664,2026-02-14,Статья 12.8 ч.1 (Управление ТС в состоянии опьянения),4000,Не оплачен
1053,1135,2026-01-17,Статья 12.36.1 (Использование телефона за рулем),3500,Не оплачен
1054,1003,2026-01-20,Статья 12.9 ч.2 (Превышение скорости на 20-40 км/ч),3500,Оплачен
1055,611,2026-03-18,Статья 12.8 ч.1 (Управление ТС в состоянии опьянения),1500,Не оплачен
1056,548,2026-03-18,Статья 12.9 ч.2 (Превышение скорости на 20-40 км/ч),4000,Не оплачен
1057,678,2026-01-27,Статья 12.16 ч.4 (Выезд на встречную полосу),1500,Оплачен
1058,81,2026-03-15,Статья 12.6 (Непристегнутый ремень безопасности),2000,Оплачен
1059,246,2026-04-22,Статья 12.16 ч.4 (Выезд на встречную полосу),1000,Оплачен
1060,371,2026-06-01,Статья 12.6 (Непристегнутый ремень безопасности),5000,Не оплачен
1061,566,2026-03-15,Статья 12.36.1 (Использование телефона за рулем),5000,Оплачен
1062,49,2026-04-27,Статья 12.19 ч.3 (Остановка на пешеходном переходе),1000,Оплачен
1063,644,2026-06-01,Статья 12.12 ч.1 (Проезд на красный свет),3000,Не оплачен
1064,392,2026-01-23,Статья 12.16 ч.4 (Выезд на встречную полосу),3000,Не оплачен
1065,1009,2026-05-30,Статья 12.36.1 (Использование телефона за рулем),4500,Не оплачен
1066,319,2026-04-05,Статья 12.18 (Непредоставление преимущества пешеходу),3500,Не оплачен
1067,1141,2026-01-09,Статья 12.9 ч.2 (Превышение скорости на 20-40 км/ч),2500,Не оплачен
1068,528,2026-04-23,Статья 12.6 (Непристегнутый ремень безопасности),3500,Оплачен
1069,985,2026-02-13,Статья 12.18 (Непредоставление преимущества пешеходу),2500,Не оплачен
1070,550,2026-05-11,Статья 12.12 ч.1 (Проезд на красный свет),4500,Не оплачен
1071,597,2026-03-26,Статья 12.12 ч.1 (Проезд на красный свет),3500,Оплачен
1072,543,2026-03-27,Статья 12.12 ч.1 (Проезд на красный свет),1000,Оплачен
1073,380,2026-05-26,Статья 12.16 ч.4 (Выезд на встречную полосу),1500,Не оплачен
1074,561,2026-01-14,Статья 12.16 ч.4 (Выезд на встречную полосу),1000,Не оплачен
1075,629,2026-03-07,Статья 12.18 (Непредоставление преимущества пешеходу),1000,Не оплачен
1076,917,2026-01-17,Статья 12.12 ч.1 (Проезд на красный свет),500,Оплачен
1077,335,2026-01-11,Статья 12.6 (Непристегнутый ремень безопасности),1500,Не оплачен
1078,536,2026-03-05,Статья 12.36.1 (Использование телефона за рулем),4000,Оплачен
1079,282,2026-05-28,Статья 12.18 (Непредоставление преимущества пешеходу),3000,Не оплачен
1080,144,2026-04-26,Статья 12.6 (Непристегнутый ремень безопасности),4000,Не оплачен
1081,84,2026-04-12,Статья 12.8 ч.1 (Управление ТС в состоянии опьянения),3500,Оплачен
1082,798,2026-03-18,Статья 12.8 ч.1 (Управление ТС в состоянии опьянения),4500,Оплачен
1083,1066,2026-04-24,Статья 12.16 ч.4 (Выезд на встречную полосу),500,Оплачен
1084,521,2026-03-28,Статья 12.12 ч.1 (Проезд на красный свет),2500,Оплачен
1085,13,2026-04-08,Статья 12.6 (Непристегнутый ремень безопасности),500,Не оплачен
1086,101,2026-04-07,Статья 12.36.1 (Использование телефона за рулем),1000,Оплачен
1087,201,2026-02-28,Статья 12.16 ч.4 (Выезд на встречную полосу),3500,Оплачен
1088,440,2026-02-05,Статья 12.16 ч.4 (Выезд на встречную полосу),3500,Не оплачен
1089,36,2026-03-22,Статья 12.6 (Непристегнутый ремень безопасности),4500,Не оплачен
1090,1020,2026-05-04,Статья 12.12 ч.1 (Проезд на красный свет),500,Оплачен
1091,657,2026-03-10,Статья 12.36.1 (Использование телефона за рулем),4000,Оплачен
1092,905,2026-04-01,Статья 12.18 (Непредоставление преимущества пешеходу),3500,Не оплачен
1093,588,2026-01-14,Статья 12.36.1 (Использование телефона за рулем),3000,Оплачен
1094,45,2026-02-23,Статья 12.18 (Непредоставление преимущества пешеходу),1500,Оплачен
1095,971,2026-05-20,Статья 12.9 ч.2 (Превышение скорости на 20-40 км/ч),3000,Не оплачен
1096,75,2026-02-22,Статья 12.6 (Непристегнутый ремень безопасности),3000,Не оплачен
1097,310,2026-03-31,Статья 12.18 (Непредоставление преимущества пешеходу),2500,Оплачен
1098,97,2026-02-06,Статья 12.16 ч.4 (Выезд на встречную полосу),5000,Оплачен
1099,562,2026-04-27,Статья 12.16 ч.4 (Выезд на встречную полосу),4000,Оплачен
1100,7,2026-01-30,Статья 12.16 ч.4 (Выезд на встречную полосу),4000,Не оплачен
1101,749,2026-01-07,Статья 12.6 (Непристегнутый ремень безопасности),4500,Оплачен
1102,97,2026-05-21,Статья 12.6 (Непристегнутый ремень безопасности),3500,Не оплачен
1103,354,2026-03-14,Статья 12.18 (Непредоставление преимущества пешеходу),2500,Не оплачен
1104,699,2026-02-03,Статья 12.16 ч.4 (Выезд на встречную полосу),1000,Не оплачен
1105,826,2026-05-21,Статья 12.36.1 (Использование телефона за рулем),4500,Не оплачен
1106,815,2026-01-25,Статья 12.6 (Непристегнутый ремень безопасности),4000,Оплачен
1107,267,2026-02-11,Статья 12.19 ч.3 (Остановка на пешеходном переходе),3500,Не оплачен
1108,558,2026-01-26,Статья 12.12 ч.1 (Проезд на красный свет),2000,Не оплачен
1109,969,2026-04-01,Статья 12.19 ч.3 (Остановка на пешеходном переходе),3000,Не оплачен
1110,633,2026-02-24,Статья 12.19 ч.3 (Остановка на пешеходном переходе),3500,Не оплачен
1111,766,2026-01-24,Статья 12.8 ч.1 (Управление ТС в состоянии опьянения),5000,Оплачен
1112,635,2026-01-10,Статья 12.18 (Непредоставление преимущества пешеходу),4000,Оплачен
1113,909,2026-04-04,Статья 12.12 ч.1 (Проезд на красный свет),2500,Оплачен
1114,611,2026-04-06,Статья 12.6 (Непристегнутый ремень безопасности),1500,Не оплачен
1115,628,2026-02-05,Статья 12.16 ч.4 (Выезд на встречную полосу),4000,Не оплачен
1116,396,2026-02-16,Статья 12.18 (Непредоставление преимущества пешеходу),3000,Не оплачен
1117,564,2026-02-16,Статья 12.19 ч.3 (Остановка на пешеходном переходе),3000,Не оплачен
1118,451,2026-05-06,Статья 12.12 ч.1 (Проезд на красный свет),2000,Оплачен
1119,42,2026-05-14,Статья 12.8 ч.1 (Управление ТС в состоянии опьянения),4000,Не оплачен
1120,75,2026-05-03,Статья 12.36.1 (Использование телефона за рулем),5000,Не оплачен
1121,280,2026-02-14,Статья 12.12 ч.1 (Проезд на красный свет),3500,Не оплачен
1122,1113,2026-02-09,Статья 12.12 ч.1 (Проезд на красный свет),2500,Оплачен
1123,893,2026-02-09,Статья 12.9 ч.2 (Превышение скорости на 20-40 км/ч),5000,Не оплачен
1124,503,2026-03-07,Статья 12.18 (Непредоставление преимущества пешеходу),5000,Не оплачен
1125,179,2026-02-21,Статья 12.16 ч.4 (Выезд на встречную полосу),5000,Оплачен
1126,82,2026-01-19,Статья 12.12 ч.1 (Проезд на красный свет),4000,Не оплачен
1127,722,2026-01-15,Статья 12.8 ч.1 (Управление ТС в состоянии опьянения),4500,Не оплачен
1128,423,2026-01-03,Статья 12.9 ч.2 (Превышение скорости на 20-40 км/ч),3500,Оплачен
1129,96,2026-05-25,Статья 12.16 ч.4 (Выезд на встречную полосу),4500,Не оплачен
1130,345,2026-02-26,Статья 12.16 ч.4 (Выезд на встречную полосу),4000,Оплачен
1131,572,2026-05-08,Статья 12.16 ч.4 (Выезд на встречную полосу),2500,Оплачен
1132,767,2026-04-20,Статья 12.16 ч.4 (Выезд на встречную полосу),5000,Оплачен
1133,1193,2026-05-29,Статья 12.36.1 (Использование телефона за рулем),3000,Оплачен
1134,96,2026-04-06,Статья 12.18 (Непредоставление преимущества пешеходу),2500,Оплачен
1135,648,2026-01-15,Статья 12.18 (Непредоставление преимущества пешеходу),4000,Не оплачен
1136,284,2026-05-15,Статья 12.18 (Непредоставление преимущества пешеходу),3000,Не оплачен
1137,100,2026-03-30,Статья 12.8 ч.1 (Управление ТС в состоянии опьянения),4500,Не оплачен
1138,542,2026-05-23,Статья 12.18 (Непредоставление преимущества пешеходу),4000,Не оплачен
1139,874,2026-03-22,Статья 12.18 (Непредоставление преимущества пешеходу),5000,Оплачен
1140,257,2026-01-25,Статья 12.19 ч.3 (Остановка на пешеходном переходе),2000,Не оплачен
1141,592,2026-03-06,Статья 12.36.1 (Использование телефона за рулем),4000,Не оплачен
1142,959,2026-05-29,Статья 12.9 ч.2 (Превышение скорости на 20-40 км/ч),1000,Оплачен
1143,1108,2026-03-27,Статья 12.18 (Непредоставление преимущества пешеходу),2500,Не оплачен
1144,789,2026-03-04,Статья 12.36.1 (Использование телефона за рулем),4000,Оплачен
1145,1027,2026-01-06,Статья 12.19 ч.3 (Остановка на пешеходном переходе),3000,Оплачен
1146,579,2026-04-10,Статья 12.36.1 (Использование телефона за рулем),2000,Не оплачен
1147,806,2026-05-29,Статья 12.8 ч.1 (Управление ТС в состоянии опьянения),500,Оплачен
1148,485,2026-02-05,Статья 12.9 ч.2 (Превышение скорости на 20-40 км/ч),1000,Оплачен
1149,1123,2026-02-06,Статья 12.9 ч.2 (Превышение скорости на 20-40 км/ч),1000,Оплачен
1150,546,2026-02-26,Статья 12.8 ч.1 (Управление ТС в состоянии опьянения),500,Оплачен
1151,786,2026-01-11,Статья 12.18 (Непредоставление преимущества пешеходу),1500,Оплачен
1152,1084,2026-04-10,Статья 12.12 ч.1 (Проезд на красный свет),3000,Не оплачен
1153,719,2026-02-19,Статья 12.12 ч.1 (Проезд на красный свет),3000,Не оплачен
1154,715,2026-01-26,Статья 12.6 (Непристегнутый ремень безопасности),1500,Не оплачен
1155,1180,2026-02-19,Статья 12.36.1 (Использование телефона за рулем),2000,Не оплачен
1156,596,2026-02-10,Статья 12.6 (Непристегнутый ремень безопасности),1500,Не оплачен
1157,381,2026-04-14,Статья 12.36.1 (Использование телефона за рулем),3000,Не оплачен
1158,771,2026-02-13,Статья 12.12 ч.1 (Проезд на красный свет),3500,Оплачен
1159,464,2026-03-10,Статья 12.36.1 (Использование телефона за рулем),2500,Не оплачен
1160,544,2026-02-01,Статья 12.6 (Непристегнутый ремень безопасности),500,Оплачен
1161,679,2026-03-13,Статья 12.16 ч.4 (Выезд на встречную полосу),1500,Оплачен
1162,382,2026-03-24,Статья 12.16 ч.4 (Выезд на встречную полосу),2000,Оплачен
1163,1023,2026-01-16,Статья 12.16 ч.4 (Выезд на встречную полосу),2000,Не оплачен
1164,461,2026-05-05,Статья 12.19 ч.3 (Остановка на пешеходном переходе),3500,Не оплачен
1165,1088,2026-05-05,Статья 12.18 (Непредоставление преимущества пешеходу),2500,Оплачен
1166,897,2026-06-01,Статья 12.19 ч.3 (Остановка на пешеходном переходе),1000,Не оплачен
1167,994,2026-04-10,Статья 12.16 ч.4 (Выезд на встречную полосу),3000,Не оплачен
1168,1127,2026-05-07,Статья 12.9 ч.2 (Превышение скорости на 20-40 км/ч),4000,Не оплачен
1169,262,2026-02-12,Статья 12.12 ч.1 (Проезд на красный свет),500,Не оплачен
1170,389,2026-01-09,Статья 12.18 (Непредоставление преимущества пешеходу),2000,Не оплачен
1171,265,2026-03-15,Статья 12.8 ч.1 (Управление ТС в состоянии опьянения),4500,Оплачен
1172,1138,2026-01-09,Статья 12.16 ч.4 (Выезд на встречную полосу),1500,Оплачен
1173,72,2026-01-16,Статья 12.16 ч.4 (Выезд на встречную полосу),1500,Оплачен
1174,981,2026-01-12,Статья 12.6 (Непристегнутый ремень безопасности),3000,Оплачен
1175,685,2026-01-28,Статья 12.16 ч.4 (Выезд на встречную полосу),3500,Оплачен
1176,663,2026-02-03,Статья 12.36.1 (Использование телефона за рулем),3500,Не оплачен
1177,33,2026-02-24,Статья 12.12 ч.1 (Проезд на красный свет),5000,Оплачен
1178,73,2026-05-25,Статья 12.12 ч.1 (Проезд на красный свет),2000,Оплачен
1179,150,2026-04-18,Статья 12.19 ч.3 (Остановка на пешеходном переходе),4000,Оплачен
1180,378,2026-04-14,Статья 12.8 ч.1 (Управление ТС в состоянии опьянения),4000,Оплачен
1181,815,2026-05-31,Статья 12.16 ч.4 (Выезд на встречную полосу),3500,Не оплачен
1182,247,2026-04-26,Статья 12.6 (Непристегнутый ремень безопасности),4000,Оплачен
1183,1071,2026-05-12,Статья 12.16 ч.4 (Выезд на встречную полосу),1000,Оплачен
1184,78,2026-01-19,Статья 12.6 (Непристегнутый ремень безопасности),3000,Оплачен
1185,997,2026-05-23,Статья 12.36.1 (Использование телефона за рулем),4500,Оплачен
1186,312,2026-04-26,Статья 12.36.1 (Использование телефона за рулем),4500,Оплачен
1187,961,2026-02-05,Статья 12.6 (Непристегнутый ремень безопасности),3500,Не оплачен
1188,535,2026-04-08,Статья 12.8 ч.1 (Управление ТС в состоянии опьянения),1000,Не оплачен
1189,913,2026-01-01,Статья 12.6 (Непристегнутый ремень безопасности),2500,Не оплачен
1190,150,2026-03-03,Статья 12.6 (Непристегнутый ремень безопасности),3500,Не оплачен
1191,414,2026-04-17,Статья 12.18 (Непредоставление преимущества пешеходу),4000,Не оплачен
1192,213,2026-02-09,Статья 12.18 (Непредоставление преимущества пешеходу),4500,Оплачен
1193,81,2026-03-19,Статья 12.9 ч.2 (Превышение скорости на 20-40 км/ч),500,Не оплачен
1194,959,2026-03-01,Статья 12.9 ч.2 (Превышение скорости на 20-40 км/ч),2500,Оплачен
1195,1073,2026-03-10,Статья 12.6 (Непристегнутый ремень безопасности),1000,Оплачен
1196,1199,2026-01-14,Статья 12.6 (Непристегнутый ремень безопасности),5000,Оплачен
1197,498,2026-05-07,Статья 12.9 ч.2 (Превышение скорости на 20-40 км/ч),4500,Не оплачен
1198,1095,2026-04-22,Статья 12.9 ч.2 (Превышение скорости на 20-40 км/ч),1000,Не оплачен
1199,252,2026-01-12,Статья 12.16 ч.4 (Выезд на встречную полосу),5000,Оплачен
1200,283,2026-03-01,Статья 12.18 (Непредоставление преимущества пешеходу),2000,Не оплачен
1201,682,2026-05-28,Статья 12.36.1 (Использование телефона за рулем),3000,Не оплачен
1202,7,2026-05-16,Статья 12.12 ч.1 (Проезд на красный свет),3000,Оплачен
1203,662,2026-02-23,Статья 12.6 (Непристегнутый ремень безопасности),2000,Оплачен
1204,533,2026-04-07,Статья 12.9 ч.2 (Превышение скорости на 20-40 км/ч),3000,Оплачен
1205,156,2026-05-22,Статья 12.16 ч.4 (Выезд на встречную полосу),1500,Оплачен
1206,872,2026-05-01,Статья 12.12 ч.1 (Проезд на красный свет),2500,Оплачен
1207,168,2026-01-23,Статья 12.8 ч.1 (Управление ТС в состоянии опьянения),2500,Оплачен
1208,299,2026-03-26,Статья 12.6 (Непристегнутый ремень безопасности),500,Не оплачен
1209,79,2026-02-08,Статья 12.36.1 (Использование телефона за рулем),4000,Оплачен
1210,142,2026-01-12,Статья 12.19 ч.3 (Остановка на пешеходном переходе),4500,Не оплачен
1211,804,2026-02-02,Статья 12.9 ч.2 (Превышение скорости на 20-40 км/ч),2500,Не оплачен
1212,1019,2026-01-09,Статья 12.18 (Непредоставление преимущества пешеходу),5000,Оплачен
1213,804,2026-01-18,Статья 12.12 ч.1 (Проезд на красный свет),2500,Оплачен
1214,834,2026-05-12,Статья 12.18 (Непредоставление преимущества пешеходу),4000,Оплачен
1215,460,2026-02-16,Статья 12.18 (Непредоставление преимущества пешеходу),2000,Не оплачен
1216,929,2026-03-15,Статья 12.12 ч.1 (Проезд на красный свет),500,Оплачен
1217,611,2026-05-08,Статья 12.36.1 (Использование телефона за рулем),2500,Не оплачен
1218,344,2026-05-14,Статья 12.18 (Непредоставление преимущества пешеходу),3500,Оплачен
1219,941,2026-01-27,Статья 12.9 ч.2 (Превышение скорости на 20-40 км/ч),5000,Не оплачен
1220,952,2026-04-13,Статья 12.6 (Непристегнутый ремень безопасности),5000,Не оплачен
1221,348,2026-04-03,Статья 12.19 ч.3 (Остановка на пешеходном переходе),5000,Не оплачен
1222,543,2026-05-30,Статья 12.36.1 (Использование телефона за рулем),500,Не оплачен
1223,730,2026-04-16,Статья 12.12 ч.1 (Проезд на красный свет),4000,Оплачен
1224,778,2026-02-13,Статья 12.9 ч.2 (Превышение скорости на 20-40 км/ч),1000,Оплачен
1225,942,2026-01-31,Статья 12.12 ч.1 (Проезд на красный свет),2500,Не оплачен
1226,681,2026-01-16,Статья 12.9 ч.2 (Превышение скорости на 20-40 км/ч),500,Не оплачен
1227,387,2026-03-03,Статья 12.8 ч.1 (Управление ТС в состоянии опьянения),1000,Оплачен
1228,94,2026-05-03,Статья 12.16 ч.4 (Выезд на встречную полосу),5000,Не оплачен
1229,9,2026-01-13,Статья 12.9 ч.2 (Превышение скорости на 20-40 км/ч),1500,Не оплачен
1230,1057,2026-02-12,Статья 12.6 (Непристегнутый ремень безопасности),2500,Не оплачен
1231,1063,2026-02-14,Статья 12.8 ч.1 (Управление ТС в состоянии опьянения),500,Не оплачен
1232,814,2026-05-06,Статья 12.6 (Непристегнутый ремень безопасности),5000,Не оплачен
1233,710,2026-03-25,Статья 12.36.1 (Использование телефона за рулем),1500,Не оплачен
1234,312,2026-01-03,Статья 12.18 (Непредоставление преимущества пешеходу),4000,Не оплачен
1235,312,2026-02-20,Статья 12.12 ч.1 (Проезд на красный свет),1000,Не оплачен
1236,204,2026-05-11,Статья 12.8 ч.1 (Управление ТС в состоянии опьянения),3500,Не оплачен
1237,49,2026-01-05,Статья 12.6 (Непристегнутый ремень безопасности),2500,Оплачен
1238,465,2026-02-19,Статья 12.9 ч.2 (Превышение скорости на 20-40 км/ч),3500,Оплачен
1239,591,2026-02-04,Статья 12.19 ч.3 (Остановка на пешеходном переходе),2500,Оплачен
1240,1100,2026-04-22,Статья 12.19 ч.3 (Остановка на пешеходном переходе),3000,Не оплачен
1241,359,2026-05-03,Статья 12.19 ч.3 (Остановка на пешеходном переходе),2000,Не оплачен
1242,315,2026-04-12,Статья 12.19 ч.3 (Остановка на пешеходном переходе),500,Оплачен
1243,1044,2026-04-03,Статья 12.16 ч.4 (Выезд на встречную полосу),500,Оплачен
1244,939,2026-04-27,Статья 12.18 (Непредоставление преимущества пешеходу),3000,Оплачен
1245,649,2026-01-03,Статья 12.9 ч.2 (Превышение скорости на 20-40 км/ч),2000,Оплачен
1246,683,2026-05-30,Статья 12.18 (Непредоставление преимущества пешеходу),2500,Не оплачен
1247,55,2026-03-12,Статья 12.9 ч.2 (Превышение скорости на 20-40 км/ч),2500,Не оплачен
1248,491,2026-04-04,Статья 12.8 ч.1 (Управление ТС в состоянии опьянения),2500,Оплачен
1249,909,2026-04-16,Статья 12.19 ч.3 (Остановка на пешеходном переходе),4000,Не оплачен
1250,678,2026-04-16,Статья 12.12 ч.1 (Проезд на красный свет),1000,Оплачен
1251,183,2026-03-31,Статья 12.16 ч.4 (Выезд на встречную полосу),1500,Оплачен
1252,617,2026-05-11,Статья 12.16 ч.4 (Выезд на встречную полосу),1500,Оплачен
1253,639,2026-04-04,Статья 12.6 (Непристегнутый ремень безопасности),500,Не оплачен
1254,968,2026-03-31,Статья 12.36.1 (Использование телефона за рулем),4000,Оплачен
1255,273,2026-05-01,Статья 12.18 (Непредоставление преимущества пешеходу),1000,Оплачен
1256,793,2026-03-06,Статья 12.8 ч.1 (Управление ТС в состоянии опьянения),4000,Не оплачен
1257,691,2026-04-23,Статья 12.9 ч.2 (Превышение скорости на 20-40 км/ч),2500,Не оплачен
1258,801,2026-04-16,Статья 12.6 (Непристегнутый ремень безопасности),4000,Не оплачен
1259,39,2026-02-04,Статья 12.36.1 (Использование телефона за рулем),4500,Оплачен
1260,387,2026-01-17,Статья 12.19 ч.3 (Остановка на пешеходном переходе),3000,Оплачен
1261,1022,2026-05-15,Статья 12.6 (Непристегнутый ремень безопасности),2500,Не оплачен
1262,972,2026-01-04,Статья 12.18 (Непредоставление преимущества пешеходу),4500,Не оплачен
1263,381,2026-05-09,Статья 12.6 (Непристегнутый ремень безопасности),1500,Оплачен
1264,546,2026-05-21,Статья 12.18 (Непредоставление преимущества пешеходу),5000,Не оплачен
1265,411,2026-03-11,Статья 12.18 (Непредоставление преимущества пешеходу),3000,Оплачен
1266,430,2026-04-23,Статья 12.6 (Непристегнутый ремень безопасности),4500,Не оплачен
1267,670,2026-02-20,Статья 12.12 ч.1 (Проезд на красный свет),500,Оплачен
1268,472,2026-05-19,Статья 12.16 ч.4 (Выезд на встречную полосу),1000,Не оплачен
1269,124,2026-04-16,Статья 12.18 (Непредоставление преимущества пешеходу),2500,Оплачен
1270,1061,2026-05-22,Статья 12.19 ч.3 (Остановка на пешеходном переходе),4000,Не оплачен
1271,643,2026-01-19,Статья 12.36.1 (Использование телефона за рулем),2500,Оплачен
1272,444,2026-05-09,Статья 12.36.1 (Использование телефона за рулем),4500,Не оплачен
1273,94,2026-01-11,Статья 12.19 ч.3 (Остановка на пешеходном переходе),4000,Не оплачен
1274,1033,2026-05-14,Статья 12.36.1 (Использование телефона за рулем),4000,Оплачен
1275,408,2026-03-07,Статья 12.16 ч.4 (Выезд на встречную полосу),1500,Не оплачен
1276,376,2026-01-08,Статья 12.19 ч.3 (Остановка на пешеходном переходе),1500,Оплачен
1277,887,2026-03-29,Статья 12.36.1 (Использование телефона за рулем),3000,Оплачен
1278,803,2026-05-17,Статья 12.18 (Непредоставление преимущества пешеходу),1000,Не оплачен
1279,21,2026-03-07,Статья 12.9 ч.2 (Превышение скорости на 20-40 км/ч),3500,Не оплачен
1280,489,2026-05-04,Статья 12.6 (Непристегнутый ремень безопасности),5000,Не оплачен
1281,648,2026-03-25,Статья 12.18 (Непредоставление преимущества пешеходу),500,Не оплачен
1282,484,2026-02-20,Статья 12.9 ч.2 (Превышение скорости на 20-40 км/ч),500,Оплачен
1283,152,2026-04-22,Статья 12.36.1 (Использование телефона за рулем),4000,Оплачен
1284,729,2026-03-25,Статья 12.12 ч.1 (Проезд на красный свет),1000,Не оплачен
1285,421,2026-01-04,Статья 12.6 (Непристегнутый ремень безопасности),3000,Оплачен
1286,608,2026-05-27,Статья 12.6 (Непристегнутый ремень безопасности),4500,Оплачен
1287,293,2026-06-01,Статья 12.19 ч.3 (Остановка на пешеходном переходе),500,Оплачен
1288,150,2026-05-07,Статья 12.18 (Непредоставление преимущества пешеходу),3500,Оплачен
1289,456,2026-01-23,Статья 12.9 ч.2 (Превышение скорости на 20-40 км/ч),1500,Оплачен
1290,324,2026-03-20,Статья 12.8 ч.1 (Управление ТС в состоянии опьянения),4500,Не оплачен
1291,940,2026-03-13,Статья 12.36.1 (Использование телефона за рулем),2500,Не оплачен
1292,1061,2026-02-15,Статья 12.16 ч.4 (Выезд на встречную полосу),3500,Оплачен
1293,905,2026-01-10,Статья 12.18 (Непредоставление преимущества пешеходу),1500,Не оплачен
1294,1019,2026-05-13,Статья 12.18 (Непредоставление преимущества пешеходу),4500,Не оплачен
1295,2,2026-02-21,Статья 12.8 ч.1 (Управление ТС в состоянии опьянения),4500,Оплачен
1296,299,2026-05-20,Статья 12.19 ч.3 (Остановка на пешеходном переходе),5000,Оплачен
1297,265,2026-05-22,Статья 12.19 ч.3 (Остановка на пешеходном переходе),2000,Оплачен
1298,1045,2026-01-13,Статья 12.16 ч.4 (Выезд на встречную полосу),1500,Не оплачен
1299,948,2026-02-25,Статья 12.12 ч.1 (Проезд на красный свет),3000,Не оплачен
1300,443,2026-01-03,Статья 12.18 (Непредоставление преимущества пешеходу),1500,Не оплачен
1301,973,2026-03-20,Статья 12.19 ч.3 (Остановка на пешеходном переходе),4000,Не оплачен
1302,17,2026-03-30,Статья 12.19 ч.3 (Остановка на пешеходном переходе),1000,Не оплачен
1303,447,2026-02-21,Статья 12.6 (Непристегнутый ремень безопасности),1000,Оплачен
1304,1000,2026-01-17,Статья 12.6 (Непристегнутый ремень безопасности),3000,Не оплачен
1305,961,2026-03-26,Статья 12.12 ч.1 (Проезд на красный свет),1500,Оплачен
1306,40,2026-01-14,Статья 12.16 ч.4 (Выезд на встречную полосу),2500,Оплачен
1307,554,2026-02-27,Статья 12.12 ч.1 (Проезд на красный свет),4500,Оплачен
1308,393,2026-04-30,Статья 12.12 ч.1 (Проезд на красный свет),4000,Не оплачен
1309,901,2026-05-09,Статья 12.9 ч.2 (Превышение скорости на 20-40 км/ч),2500,Не оплачен
1310,506,2026-05-30,Статья 12.6 (Непристегнутый ремень безопасности),1500,Не оплачен
1311,751,2026-03-23,Статья 12.8 ч.1 (Управление ТС в состоянии опьянения),2500,Оплачен
1312,2,2026-01-31,Статья 12.16 ч.4 (Выезд на встречную полосу),1500,Не оплачен
1313,1037,2026-03-19,Статья 12.19 ч.3 (Остановка на пешеходном переходе),2000,Оплачен
1314,437,2026-01-09,Статья 12.8 ч.1 (Управление ТС в состоянии опьянения),4500,Не оплачен
1315,625,2026-04-28,Статья 12.18 (Непредоставление преимущества пешеходу),1000,Оплачен
1316,518,2026-01-18,Статья 12.12 ч.1 (Проезд на красный свет),1500,Не оплачен
1317,598,2026-02-08,Статья 12.18 (Непредоставление преимущества пешеходу),500,Не оплачен
1318,143,2026-05-17,Статья 12.19 ч.3 (Остановка на пешеходном переходе),500,Не оплачен
1319,814,2026-05-12,Статья 12.8 ч.1 (Управление ТС в состоянии опьянения),2500,Не оплачен
1320,857,2026-03-10,Статья 12.8 ч.1 (Управление ТС в состоянии опьянения),5000,Не оплачен
1321,253,2026-03-11,Статья 12.8 ч.1 (Управление ТС в состоянии опьянения),500,Оплачен
1322,152,2026-01-16,Статья 12.36.1 (Использование телефона за рулем),4500,Оплачен
1323,652,2026-05-25,Статья 12.9 ч.2 (Превышение скорости на 20-40 км/ч),3000,Не оплачен
1324,1158,2026-03-28,Статья 12.18 (Непредоставление преимущества пешеходу),4000,Не оплачен
1325,1088,2026-02-14,Статья 12.16 ч.4 (Выезд на встречную полосу),5000,Не оплачен
1326,405,2026-01-22,Статья 12.18 (Непредоставление преимущества пешеходу),1000,Оплачен
1327,660,2026-01-15,Статья 12.36.1 (Использование телефона за рулем),4000,Оплачен
1328,1066,2026-04-29,Статья 12.16 ч.4 (Выезд на встречную полосу),3500,Оплачен
1329,1,2026-01-31,Статья 12.12 ч.1 (Проезд на красный свет),2000,Не оплачен
1330,205,2026-04-22,Статья 12.18 (Непредоставление преимущества пешеходу),3500,Не оплачен
1331,755,2026-05-27,Статья 12.16 ч.4 (Выезд на встречную полосу),500,Не оплачен
1332,43,2026-04-15,Статья 12.18 (Непредоставление преимущества пешеходу),4500,Оплачен
1333,567,2026-03-27,Статья 12.8 ч.1 (Управление ТС в состоянии опьянения),1000,Оплачен
1334,683,2026-04-04,Статья 12.8 ч.1 (Управление ТС в состоянии опьянения),3000,Оплачен
1335,1067,2026-04-29,Статья 12.19 ч.3 (Остановка на пешеходном переходе),3500,Не оплачен
1336,694,2026-02-28,Статья 12.36.1 (Использование телефона за рулем),5000,Не оплачен
1337,1131,2026-04-05,Статья 12.12 ч.1 (Проезд на красный свет),1000,Оплачен
1338,1161,2026-03-12,Статья 12.18 (Непредоставление преимущества пешеходу),4000,Не оплачен
1339,701,2026-05-27,Статья 12.18 (Непредоставление преимущества пешеходу),1500,Не оплачен
1340,591,2026-05-04,Статья 12.19 ч.3 (Остановка на пешеходном переходе),4000,Не оплачен
1341,164,2026-04-07,Статья 12.12 ч.1 (Проезд на красный свет),4500,Оплачен
1342,168,2026-04-03,Статья 12.36.1 (Использование телефона за рулем),2500,Оплачен
1343,400,2026-02-23,Статья 12.6 (Непристегнутый ремень безопасности),5000,Не оплачен
1344,277,2026-01-04,Статья 12.19 ч.3 (Остановка на пешеходном переходе),2000,Не оплачен
1345,156,2026-01-17,Статья 12.16 ч.4 (Выезд на встречную полосу),3000,Оплачен
1346,703,2026-03-25,Статья 12.8 ч.1 (Управление ТС в состоянии опьянения),5000,Не оплачен
1347,912,2026-02-14,Статья 12.8 ч.1 (Управление ТС в состоянии опьянения),2000,Оплачен
1348,773,2026-01-10,Статья 12.8 ч.1 (Управление ТС в состоянии опьянения),2500,Не оплачен
1349,79,2026-01-23,Статья 12.12 ч.1 (Проезд на красный свет),2500,Не оплачен
1350,241,2026-04-22,Статья 12.9 ч.2 (Превышение скорости на 20-40 км/ч),1500,Не оплачен
1351,633,2026-05-15,Статья 12.16 ч.4 (Выезд на встречную полосу),3500,Оплачен
1352,1079,2026-05-24,Статья 12.12 ч.1 (Проезд на красный свет),2000,Не оплачен
1353,1121,2026-01-27,Статья 12.36.1 (Использование телефона за рулем),2000,Оплачен
1354,531,2026-03-20,Статья 12.9 ч.2 (Превышение скорости на 20-40 км/ч),3000,Оплачен
1355,877,2026-03-09,Статья 12.6 (Непристегнутый ремень безопасности),5000,Оплачен
1356,982,2026-05-22,Статья 12.12 ч.1 (Проезд на красный свет),500,Оплачен
1357,572,2026-04-04,Статья 12.19 ч.3 (Остановка на пешеходном переходе),2500,Не оплачен
1358,880,2026-05-26,Статья 12.9 ч.2 (Превышение скорости на 20-40 км/ч),4500,Не оплачен
1359,1168,2026-01-07,Статья 12.12 ч.1 (Проезд на красный свет),3000,Не оплачен
1360,566,2026-03-23,Статья 12.9 ч.2 (Превышение скорости на 20-40 км/ч),3000,Оплачен
1361,917,2026-05-18,Статья 12.8 ч.1 (Управление ТС в состоянии опьянения),1500,Оплачен
1362,229,2026-04-22,Статья 12.12 ч.1 (Проезд на красный свет),500,Оплачен
1363,1068,2026-03-01,Статья 12.18 (Непредоставление преимущества пешеходу),3000,Не оплачен
1364,1172,2026-05-06,Статья 12.12 ч.1 (Проезд на красный свет),5000,Не оплачен
1365,436,2026-02-11,Статья 12.6 (Непристегнутый ремень безопасности),2000,Оплачен
1366,567,2026-03-29,Статья 12.16 ч.4 (Выезд на встречную полосу),2000,Оплачен
1367,993,2026-05-13,Статья 12.16 ч.4 (Выезд на встречную полосу),5000,Оплачен
1368,734,2026-05-14,Статья 12.18 (Непредоставление преимущества пешеходу),1500,Оплачен
1369,1075,2026-04-23,Статья 12.9 ч.2 (Превышение скорости на 20-40 км/ч),500,Оплачен
1370,54,2026-03-06,Статья 12.6 (Непристегнутый ремень безопасности),4500,Оплачен
1371,1183,2026-05-18,Статья 12.36.1 (Использование телефона за рулем),1500,Оплачен
1372,1111,2026-05-27,Статья 12.36.1 (Использование телефона за рулем),3000,Не оплачен
1373,159,2026-01-23,Статья 12.9 ч.2 (Превышение скорости на 20-40 км/ч),500,Не оплачен
1374,101,2026-04-29,Статья 12.19 ч.3 (Остановка на пешеходном переходе),1000,Оплачен
1375,88,2026-03-28,Статья 12.12 ч.1 (Проезд на красный свет),3500,Оплачен
1376,869,2026-06-01,Статья 12.18 (Непредоставление преимущества пешеходу),1000,Не оплачен
1377,720,2026-02-24,Статья 12.9 ч.2 (Превышение скорости на 20-40 км/ч),500,Оплачен
1378,946,2026-03-09,Статья 12.19 ч.3 (Остановка на пешеходном переходе),4500,Не оплачен
1379,138,2026-01-26,Статья 12.12 ч.1 (Проезд на красный свет),2500,Не оплачен
1380,269,2026-05-11,Статья 12.6 (Непристегнутый ремень безопасности),2000,Оплачен
1381,168,2026-04-21,Статья 12.19 ч.3 (Остановка на пешеходном переходе),5000,Оплачен
1382,338,2026-03-25,Статья 12.18 (Непредоставление преимущества пешеходу),4000,Не оплачен
1383,550,2026-02-24,Статья 12.12 ч.1 (Проезд на красный свет),5000,Оплачен
1384,832,2026-01-28,Статья 12.19 ч.3 (Остановка на пешеходном переходе),4000,Оплачен
1385,369,2026-03-09,Статья 12.19 ч.3 (Остановка на пешеходном переходе),1000,Оплачен
1386,1161,2026-03-08,Статья 12.36.1 (Использование телефона за рулем),2500,Оплачен
1387,458,2026-01-21,Статья 12.12 ч.1 (Проезд на красный свет),1000,Не оплачен
1388,122,2026-05-28,Статья 12.6 (Непристегнутый ремень безопасности),3000,Не оплачен
1389,747,2026-03-07,Статья 12.19 ч.3 (Остановка на пешеходном переходе),5000,Оплачен
1390,551,2026-03-12,Статья 12.9 ч.2 (Превышение скорости на 20-40 км/ч),5000,Оплачен
1391,418,2026-05-28,Статья 12.8 ч.1 (Управление ТС в состоянии опьянения),2000,Не оплачен
1392,1111,2026-05-14,Статья 12.18 (Непредоставление преимущества пешеходу),1000,Оплачен
1393,783,2026-04-09,Статья 12.8 ч.1 (Управление ТС в состоянии опьянения),3000,Оплачен
1394,527,2026-02-25,Статья 12.6 (Непристегнутый ремень безопасности),1500,Оплачен
1395,259,2026-03-29,Статья 12.9 ч.2 (Превышение скорости на 20-40 км/ч),500,Оплачен
1396,1197,2026-02-02,Статья 12.8 ч.1 (Управление ТС в состоянии опьянения),500,Оплачен
1397,603,2026-01-03,Статья 12.6 (Непристегнутый ремень безопасности),4000,Оплачен
1398,163,2026-03-11,Статья 12.6 (Непристегнутый ремень безопасности),4500,Оплачен
1399,935,2026-04-12,Статья 12.18 (Непредоставление преимущества пешеходу),500,Не оплачен
1400,648,2026-03-13,Статья 12.6 (Непристегнутый ремень безопасности),3000,Не оплачен
1401,215,2026-02-08,Статья 12.18 (Непредоставление преимущества пешеходу),1000,Не оплачен
1402,533,2026-05-30,Статья 12.9 ч.2 (Превышение скорости на 20-40 км/ч),2500,Не оплачен
1403,1178,2026-05-06,Статья 12.6 (Непристегнутый ремень безопасности),4000,Оплачен
1404,178,2026-05-17,Статья 12.6 (Непристегнутый ремень безопасности),2500,Не оплачен
1405,705,2026-05-25,Статья 12.36.1 (Использование телефона за рулем),2000,Оплачен
1406,764,2026-04-27,Статья 12.8 ч.1 (Управление ТС в состоянии опьянения),1500,Не оплачен
1407,1056,2026-03-20,Статья 12.36.1 (Использование телефона за рулем),5000,Не оплачен
1408,715,2026-01-01,Статья 12.18 (Непредоставление преимущества пешеходу),5000,Не оплачен
1409,11,2026-03-02,Статья 12.19 ч.3 (Остановка на пешеходном переходе),3500,Оплачен
1410,296,2026-05-05,Статья 12.6 (Непристегнутый ремень безопасности),1000,Оплачен
1411,499,2026-03-27,Статья 12.18 (Непредоставление преимущества пешеходу),5000,Оплачен
1412,717,2026-03-20,Статья 12.18 (Непредоставление преимущества пешеходу),3500,Не оплачен
1413,1135,2026-05-11,Статья 12.6 (Непристегнутый ремень безопасности),3500,Не оплачен
1414,985,2026-05-21,Статья 12.12 ч.1 (Проезд на красный свет),4500,Оплачен
1415,48,2026-01-08,Статья 12.6 (Непристегнутый ремень безопасности),2500,Не оплачен
1416,812,2026-05-24,Статья 12.19 ч.3 (Остановка на пешеходном переходе),5000,Не оплачен
1417,874,2026-04-15,Статья 12.6 (Непристегнутый ремень безопасности),4000,Не оплачен
1418,670,2026-03-16,Статья 12.6 (Непристегнутый ремень безопасности),3000,Не оплачен
1419,81,2026-03-30,Статья 12.12 ч.1 (Проезд на красный свет),500,Оплачен
1420,549,2026-01-21,Статья 12.12 ч.1 (Проезд на красный свет),1000,Не оплачен
1421,1196,2026-04-20,Статья 12.18 (Непредоставление преимущества пешеходу),500,Оплачен
1422,41,2026-04-27,Статья 12.6 (Непристегнутый ремень безопасности),4000,Оплачен
1423,52,2026-05-19,Статья 12.18 (Непредоставление преимущества пешеходу),500,Не оплачен
1424,608,2026-05-23,Статья 12.18 (Непредоставление преимущества пешеходу),4000,Не оплачен
1425,693,2026-03-07,Статья 12.16 ч.4 (Выезд на встречную полосу),5000,Оплачен
1426,215,2026-05-24,Статья 12.16 ч.4 (Выезд на встречную полосу),4500,Не оплачен
1427,141,2026-05-27,Статья 12.6 (Непристегнутый ремень безопасности),3000,Не оплачен
1428,1022,2026-03-10,Статья 12.8 ч.1 (Управление ТС в состоянии опьянения),2500,Оплачен
1429,175,2026-04-04,Статья 12.9 ч.2 (Превышение скорости на 20-40 км/ч),5000,Не оплачен
1430,927,2026-04-29,Статья 12.8 ч.1 (Управление ТС в состоянии опьянения),3000,Не оплачен
1431,889,2026-01-05,Статья 12.6 (Непристегнутый ремень безопасности),2000,Оплачен
1432,307,2026-02-10,Статья 12.16 ч.4 (Выезд на встречную полосу),1000,Оплачен
1433,1049,2026-05-19,Статья 12.9 ч.2 (Превышение скорости на 20-40 км/ч),2500,Оплачен
1434,419,2026-01-23,Статья 12.9 ч.2 (Превышение скорости на 20-40 км/ч),2000,Не оплачен
1435,748,2026-01-26,Статья 12.16 ч.4 (Выезд на встречную полосу),2500,Оплачен
1436,447,2026-04-21,Статья 12.18 (Непредоставление преимущества пешеходу),4500,Оплачен
1437,91,2026-05-23,Статья 12.16 ч.4 (Выезд на встречную полосу),500,Не оплачен
1438,60,2026-03-26,Статья 12.18 (Непредоставление преимущества пешеходу),4500,Не оплачен
1439,256,2026-01-26,Статья 12.36.1 (Использование телефона за рулем),4500,Не оплачен
1440,866,2026-02-02,Статья 12.18 (Непредоставление преимущества пешеходу),4000,Оплачен
1441,20,2026-03-09,Статья 12.12 ч.1 (Проезд на красный свет),4000,Оплачен
1442,841,2026-05-20,Статья 12.36.1 (Использование телефона за рулем),5000,Оплачен
1443,480,2026-05-02,Статья 12.16 ч.4 (Выезд на встречную полосу),2000,Оплачен
1444,1087,2026-01-01,Статья 12.16 ч.4 (Выезд на встречную полосу),1500,Оплачен
1445,314,2026-03-27,Статья 12.8 ч.1 (Управление ТС в состоянии опьянения),4500,Не оплачен
1446,1012,2026-05-14,Статья 12.19 ч.3 (Остановка на пешеходном переходе),1500,Оплачен
1447,906,2026-03-14,Статья 12.9 ч.2 (Превышение скорости на 20-40 км/ч),2000,Оплачен
1448,52,2026-05-11,Статья 12.16 ч.4 (Выезд на встречную полосу),4500,Оплачен
1449,659,2026-02-18,Статья 12.8 ч.1 (Управление ТС в состоянии опьянения),3500,Не оплачен
1450,57,2026-01-26,Статья 12.36.1 (Использование телефона за рулем),3500,Не оплачен
1451,960,2026-04-24,Статья 12.6 (Непристегнутый ремень безопасности),500,Не оплачен
1452,935,2026-04-15,Статья 12.9 ч.2 (Превышение скорости на 20-40 км/ч),2500,Не оплачен
1453,71,2026-05-30,Статья 12.36.1 (Использование телефона за рулем),4000,Оплачен
1454,235,2026-02-13,Статья 12.8 ч.1 (Управление ТС в состоянии опьянения),4000,Оплачен
1455,379,2026-01-14,Статья 12.12 ч.1 (Проезд на красный свет),5000,Не оплачен
1456,628,2026-05-21,Статья 12.36.1 (Использование телефона за рулем),5000,Оплачен
1457,272,2026-01-20,Статья 12.12 ч.1 (Проезд на красный свет),4500,Оплачен
1458,1169,2026-03-29,Статья 12.8 ч.1 (Управление ТС в состоянии опьянения),2000,Оплачен
1459,507,2026-05-04,Статья 12.6 (Непристегнутый ремень безопасности),4000,Оплачен
1460,562,2026-01-15,Статья 12.8 ч.1 (Управление ТС в состоянии опьянения),4000,Оплачен
1461,321,2026-05-17,Статья 12.8 ч.1 (Управление ТС в состоянии опьянения),3000,Оплачен
1462,483,2026-06-01,Статья 12.16 ч.4 (Выезд на встречную полосу),1500,Оплачен
1463,607,2026-03-13,Статья 12.6 (Непристегнутый ремень безопасности),3000,Не оплачен
1464,870,2026-05-10,Статья 12.36.1 (Использование телефона за рулем),500,Не оплачен
1465,629,2026-05-05,Статья 12.9 ч.2 (Превышение скорости на 20-40 км/ч),2000,Оплачен
1466,594,2026-01-06,Статья 12.36.1 (Использование телефона за рулем),4000,Не оплачен
1467,287,2026-01-29,Статья 12.8 ч.1 (Управление ТС в состоянии опьянения),1500,Оплачен
1468,139,2026-04-21,Статья 12.36.1 (Использование телефона за рулем),4000,Оплачен
1469,66,2026-05-06,Статья 12.6 (Непристегнутый ремень безопасности),2000,Не оплачен
1470,385,2026-04-12,Статья 12.16 ч.4 (Выезд на встречную полосу),4500,Оплачен
1471,635,2026-02-10,Статья 12.16 ч.4 (Выезд на встречную полосу),5000,Оплачен
1472,687,2026-03-17,Статья 12.9 ч.2 (Превышение скорости на 20-40 км/ч),500,Не оплачен
1473,795,2026-05-01,Статья 12.8 ч.1 (Управление ТС в состоянии опьянения),5000,Оплачен
1474,322,2026-03-20,Статья 12.16 ч.4 (Выезд на встречную полосу),3500,Оплачен
1475,674,2026-01-17,Статья 12.16 ч.4 (Выезд на встречную полосу),3000,Оплачен
1476,1086,2026-05-12,Статья 12.8 ч.1 (Управление ТС в состоянии опьянения),5000,Оплачен
1477,1007,2026-05-10,Статья 12.19 ч.3 (Остановка на пешеходном переходе),1000,Оплачен
1478,54,2026-05-24,Статья 12.19 ч.3 (Остановка на пешеходном переходе),4500,Не оплачен
1479,1075,2026-01-10,Статья 12.9 ч.2 (Превышение скорости на 20-40 км/ч),1000,Оплачен
1480,154,2026-04-29,Статья 12.8 ч.1 (Управление ТС в состоянии опьянения),4000,Оплачен
1481,135,2026-01-29,Статья 12.12 ч.1 (Проезд на красный свет),5000,Не оплачен
1482,364,2026-05-20,Статья 12.12 ч.1 (Проезд на красный свет),4500,Оплачен
1483,289,2026-01-16,Статья 12.18 (Непредоставление преимущества пешеходу),4500,Оплачен
1484,165,2026-05-06,Статья 12.12 ч.1 (Проезд на красный свет),5000,Оплачен
1485,633,2026-04-29,Статья 12.18 (Непредоставление преимущества пешеходу),1500,Оплачен
1486,532,2026-04-08,Статья 12.12 ч.1 (Проезд на красный свет),1500,Не оплачен
1487,921,2026-05-14,Статья 12.36.1 (Использование телефона за рулем),3500,Не оплачен
1488,652,2026-05-22,Статья 12.19 ч.3 (Остановка на пешеходном переходе),2000,Оплачен
1489,1182,2026-04-24,Статья 12.16 ч.4 (Выезд на встречную полосу),5000,Оплачен
1490,334,2026-02-16,Статья 12.12 ч.1 (Проезд на красный свет),2500,Не оплачен
1491,674,2026-01-04,Статья 12.19 ч.3 (Остановка на пешеходном переходе),2000,Оплачен
1492,1007,2026-05-12,Статья 12.6 (Непристегнутый ремень безопасности),2000,Не оплачен
1493,688,2026-03-25,Статья 12.16 ч.4 (Выезд на встречную полосу),4500,Оплачен
1494,1153,2026-05-21,Статья 12.12 ч.1 (Проезд на красный свет),4500,Оплачен
1495,674,2026-04-07,Статья 12.12 ч.1 (Проезд на красный свет),500,Не оплачен
1496,1027,2026-04-15,Статья 12.19 ч.3 (Остановка на пешеходном переходе),3500,Оплачен
1497,284,2026-04-02,Статья 12.16 ч.4 (Выезд на встречную полосу),2000,Оплачен
1498,399,2026-05-04,Статья 12.36.1 (Использование телефона за рулем),4000,Оплачен
1499,136,2026-03-02,Статья 12.18 (Непредоставление преимущества пешеходу),5000,Не оплачен
1500,1139,2026-02-26,Статья 12.9 ч.2 (Превышение скорости на 20-40 км/ч),2500,Оплачен
1501,677,2026-03-26,Статья 12.18 (Непредоставление преимущества пешеходу),4500,Не оплачен
1502,973,2026-04-01,Статья 12.18 (Непредоставление преимущества пешеходу),1500,Не оплачен
1503,865,2026-03-16,Статья 12.8 ч.1 (Управление ТС в состоянии опьянения),500,Не оплачен
1504,48,2026-03-18,Статья 12.6 (Непристегнутый ремень безопасности),4000,Оплачен
1505,240,2026-04-14,Статья 12.18 (Непредоставление преимущества пешеходу),5000,Оплачен
1506,1004,2026-05-01,Статья 12.36.1 (Использование телефона за рулем),1500,Оплачен
1507,177,2026-03-05,Статья 12.12 ч.1 (Проезд на красный свет),5000,Не оплачен
1508,431,2026-03-08,Статья 12.19 ч.3 (Остановка на пешеходном переходе),2000,Оплачен
1509,72,2026-03-25,Статья 12.9 ч.2 (Превышение скорости на 20-40 км/ч),2000,Оплачен
1510,143,2026-01-24,Статья 12.6 (Непристегнутый ремень безопасности),1000,Не оплачен
1511,1024,2026-01-29,Статья 12.9 ч.2 (Превышение скорости на 20-40 км/ч),3500,Оплачен
1512,166,2026-05-01,Статья 12.36.1 (Использование телефона за рулем),2000,Не оплачен
1513,155,2026-03-02,Статья 12.6 (Непристегнутый ремень безопасности),4000,Не оплачен
1514,848,2026-06-01,Статья 12.36.1 (Использование телефона за рулем),3500,Не оплачен
1515,442,2026-01-26,Статья 12.36.1 (Использование телефона за рулем),4000,Не оплачен
1516,574,2026-02-20,Статья 12.8 ч.1 (Управление ТС в состоянии опьянения),3000,Оплачен
1517,658,2026-02-16,Статья 12.19 ч.3 (Остановка на пешеходном переходе),500,Не оплачен
1518,418,2026-02-12,Статья 12.9 ч.2 (Превышение скорости на 20-40 км/ч),1500,Оплачен
1519,996,2026-03-12,Статья 12.9 ч.2 (Превышение скорости на 20-40 км/ч),2500,Не оплачен
1520,433,2026-05-22,Статья 12.16 ч.4 (Выезд на встречную полосу),4500,Оплачен
1521,847,2026-06-01,Статья 12.36.1 (Использование телефона за рулем),1000,Не оплачен
1522,1115,2026-04-23,Статья 12.19 ч.3 (Остановка на пешеходном переходе),1000,Не оплачен
1523,1168,2026-04-29,Статья 12.19 ч.3 (Остановка на пешеходном переходе),2500,Не оплачен
1524,1187,2026-02-14,Статья 12.19 ч.3 (Остановка на пешеходном переходе),3500,Не оплачен
1525,472,2026-02-28,Статья 12.36.1 (Использование телефона за рулем),5000,Не оплачен
1526,365,2026-05-04,Статья 12.16 ч.4 (Выезд на встречную полосу),500,Не оплачен
1527,175,2026-03-24,Статья 12.9 ч.2 (Превышение скорости на 20-40 км/ч),3000,Оплачен
1528,408,2026-05-17,Статья 12.9 ч.2 (Превышение скорости на 20-40 км/ч),4500,Оплачен
1529,1163,2026-02-15,Статья 12.6 (Непристегнутый ремень безопасности),5000,Не оплачен
1530,1062,2026-01-09,Статья 12.36.1 (Использование телефона за рулем),3000,Не оплачен
1531,1059,2026-05-30,Статья 12.19 ч.3 (Остановка на пешеходном переходе),2000,Не оплачен
1532,684,2026-03-08,Статья 12.12 ч.1 (Проезд на красный свет),5000,Оплачен
1533,931,2026-01-13,Статья 12.16 ч.4 (Выезд на встречную полосу),2000,Не оплачен
1534,828,2026-01-23,Статья 12.12 ч.1 (Проезд на красный свет),2000,Не оплачен
1535,1035,2026-02-22,Статья 12.18 (Непредоставление преимущества пешеходу),5000,Оплачен
1536,91,2026-01-13,Статья 12.36.1 (Использование телефона за рулем),1500,Оплачен
1537,847,2026-03-07,Статья 12.19 ч.3 (Остановка на пешеходном переходе),3500,Не оплачен
1538,48,2026-01-06,Статья 12.8 ч.1 (Управление ТС в состоянии опьянения),1000,Не оплачен
1539,1009,2026-01-16,Статья 12.18 (Непредоставление преимущества пешеходу),4500,Оплачен
1540,629,2026-05-02,Статья 12.36.1 (Использование телефона за рулем),5000,Оплачен
1541,386,2026-02-11,Статья 12.18 (Непредоставление преимущества пешеходу),1500,Не оплачен
1542,721,2026-05-10,Статья 12.18 (Непредоставление преимущества пешеходу),1500,Не оплачен
1543,623,2026-01-18,Статья 12.19 ч.3 (Остановка на пешеходном переходе),500,Оплачен
1544,160,2026-03-26,Статья 12.8 ч.1 (Управление ТС в состоянии опьянения),4000,Не оплачен
1545,610,2026-01-16,Статья 12.6 (Непристегнутый ремень безопасности),2500,Не оплачен
1546,647,2026-03-04,Статья 12.18 (Непредоставление преимущества пешеходу),500,Оплачен
1547,533,2026-03-11,Статья 12.16 ч.4 (Выезд на встречную полосу),2000,Не оплачен
1548,978,2026-01-28,Статья 12.12 ч.1 (Проезд на красный свет),2000,Оплачен
1549,751,2026-01-16,Статья 12.6 (Непристегнутый ремень безопасности),500,Оплачен
1550,164,2026-03-30,Статья 12.6 (Непристегнутый ремень безопасности),1500,Оплачен
1551,76,2026-05-05,Статья 12.6 (Непристегнутый ремень безопасности),5000,Оплачен
1552,368,2026-04-03,Статья 12.18 (Непредоставление преимущества пешеходу),3500,Оплачен
1553,120,2026-05-19,Статья 12.12 ч.1 (Проезд на красный свет),1500,Не оплачен
1554,297,2026-01-25,Статья 12.8 ч.1 (Управление ТС в состоянии опьянения),5000,Не оплачен
1555,1024,2026-04-22,Статья 12.18 (Непредоставление преимущества пешеходу),1000,Не оплачен
1556,478,2026-01-15,Статья 12.19 ч.3 (Остановка на пешеходном переходе),2000,Оплачен
1557,557,2026-03-27,Статья 12.12 ч.1 (Проезд на красный свет),4500,Не оплачен
1558,723,2026-03-13,Статья 12.19 ч.3 (Остановка на пешеходном переходе),3000,Не оплачен
1559,1008,2026-04-22,Статья 12.8 ч.1 (Управление ТС в состоянии опьянения),5000,Оплачен
1560,273,2026-01-24,Статья 12.8 ч.1 (Управление ТС в состоянии опьянения),4500,Оплачен
1561,696,2026-02-27,Статья 12.12 ч.1 (Проезд на красный свет),3000,Оплачен
1562,402,2026-01-11,Статья 12.19 ч.3 (Остановка на пешеходном переходе),3000,Оплачен
1563,150,2026-02-17,Статья 12.19 ч.3 (Остановка на пешеходном переходе),5000,Не оплачен
1564,163,2026-05-03,Статья 12.12 ч.1 (Проезд на красный свет),500,Не оплачен
1565,1147,2026-05-20,Статья 12.19 ч.3 (Остановка на пешеходном переходе),1500,Не оплачен
1566,1162,2026-01-20,Статья 12.9 ч.2 (Превышение скорости на 20-40 км/ч),1000,Оплачен
1567,1000,2026-02-09,Статья 12.9 ч.2 (Превышение скорости на 20-40 км/ч),4500,Оплачен
1568,503,2026-01-28,Статья 12.19 ч.3 (Остановка на пешеходном переходе),2000,Не оплачен
1569,513,2026-02-24,Статья 12.18 (Непредоставление преимущества пешеходу),2000,Оплачен
1570,777,2026-05-18,Статья 12.6 (Непристегнутый ремень безопасности),3500,Оплачен
1571,1041,2026-02-15,Статья 12.19 ч.3 (Остановка на пешеходном переходе),5000,Оплачен
1572,1039,2026-04-11,Статья 12.19 ч.3 (Остановка на пешеходном переходе),1500,Оплачен
1573,41,2026-05-02,Статья 12.8 ч.1 (Управление ТС в состоянии опьянения),4500,Оплачен
1574,970,2026-05-11,Статья 12.8 ч.1 (Управление ТС в состоянии опьянения),5000,Не оплачен
1575,1014,2026-04-17,Статья 12.36.1 (Использование телефона за рулем),4000,Оплачен
1576,643,2026-02-13,Статья 12.18 (Непредоставление преимущества пешеходу),3500,Оплачен
1577,1186,2026-05-25,Статья 12.18 (Непредоставление преимущества пешеходу),2500,Оплачен
1578,1078,2026-05-03,Статья 12.18 (Непредоставление преимущества пешеходу),500,Не оплачен
1579,706,2026-04-24,Статья 12.19 ч.3 (Остановка на пешеходном переходе),4000,Не оплачен
1580,1070,2026-04-18,Статья 12.16 ч.4 (Выезд на встречную полосу),500,Не оплачен
1581,691,2026-03-16,Статья 12.18 (Непредоставление преимущества пешеходу),1500,Оплачен
1582,715,2026-04-27,Статья 12.9 ч.2 (Превышение скорости на 20-40 км/ч),4500,Не оплачен
1583,557,2026-05-01,Статья 12.12 ч.1 (Проезд на красный свет),1500,Оплачен
1584,616,2026-04-26,Статья 12.18 (Непредоставление преимущества пешеходу),1500,Оплачен
1585,171,2026-05-18,Статья 12.36.1 (Использование телефона за рулем),1500,Не оплачен
1586,999,2026-01-21,Статья 12.18 (Непредоставление преимущества пешеходу),500,Оплачен
1587,154,2026-03-16,Статья 12.8 ч.1 (Управление ТС в состоянии опьянения),4000,Не оплачен
1588,775,2026-02-01,Статья 12.18 (Непредоставление преимущества пешеходу),2000,Оплачен
1589,809,2026-03-21,Статья 12.9 ч.2 (Превышение скорости на 20-40 км/ч),4500,Не оплачен
1590,933,2026-03-26,Статья 12.9 ч.2 (Превышение скорости на 20-40 км/ч),2500,Оплачен
1591,64,2026-03-16,Статья 12.9 ч.2 (Превышение скорости на 20-40 км/ч),2500,Не оплачен
1592,354,2026-03-07,Статья 12.18 (Непредоставление преимущества пешеходу),5000,Не оплачен
1593,309,2026-01-08,Статья 12.19 ч.3 (Остановка на пешеходном переходе),3000,Оплачен
1594,725,2026-02-10,Статья 12.16 ч.4 (Выезд на встречную полосу),3000,Не оплачен
1595,1010,2026-01-22,Статья 12.12 ч.1 (Проезд на красный свет),1000,Оплачен
1596,784,2026-02-02,Статья 12.36.1 (Использование телефона за рулем),1500,Не оплачен
1597,501,2026-02-12,Статья 12.36.1 (Использование телефона за рулем),4500,Не оплачен
1598,1149,2026-02-13,Статья 12.16 ч.4 (Выезд на встречную полосу),3500,Оплачен
1599,301,2026-02-23,Статья 12.12 ч.1 (Проезд на красный свет),3000,Не оплачен
1600,898,2026-01-12,Статья 12.6 (Непристегнутый ремень безопасности),1500,Не оплачен
1601,531,2026-04-05,Статья 12.9 ч.2 (Превышение скорости на 20-40 км/ч),1000,Оплачен
1602,143,2026-04-12,Статья 12.12 ч.1 (Проезд на красный свет),4500,Оплачен
1603,987,2026-04-14,Статья 12.8 ч.1 (Управление ТС в состоянии опьянения),3500,Оплачен
1604,448,2026-01-31,Статья 12.12 ч.1 (Проезд на красный свет),1500,Не оплачен
1605,44,2026-04-17,Статья 12.36.1 (Использование телефона за рулем),2000,Оплачен
1606,683,2026-05-10,Статья 12.18 (Непредоставление преимущества пешеходу),500,Не оплачен
1607,814,2026-01-12,Статья 12.18 (Непредоставление преимущества пешеходу),4500,Оплачен
1608,820,2026-01-22,Статья 12.6 (Непристегнутый ремень безопасности),4500,Не оплачен
1609,777,2026-01-14,Статья 12.18 (Непредоставление преимущества пешеходу),1500,Оплачен
1610,833,2026-02-12,Статья 12.9 ч.2 (Превышение скорости на 20-40 км/ч),1000,Не оплачен
1611,1128,2026-03-12,Статья 12.19 ч.3 (Остановка на пешеходном переходе),5000,Не оплачен
1612,856,2026-03-26,Статья 12.36.1 (Использование телефона за рулем),4500,Не оплачен
1613,524,2026-01-12,Статья 12.8 ч.1 (Управление ТС в состоянии опьянения),4500,Оплачен
1614,669,2026-02-05,Статья 12.16 ч.4 (Выезд на встречную полосу),500,Не оплачен
1615,463,2026-03-08,Статья 12.19 ч.3 (Остановка на пешеходном переходе),4000,Не оплачен
1616,149,2026-02-27,Статья 12.16 ч.4 (Выезд на встречную полосу),500,Оплачен
1617,527,2026-02-17,Статья 12.36.1 (Использование телефона за рулем),2500,Оплачен
1618,872,2026-01-21,Статья 12.16 ч.4 (Выезд на встречную полосу),3500,Оплачен
1619,863,2026-04-01,Статья 12.12 ч.1 (Проезд на красный свет),3000,Оплачен
1620,396,2026-03-17,Статья 12.36.1 (Использование телефона за рулем),4500,Оплачен
1621,845,2026-01-30,Статья 12.12 ч.1 (Проезд на красный свет),2000,Не оплачен
1622,226,2026-05-04,Статья 12.12 ч.1 (Проезд на красный свет),4000,Оплачен
1623,1134,2026-05-10,Статья 12.18 (Непредоставление преимущества пешеходу),3000,Не оплачен
1624,59,2026-02-14,Статья 12.12 ч.1 (Проезд на красный свет),2500,Не оплачен
1625,678,2026-03-12,Статья 12.36.1 (Использование телефона за рулем),3500,Не оплачен
1626,1054,2026-05-10,Статья 12.12 ч.1 (Проезд на красный свет),3000,Не оплачен
1627,721,2026-02-03,Статья 12.19 ч.3 (Остановка на пешеходном переходе),3500,Оплачен
1628,61,2026-02-10,Статья 12.36.1 (Использование телефона за рулем),3500,Не оплачен
1629,1147,2026-02-15,Статья 12.16 ч.4 (Выезд на встречную полосу),5000,Оплачен
1630,473,2026-01-09,Статья 12.8 ч.1 (Управление ТС в состоянии опьянения),4500,Оплачен
1631,235,2026-04-12,Статья 12.36.1 (Использование телефона за рулем),2000,Не оплачен
1632,792,2026-02-15,Статья 12.19 ч.3 (Остановка на пешеходном переходе),1000,Не оплачен
1633,899,2026-04-12,Статья 12.8 ч.1 (Управление ТС в состоянии опьянения),5000,Оплачен
1634,158,2026-01-21,Статья 12.8 ч.1 (Управление ТС в состоянии опьянения),1000,Оплачен
1635,135,2026-05-07,Статья 12.16 ч.4 (Выезд на встречную полосу),500,Не оплачен
1636,105,2026-02-17,Статья 12.16 ч.4 (Выезд на встречную полосу),1000,Оплачен
1637,800,2026-03-09,Статья 12.16 ч.4 (Выезд на встречную полосу),5000,Оплачен
1638,825,2026-05-04,Статья 12.8 ч.1 (Управление ТС в состоянии опьянения),500,Не оплачен
1639,437,2026-01-15,Статья 12.6 (Непристегнутый ремень безопасности),4000,Не оплачен
1640,937,2026-04-21,Статья 12.36.1 (Использование телефона за рулем),1000,Не оплачен
1641,34,2026-02-14,Статья 12.18 (Непредоставление преимущества пешеходу),3500,Оплачен
1642,281,2026-05-01,Статья 12.9 ч.2 (Превышение скорости на 20-40 км/ч),4500,Оплачен
1643,640,2026-02-12,Статья 12.36.1 (Использование телефона за рулем),1000,Не оплачен
1644,218,2026-03-18,Статья 12.19 ч.3 (Остановка на пешеходном переходе),4500,Не оплачен
1645,983,2026-05-25,Статья 12.12 ч.1 (Проезд на красный свет),5000,Не оплачен
1646,840,2026-03-28,Статья 12.12 ч.1 (Проезд на красный свет),2500,Не оплачен
1647,1045,2026-05-06,Статья 12.9 ч.2 (Превышение скорости на 20-40 км/ч),3000,Не оплачен
1648,932,2026-02-10,Статья 12.12 ч.1 (Проезд на красный свет),2000,Не оплачен
1649,253,2026-02-10,Статья 12.19 ч.3 (Остановка на пешеходном переходе),4000,Оплачен
1650,850,2026-04-07,Статья 12.19 ч.3 (Остановка на пешеходном переходе),5000,Не оплачен
1651,147,2026-04-30,Статья 12.36.1 (Использование телефона за рулем),3500,Не оплачен
1652,273,2026-05-17,Статья 12.12 ч.1 (Проезд на красный свет),1000,Не оплачен
1653,754,2026-04-19,Статья 12.16 ч.4 (Выезд на встречную полосу),4000,Не оплачен
1654,396,2026-02-25,Статья 12.16 ч.4 (Выезд на встречную полосу),1500,Оплачен
1655,676,2026-02-16,Статья 12.16 ч.4 (Выезд на встречную полосу),4500,Оплачен
1656,2,2026-05-20,Статья 12.8 ч.1 (Управление ТС в состоянии опьянения),4000,Не оплачен
1657,1057,2026-02-03,Статья 12.12 ч.1 (Проезд на красный свет),2500,Не оплачен
1658,1122,2026-03-15,Статья 12.12 ч.1 (Проезд на красный свет),4000,Не оплачен
1659,73,2026-05-04,Статья 12.6 (Непристегнутый ремень безопасности),1500,Не оплачен
1660,931,2026-01-07,Статья 12.12 ч.1 (Проезд на красный свет),3500,Не оплачен
1661,197,2026-01-14,Статья 12.12 ч.1 (Проезд на красный свет),4000,Оплачен
1662,1026,2026-04-22,Статья 12.12 ч.1 (Проезд на красный свет),1000,Оплачен
1663,466,2026-01-07,Статья 12.36.1 (Использование телефона за рулем),500,Не оплачен
1664,688,2026-02-01,Статья 12.36.1 (Использование телефона за рулем),1500,Не оплачен
1665,1045,2026-02-23,Статья 12.8 ч.1 (Управление ТС в состоянии опьянения),4500,Оплачен
1666,720,2026-05-25,Статья 12.19 ч.3 (Остановка на пешеходном переходе),4500,Оплачен
1667,646,2026-02-24,Статья 12.8 ч.1 (Управление ТС в состоянии опьянения),3000,Оплачен
1668,1013,2026-03-29,Статья 12.8 ч.1 (Управление ТС в состоянии опьянения),4000,Не оплачен
1669,153,2026-04-19,Статья 12.19 ч.3 (Остановка на пешеходном переходе),3500,Не оплачен
1670,301,2026-04-05,Статья 12.12 ч.1 (Проезд на красный свет),1000,Не оплачен
1671,60,2026-04-01,Статья 12.36.1 (Использование телефона за рулем),4000,Не оплачен
1672,226,2026-02-17,Статья 12.8 ч.1 (Управление ТС в состоянии опьянения),3000,Не оплачен
1673,1153,2026-03-03,Статья 12.9 ч.2 (Превышение скорости на 20-40 км/ч),500,Оплачен
1674,984,2026-02-24,Статья 12.19 ч.3 (Остановка на пешеходном переходе),1500,Не оплачен
1675,8,2026-02-12,Статья 12.9 ч.2 (Превышение скорости на 20-40 км/ч),2000,Оплачен
1676,556,2026-04-11,Статья 12.19 ч.3 (Остановка на пешеходном переходе),1500,Не оплачен
1677,275,2026-03-17,Статья 12.6 (Непристегнутый ремень безопасности),2500,Не оплачен
1678,1087,2026-03-02,Статья 12.16 ч.4 (Выезд на встречную полосу),3500,Оплачен
1679,408,2026-03-09,Статья 12.12 ч.1 (Проезд на красный свет),2500,Не оплачен
1680,101,2026-02-08,Статья 12.12 ч.1 (Проезд на красный свет),2000,Оплачен
1681,189,2026-03-29,Статья 12.8 ч.1 (Управление ТС в состоянии опьянения),1000,Не оплачен
1682,687,2026-01-15,Статья 12.16 ч.4 (Выезд на встречную полосу),4500,Не оплачен
1683,1155,2026-02-16,Статья 12.8 ч.1 (Управление ТС в состоянии опьянения),4000,Не оплачен
1684,1071,2026-03-19,Статья 12.9 ч.2 (Превышение скорости на 20-40 км/ч),3000,Не оплачен
1685,1044,2026-03-01,Статья 12.12 ч.1 (Проезд на красный свет),500,Не оплачен
1686,15,2026-03-30,Статья 12.18 (Непредоставление преимущества пешеходу),3000,Оплачен
1687,384,2026-05-30,Статья 12.8 ч.1 (Управление ТС в состоянии опьянения),1000,Оплачен
1688,1103,2026-04-21,Статья 12.16 ч.4 (Выезд на встречную полосу),4000,Не оплачен
1689,1148,2026-02-12,Статья 12.19 ч.3 (Остановка на пешеходном переходе),3500,Не оплачен
1690,505,2026-01-02,Статья 12.12 ч.1 (Проезд на красный свет),4500,Не оплачен
1691,664,2026-01-26,Статья 12.12 ч.1 (Проезд на красный свет),5000,Не оплачен
1692,571,2026-04-29,Статья 12.9 ч.2 (Превышение скорости на 20-40 км/ч),3000,Не оплачен
1693,878,2026-01-25,Статья 12.19 ч.3 (Остановка на пешеходном переходе),500,Оплачен
1694,551,2026-03-06,Статья 12.12 ч.1 (Проезд на красный свет),1500,Не оплачен
1695,697,2026-04-17,Статья 12.19 ч.3 (Остановка на пешеходном переходе),3000,Оплачен
1696,444,2026-04-23,Статья 12.9 ч.2 (Превышение скорости на 20-40 км/ч),3500,Оплачен
1697,442,2026-01-31,Статья 12.6 (Непристегнутый ремень безопасности),4000,Оплачен
1698,391,2026-01-21,Статья 12.6 (Непристегнутый ремень безопасности),3500,Не оплачен
1699,898,2026-04-14,Статья 12.12 ч.1 (Проезд на красный свет),3500,Не оплачен
1700,10,2026-04-20,Статья 12.36.1 (Использование телефона за рулем),5000,Оплачен
1701,464,2026-02-13,Статья 12.6 (Непристегнутый ремень безопасности),3500,Оплачен
1702,178,2026-04-07,Статья 12.12 ч.1 (Проезд на красный свет),2500,Оплачен
1703,775,2026-01-19,Статья 12.36.1 (Использование телефона за рулем),4500,Оплачен
1704,519,2026-03-02,Статья 12.9 ч.2 (Превышение скорости на 20-40 км/ч),2000,Не оплачен
1705,838,2026-01-03,Статья 12.16 ч.4 (Выезд на встречную полосу),5000,Не оплачен
1706,675,2026-02-13,Статья 12.19 ч.3 (Остановка на пешеходном переходе),2500,Не оплачен
1707,661,2026-03-20,Статья 12.9 ч.2 (Превышение скорости на 20-40 км/ч),4000,Оплачен
1708,760,2026-02-17,Статья 12.18 (Непредоставление преимущества пешеходу),4500,Не оплачен
1709,1115,2026-04-05,Статья 12.36.1 (Использование телефона за рулем),4500,Не оплачен
1710,95,2026-05-08,Статья 12.19 ч.3 (Остановка на пешеходном переходе),1500,Оплачен
1711,1012,2026-02-20,Статья 12.12 ч.1 (Проезд на красный свет),3500,Оплачен
1712,869,2026-03-18,Статья 12.12 ч.1 (Проезд на красный свет),5000,Оплачен
1713,1053,2026-04-27,Статья 12.19 ч.3 (Остановка на пешеходном переходе),500,Не оплачен
1714,58,2026-05-26,Статья 12.18 (Непредоставление преимущества пешеходу),3000,Оплачен
1715,1082,2026-01-30,Статья 12.12 ч.1 (Проезд на красный свет),1500,Не оплачен
1716,79,2026-02-25,Статья 12.8 ч.1 (Управление ТС в состоянии опьянения),5000,Оплачен
1717,285,2026-04-27,Статья 12.18 (Непредоставление преимущества пешеходу),5000,Оплачен
1718,747,2026-03-02,Статья 12.8 ч.1 (Управление ТС в состоянии опьянения),2500,Не оплачен
1719,807,2026-01-09,Статья 12.36.1 (Использование телефона за рулем),3000,Не оплачен
1720,1053,2026-04-01,Статья 12.19 ч.3 (Остановка на пешеходном переходе),4500,Оплачен
1721,429,2026-01-14,Статья 12.36.1 (Использование телефона за рулем),4500,Оплачен
1722,337,2026-05-18,Статья 12.18 (Непредоставление преимущества пешеходу),4000,Оплачен
1723,149,2026-03-15,Статья 12.9 ч.2 (Превышение скорости на 20-40 км/ч),3500,Оплачен
1724,121,2026-02-23,Статья 12.18 (Непредоставление преимущества пешеходу),4500,Оплачен
1725,724,2026-04-05,Статья 12.6 (Непристегнутый ремень безопасности),5000,Оплачен
1726,289,2026-03-29,Статья 12.12 ч.1 (Проезд на красный свет),2000,Оплачен
1727,596,2026-01-06,Статья 12.18 (Непредоставление преимущества пешеходу),3000,Не оплачен
1728,840,2026-02-18,Статья 12.12 ч.1 (Проезд на красный свет),3000,Оплачен
1729,1159,2026-05-31,Статья 12.9 ч.2 (Превышение скорости на 20-40 км/ч),4500,Оплачен
1730,496,2026-02-02,Статья 12.19 ч.3 (Остановка на пешеходном переходе),5000,Оплачен
1731,1146,2026-02-08,Статья 12.19 ч.3 (Остановка на пешеходном переходе),2500,Оплачен
1732,34,2026-01-03,Статья 12.18 (Непредоставление преимущества пешеходу),3000,Не оплачен
1733,976,2026-01-08,Статья 12.9 ч.2 (Превышение скорости на 20-40 км/ч),5000,Не оплачен
1734,288,2026-02-24,Статья 12.12 ч.1 (Проезд на красный свет),5000,Оплачен
1735,735,2026-05-28,Статья 12.12 ч.1 (Проезд на красный свет),1500,Оплачен
1736,437,2026-03-31,Статья 12.18 (Непредоставление преимущества пешеходу),2500,Оплачен
1737,286,2026-01-09,Статья 12.19 ч.3 (Остановка на пешеходном переходе),2000,Не оплачен
1738,372,2026-05-22,Статья 12.12 ч.1 (Проезд на красный свет),1000,Не оплачен
1739,457,2026-02-02,Статья 12.9 ч.2 (Превышение скорости на 20-40 км/ч),4500,Оплачен
1740,847,2026-02-19,Статья 12.6 (Непристегнутый ремень безопасности),1500,Не оплачен
1741,517,2026-05-18,Статья 12.36.1 (Использование телефона за рулем),5000,Оплачен
1742,23,2026-02-26,Статья 12.18 (Непредоставление преимущества пешеходу),500,Оплачен
1743,1186,2026-02-01,Статья 12.19 ч.3 (Остановка на пешеходном переходе),2500,Не оплачен
1744,1155,2026-03-07,Статья 12.6 (Непристегнутый ремень безопасности),500,Не оплачен
1745,955,2026-02-11,Статья 12.18 (Непредоставление преимущества пешеходу),1500,Не оплачен
1746,365,2026-01-20,Статья 12.6 (Непристегнутый ремень безопасности),2000,Не оплачен
1747,81,2026-04-17,Статья 12.8 ч.1 (Управление ТС в состоянии опьянения),4500,Оплачен
1748,249,2026-05-16,Статья 12.16 ч.4 (Выезд на встречную полосу),2000,Не оплачен
1749,363,2026-01-27,Статья 12.12 ч.1 (Проезд на красный свет),4000,Оплачен
1750,313,2026-04-21,Статья 12.18 (Непредоставление преимущества пешеходу),1500,Оплачен
1751,985,2026-04-15,Статья 12.19 ч.3 (Остановка на пешеходном переходе),4500,Оплачен
1752,225,2026-01-07,Статья 12.12 ч.1 (Проезд на красный свет),3500,Оплачен
1753,632,2026-04-14,Статья 12.12 ч.1 (Проезд на красный свет),1500,Не оплачен
1754,525,2026-02-20,Статья 12.36.1 (Использование телефона за рулем),3000,Не оплачен
1755,792,2026-02-18,Статья 12.16 ч.4 (Выезд на встречную полосу),4000,Не оплачен
1756,695,2026-05-24,Статья 12.9 ч.2 (Превышение скорости на 20-40 км/ч),4000,Оплачен
1757,199,2026-05-31,Статья 12.8 ч.1 (Управление ТС в состоянии опьянения),500,Не оплачен
1758,121,2026-01-16,Статья 12.12 ч.1 (Проезд на красный свет),1000,Оплачен
1759,44,2026-05-01,Статья 12.12 ч.1 (Проезд на красный свет),5000,Не оплачен
1760,836,2026-04-17,Статья 12.16 ч.4 (Выезд на встречную полосу),2500,Не оплачен
1761,870,2026-01-15,Статья 12.19 ч.3 (Остановка на пешеходном переходе),2500,Оплачен
1762,947,2026-02-21,Статья 12.6 (Непристегнутый ремень безопасности),1000,Не оплачен
1763,871,2026-03-29,Статья 12.36.1 (Использование телефона за рулем),500,Оплачен
1764,1039,2026-03-29,Статья 12.18 (Непредоставление преимущества пешеходу),3000,Оплачен
1765,210,2026-05-09,Статья 12.16 ч.4 (Выезд на встречную полосу),3500,Оплачен
1766,753,2026-04-23,Статья 12.36.1 (Использование телефона за рулем),1500,Оплачен
1767,617,2026-03-28,Статья 12.6 (Непристегнутый ремень безопасности),500,Не оплачен
1768,154,2026-01-27,Статья 12.18 (Непредоставление преимущества пешеходу),2500,Оплачен
1769,419,2026-02-10,Статья 12.9 ч.2 (Превышение скорости на 20-40 км/ч),1500,Не оплачен
1770,682,2026-04-03,Статья 12.6 (Непристегнутый ремень безопасности),3000,Не оплачен
1771,315,2026-03-08,Статья 12.36.1 (Использование телефона за рулем),2000,Не оплачен
1772,699,2026-03-07,Статья 12.19 ч.3 (Остановка на пешеходном переходе),1000,Оплачен
1773,460,2026-02-21,Статья 12.12 ч.1 (Проезд на красный свет),500,Оплачен
1774,791,2026-05-19,Статья 12.36.1 (Использование телефона за рулем),2500,Оплачен
1775,32,2026-02-02,Статья 12.16 ч.4 (Выезд на встречную полосу),500,Не оплачен
1776,399,2026-05-04,Статья 12.18 (Непредоставление преимущества пешеходу),5000,Не оплачен
1777,497,2026-01-18,Статья 12.16 ч.4 (Выезд на встречную полосу),1000,Не оплачен
1778,704,2026-01-14,Статья 12.12 ч.1 (Проезд на красный свет),4500,Не оплачен
1779,1143,2026-04-09,Статья 12.6 (Непристегнутый ремень безопасности),2000,Оплачен
1780,798,2026-04-27,Статья 12.36.1 (Использование телефона за рулем),500,Не оплачен
1781,1016,2026-02-01,Статья 12.6 (Непристегнутый ремень безопасности),5000,Оплачен
1782,273,2026-03-25,Статья 12.16 ч.4 (Выезд на встречную полосу),500,Не оплачен
1783,74,2026-04-12,Статья 12.36.1 (Использование телефона за рулем),500,Не оплачен
1784,422,2026-01-23,Статья 12.8 ч.1 (Управление ТС в состоянии опьянения),4000,Оплачен
1785,895,2026-02-23,Статья 12.16 ч.4 (Выезд на встречную полосу),3000,Не оплачен
1786,752,2026-03-23,Статья 12.8 ч.1 (Управление ТС в состоянии опьянения),4500,Не оплачен
1787,948,2026-03-02,Статья 12.19 ч.3 (Остановка на пешеходном переходе),4000,Не оплачен
1788,357,2026-05-14,Статья 12.6 (Непристегнутый ремень безопасности),4500,Оплачен
1789,416,2026-02-10,Статья 12.18 (Непредоставление преимущества пешеходу),500,Не оплачен
1790,791,2026-05-06,Статья 12.8 ч.1 (Управление ТС в состоянии опьянения),5000,Не оплачен
1791,296,2026-04-18,Статья 12.18 (Непредоставление преимущества пешеходу),3500,Не оплачен
1792,557,2026-01-19,Статья 12.8 ч.1 (Управление ТС в состоянии опьянения),5000,Оплачен
1793,629,2026-03-30,Статья 12.12 ч.1 (Проезд на красный свет),2000,Не оплачен
1794,1199,2026-05-06,Статья 12.16 ч.4 (Выезд на встречную полосу),5000,Оплачен
1795,1065,2026-04-10,Статья 12.9 ч.2 (Превышение скорости на 20-40 км/ч),4500,Не оплачен
1796,68,2026-02-21,Статья 12.16 ч.4 (Выезд на встречную полосу),4500,Оплачен
1797,244,2026-02-17,Статья 12.36.1 (Использование телефона за рулем),4500,Оплачен
1798,606,2026-05-11,Статья 12.19 ч.3 (Остановка на пешеходном переходе),5000,Не оплачен
1799,488,2026-03-24,Статья 12.16 ч.4 (Выезд на встречную полосу),3500,Не оплачен
1800,866,2026-05-13,Статья 12.16 ч.4 (Выезд на встречную полосу),3000,Не оплачен
1801,788,2026-01-16,Статья 12.16 ч.4 (Выезд на встречную полосу),500,Не оплачен
1802,819,2026-05-25,Статья 12.18 (Непредоставление преимущества пешеходу),4000,Оплачен
1803,355,2026-02-14,Статья 12.36.1 (Использование телефона за рулем),3000,Не оплачен
1804,1193,2026-05-30,Статья 12.19 ч.3 (Остановка на пешеходном переходе),2500,Оплачен
1805,500,2026-03-26,Статья 12.18 (Непредоставление преимущества пешеходу),1500,Оплачен
1806,707,2026-05-25,Статья 12.8 ч.1 (Управление ТС в состоянии опьянения),4000,Не оплачен
1807,259,2026-02-27,Статья 12.9 ч.2 (Превышение скорости на 20-40 км/ч),500,Оплачен
1808,98,2026-01-18,Статья 12.6 (Непристегнутый ремень безопасности),5000,Оплачен
1809,623,2026-02-05,Статья 12.8 ч.1 (Управление ТС в состоянии опьянения),1500,Не оплачен
1810,883,2026-01-03,Статья 12.19 ч.3 (Остановка на пешеходном переходе),4500,Не оплачен
1811,1038,2026-01-19,Статья 12.18 (Непредоставление преимущества пешеходу),2500,Не оплачен
1812,497,2026-02-01,Статья 12.18 (Непредоставление преимущества пешеходу),2000,Не оплачен
1813,262,2026-05-07,Статья 12.6 (Непристегнутый ремень безопасности),500,Оплачен
1814,324,2026-05-15,Статья 12.19 ч.3 (Остановка на пешеходном переходе),4500,Оплачен
1815,580,2026-02-23,Статья 12.19 ч.3 (Остановка на пешеходном переходе),500,Оплачен
1816,884,2026-05-12,Статья 12.8 ч.1 (Управление ТС в состоянии опьянения),1000,Не оплачен
1817,281,2026-02-25,Статья 12.9 ч.2 (Превышение скорости на 20-40 км/ч),4500,Оплачен
1818,469,2026-04-06,Статья 12.36.1 (Использование телефона за рулем),4000,Не оплачен
1819,434,2026-04-02,Статья 12.8 ч.1 (Управление ТС в состоянии опьянения),2500,Оплачен
1820,928,2026-05-21,Статья 12.19 ч.3 (Остановка на пешеходном переходе),500,Не оплачен
1821,11,2026-02-03,Статья 12.12 ч.1 (Проезд на красный свет),3500,Оплачен
1822,475,2026-01-31,Статья 12.6 (Непристегнутый ремень безопасности),4000,Не оплачен
1823,608,2026-01-17,Статья 12.36.1 (Использование телефона за рулем),500,Оплачен
1824,1135,2026-01-18,Статья 12.18 (Непредоставление преимущества пешеходу),1500,Оплачен
1825,1052,2026-05-03,Статья 12.9 ч.2 (Превышение скорости на 20-40 км/ч),2000,Оплачен
1826,290,2026-05-03,Статья 12.12 ч.1 (Проезд на красный свет),2500,Не оплачен
1827,197,2026-01-12,Статья 12.12 ч.1 (Проезд на красный свет),2500,Оплачен
1828,143,2026-04-20,Статья 12.6 (Непристегнутый ремень безопасности),4000,Не оплачен
1829,917,2026-05-11,Статья 12.16 ч.4 (Выезд на встречную полосу),5000,Не оплачен
1830,865,2026-02-17,Статья 12.9 ч.2 (Превышение скорости на 20-40 км/ч),2500,Оплачен
1831,762,2026-02-08,Статья 12.12 ч.1 (Проезд на красный свет),2500,Не оплачен
1832,138,2026-04-12,Статья 12.12 ч.1 (Проезд на красный свет),2000,Оплачен
1833,218,2026-02-27,Статья 12.6 (Непристегнутый ремень безопасности),2000,Оплачен
1834,151,2026-03-01,Статья 12.18 (Непредоставление преимущества пешеходу),2500,Не оплачен
1835,62,2026-05-06,Статья 12.18 (Непредоставление преимущества пешеходу),3500,Оплачен
1836,561,2026-01-17,Статья 12.8 ч.1 (Управление ТС в состоянии опьянения),3000,Оплачен
1837,667,2026-01-31,Статья 12.8 ч.1 (Управление ТС в состоянии опьянения),3000,Оплачен
1838,750,2026-04-16,Статья 12.19 ч.3 (Остановка на пешеходном переходе),500,Оплачен
1839,254,2026-02-27,Статья 12.9 ч.2 (Превышение скорости на 20-40 км/ч),5000,Не оплачен
1840,118,2026-01-28,Статья 12.6 (Непристегнутый ремень безопасности),3000,Не оплачен
1841,88,2026-02-20,Статья 12.9 ч.2 (Превышение скорости на 20-40 км/ч),1000,Оплачен
1842,939,2026-04-01,Статья 12.19 ч.3 (Остановка на пешеходном переходе),4500,Оплачен
1843,131,2026-05-26,Статья 12.19 ч.3 (Остановка на пешеходном переходе),2000,Не оплачен
1844,756,2026-02-09,Статья 12.6 (Непристегнутый ремень безопасности),500,Оплачен
1845,141,2026-04-26,Статья 12.9 ч.2 (Превышение скорости на 20-40 км/ч),2500,Оплачен
1846,600,2026-01-01,Статья 12.16 ч.4 (Выезд на встречную полосу),2000,Оплачен
1847,658,2026-05-08,Статья 12.16 ч.4 (Выезд на встречную полосу),3000,Оплачен
1848,365,2026-02-14,Статья 12.16 ч.4 (Выезд на встречную полосу),4000,Оплачен
1849,1179,2026-04-21,Статья 12.18 (Непредоставление преимущества пешеходу),1000,Оплачен
1850,440,2026-04-16,Статья 12.12 ч.1 (Проезд на красный свет),500,Не оплачен
1851,552,2026-01-02,Статья 12.9 ч.2 (Превышение скорости на 20-40 км/ч),1000,Оплачен
1852,339,2026-04-20,Статья 12.9 ч.2 (Превышение скорости на 20-40 км/ч),1000,Оплачен
1853,324,2026-03-26,Статья 12.19 ч.3 (Остановка на пешеходном переходе),2500,Оплачен
1854,1151,2026-04-01,Статья 12.12 ч.1 (Проезд на красный свет),5000,Не оплачен
1855,259,2026-02-12,Статья 12.9 ч.2 (Превышение скорости на 20-40 км/ч),500,Оплачен
1856,508,2026-05-22,Статья 12.18 (Непредоставление преимущества пешеходу),4000,Оплачен
1857,644,2026-02-26,Статья 12.12 ч.1 (Проезд на красный свет),3500,Оплачен
1858,231,2026-04-05,Статья 12.12 ч.1 (Проезд на красный свет),4500,Не оплачен
1859,254,2026-03-06,Статья 12.8 ч.1 (Управление ТС в состоянии опьянения),2000,Оплачен
1860,701,2026-01-10,Статья 12.6 (Непристегнутый ремень безопасности),3000,Оплачен
1861,218,2026-03-14,Статья 12.36.1 (Использование телефона за рулем),2000,Оплачен
1862,729,2026-03-20,Статья 12.36.1 (Использование телефона за рулем),4500,Оплачен
1863,153,2026-05-21,Статья 12.12 ч.1 (Проезд на красный свет),4500,Не оплачен
1864,285,2026-05-10,Статья 12.19 ч.3 (Остановка на пешеходном переходе),5000,Не оплачен
1865,1014,2026-01-29,Статья 12.19 ч.3 (Остановка на пешеходном переходе),4500,Не оплачен
1866,195,2026-02-05,Статья 12.36.1 (Использование телефона за рулем),2000,Не оплачен
1867,732,2026-05-27,Статья 12.18 (Непредоставление преимущества пешеходу),500,Не оплачен
1868,82,2026-02-07,Статья 12.8 ч.1 (Управление ТС в состоянии опьянения),1000,Оплачен
1869,398,2026-03-07,Статья 12.18 (Непредоставление преимущества пешеходу),1000,Не оплачен
1870,1153,2026-04-05,Статья 12.36.1 (Использование телефона за рулем),3000,Не оплачен
1871,1141,2026-01-10,Статья 12.19 ч.3 (Остановка на пешеходном переходе),4000,Оплачен
1872,282,2026-03-09,Статья 12.8 ч.1 (Управление ТС в состоянии опьянения),1000,Оплачен
1873,577,2026-01-17,Статья 12.8 ч.1 (Управление ТС в состоянии опьянения),500,Оплачен
1874,200,2026-01-05,Статья 12.12 ч.1 (Проезд на красный свет),4000,Оплачен
1875,509,2026-01-01,Статья 12.18 (Непредоставление преимущества пешеходу),2000,Оплачен
1876,1087,2026-04-11,Статья 12.9 ч.2 (Превышение скорости на 20-40 км/ч),5000,Не оплачен
1877,9,2026-02-28,Статья 12.36.1 (Использование телефона за рулем),4000,Не оплачен
1878,455,2026-03-23,Статья 12.16 ч.4 (Выезд на встречную полосу),2500,Не оплачен
1879,535,2026-02-21,Статья 12.16 ч.4 (Выезд на встречную полосу),4000,Не оплачен
1880,997,2026-02-19,Статья 12.36.1 (Использование телефона за рулем),4500,Оплачен
1881,488,2026-03-19,Статья 12.9 ч.2 (Превышение скорости на 20-40 км/ч),3000,Не оплачен
1882,909,2026-02-06,Статья 12.18 (Непредоставление преимущества пешеходу),4000,Не оплачен
1883,26,2026-03-06,Статья 12.16 ч.4 (Выезд на встречную полосу),500,Оплачен
1884,970,2026-04-24,Статья 12.19 ч.3 (Остановка на пешеходном переходе),5000,Не оплачен
1885,610,2026-05-19,Статья 12.36.1 (Использование телефона за рулем),4000,Оплачен
1886,308,2026-05-11,Статья 12.16 ч.4 (Выезд на встречную полосу),3000,Не оплачен
1887,1165,2026-02-27,Статья 12.8 ч.1 (Управление ТС в состоянии опьянения),3000,Оплачен
1888,994,2026-01-22,Статья 12.9 ч.2 (Превышение скорости на 20-40 км/ч),2500,Оплачен
1889,192,2026-05-16,Статья 12.9 ч.2 (Превышение скорости на 20-40 км/ч),500,Не оплачен
1890,819,2026-04-14,Статья 12.6 (Непристегнутый ремень безопасности),5000,Оплачен
1891,168,2026-04-27,Статья 12.6 (Непристегнутый ремень безопасности),5000,Оплачен
1892,66,2026-03-15,Статья 12.16 ч.4 (Выезд на встречную полосу),4000,Не оплачен
1893,201,2026-01-01,Статья 12.36.1 (Использование телефона за рулем),500,Оплачен
1894,961,2026-02-21,Статья 12.6 (Непристегнутый ремень безопасности),4500,Не оплачен
1895,320,2026-03-14,Статья 12.8 ч.1 (Управление ТС в состоянии опьянения),2000,Не оплачен
1896,1159,2026-02-01,Статья 12.12 ч.1 (Проезд на красный свет),2500,Не оплачен
1897,174,2026-04-17,Статья 12.9 ч.2 (Превышение скорости на 20-40 км/ч),500,Не оплачен
1898,1045,2026-04-01,Статья 12.8 ч.1 (Управление ТС в состоянии опьянения),1000,Оплачен
1899,212,2026-03-15,Статья 12.18 (Непредоставление преимущества пешеходу),3500,Оплачен
1900,163,2026-01-20,Статья 12.19 ч.3 (Остановка на пешеходном переходе),1000,Оплачен
1901,270,2026-02-08,Статья 12.8 ч.1 (Управление ТС в состоянии опьянения),500,Не оплачен
1902,1065,2026-04-14,Статья 12.18 (Непредоставление преимущества пешеходу),2500,Оплачен
1903,309,2026-03-22,Статья 12.12 ч.1 (Проезд на красный свет),4000,Не оплачен
1904,64,2026-02-28,Статья 12.16 ч.4 (Выезд на встречную полосу),2000,Оплачен
1905,1032,2026-05-01,Статья 12.18 (Непредоставление преимущества пешеходу),4500,Оплачен
1906,61,2026-02-28,Статья 12.36.1 (Использование телефона за рулем),2000,Не оплачен
1907,854,2026-03-03,Статья 12.6 (Непристегнутый ремень безопасности),3500,Не оплачен
1908,467,2026-01-30,Статья 12.19 ч.3 (Остановка на пешеходном переходе),2000,Оплачен
1909,110,2026-05-19,Статья 12.16 ч.4 (Выезд на встречную полосу),2500,Не оплачен
1910,526,2026-02-02,Статья 12.19 ч.3 (Остановка на пешеходном переходе),3000,Оплачен
1911,961,2026-04-02,Статья 12.8 ч.1 (Управление ТС в состоянии опьянения),500,Не оплачен
1912,389,2026-03-03,Статья 12.8 ч.1 (Управление ТС в состоянии опьянения),2000,Оплачен
1913,918,2026-01-28,Статья 12.19 ч.3 (Остановка на пешеходном переходе),4500,Не оплачен
1914,739,2026-03-20,Статья 12.36.1 (Использование телефона за рулем),1500,Не оплачен
1915,854,2026-02-07,Статья 12.6 (Непристегнутый ремень безопасности),3500,Не оплачен
1916,72,2026-03-24,Статья 12.36.1 (Использование телефона за рулем),1500,Оплачен
1917,811,2026-03-11,Статья 12.8 ч.1 (Управление ТС в состоянии опьянения),1500,Оплачен
1918,1024,2026-02-16,Статья 12.16 ч.4 (Выезд на встречную полосу),5000,Не оплачен
1919,813,2026-01-04,Статья 12.8 ч.1 (Управление ТС в состоянии опьянения),3000,Оплачен
1920,771,2026-04-12,Статья 12.19 ч.3 (Остановка на пешеходном переходе),1500,Оплачен
1921,295,2026-01-28,Статья 12.8 ч.1 (Управление ТС в состоянии опьянения),3000,Оплачен
1922,282,2026-02-13,Статья 12.36.1 (Использование телефона за рулем),1500,Не оплачен
1923,781,2026-05-09,Статья 12.8 ч.1 (Управление ТС в состоянии опьянения),3000,Оплачен
1924,322,2026-02-24,Статья 12.19 ч.3 (Остановка на пешеходном переходе),1500,Оплачен
1925,15,2026-05-06,Статья 12.8 ч.1 (Управление ТС в состоянии опьянения),5000,Оплачен
1926,864,2026-04-23,Статья 12.8 ч.1 (Управление ТС в состоянии опьянения),1000,Оплачен
1927,146,2026-05-17,Статья 12.12 ч.1 (Проезд на красный свет),500,Оплачен
1928,948,2026-02-04,Статья 12.36.1 (Использование телефона за рулем),4500,Оплачен
1929,299,2026-02-09,Статья 12.12 ч.1 (Проезд на красный свет),3500,Оплачен
1930,329,2026-05-17,Статья 12.6 (Непристегнутый ремень безопасности),4500,Оплачен
1931,809,2026-05-30,Статья 12.6 (Непристегнутый ремень безопасности),1000,Не оплачен
1932,800,2026-03-19,Статья 12.9 ч.2 (Превышение скорости на 20-40 км/ч),5000,Не оплачен
1933,45,2026-04-24,Статья 12.9 ч.2 (Превышение скорости на 20-40 км/ч),500,Не оплачен
1934,33,2026-01-23,Статья 12.9 ч.2 (Превышение скорости на 20-40 км/ч),5000,Оплачен
1935,351,2026-05-01,Статья 12.6 (Непристегнутый ремень безопасности),3000,Не оплачен
1936,469,2026-05-15,Статья 12.8 ч.1 (Управление ТС в состоянии опьянения),1000,Оплачен
1937,913,2026-01-19,Статья 12.12 ч.1 (Проезд на красный свет),2000,Оплачен
1938,674,2026-02-23,Статья 12.9 ч.2 (Превышение скорости на 20-40 км/ч),3500,Не оплачен
1939,1189,2026-03-05,Статья 12.36.1 (Использование телефона за рулем),1000,Не оплачен
1940,543,2026-04-23,Статья 12.36.1 (Использование телефона за рулем),3000,Оплачен
1941,45,2026-04-26,Статья 12.8 ч.1 (Управление ТС в состоянии опьянения),500,Оплачен
1942,91,2026-02-28,Статья 12.19 ч.3 (Остановка на пешеходном переходе),500,Оплачен
1943,160,2026-02-14,Статья 12.18 (Непредоставление преимущества пешеходу),2500,Не оплачен
1944,185,2026-01-27,Статья 12.36.1 (Использование телефона за рулем),1500,Оплачен
1945,878,2026-04-10,Статья 12.36.1 (Использование телефона за рулем),500,Не оплачен
1946,688,2026-02-12,Статья 12.8 ч.1 (Управление ТС в состоянии опьянения),4000,Не оплачен
1947,80,2026-03-11,Статья 12.16 ч.4 (Выезд на встречную полосу),2000,Оплачен
1948,655,2026-05-19,Статья 12.16 ч.4 (Выезд на встречную полосу),1500,Не оплачен
1949,252,2026-02-28,Статья 12.19 ч.3 (Остановка на пешеходном переходе),1500,Не оплачен
1950,456,2026-03-24,Статья 12.8 ч.1 (Управление ТС в состоянии опьянения),2500,Оплачен
1951,1065,2026-02-01,Статья 12.12 ч.1 (Проезд на красный свет),5000,Не оплачен
1952,86,2026-02-21,Статья 12.18 (Непредоставление преимущества пешеходу),4000,Не оплачен
1953,973,2026-03-21,Статья 12.8 ч.1 (Управление ТС в состоянии опьянения),4000,Оплачен
1954,283,2026-05-23,Статья 12.19 ч.3 (Остановка на пешеходном переходе),500,Не оплачен
1955,998,2026-04-04,Статья 12.12 ч.1 (Проезд на красный свет),1500,Оплачен
1956,720,2026-03-31,Статья 12.16 ч.4 (Выезд на встречную полосу),5000,Оплачен
1957,326,2026-01-24,Статья 12.19 ч.3 (Остановка на пешеходном переходе),1500,Не оплачен
1958,250,2026-05-12,Статья 12.12 ч.1 (Проезд на красный свет),3500,Оплачен
1959,711,2026-02-13,Статья 12.18 (Непредоставление преимущества пешеходу),2500,Не оплачен
1960,587,2026-01-20,Статья 12.6 (Непристегнутый ремень безопасности),1500,Оплачен
1961,78,2026-05-16,Статья 12.8 ч.1 (Управление ТС в состоянии опьянения),2500,Не оплачен
1962,685,2026-04-28,Статья 12.16 ч.4 (Выезд на встречную полосу),5000,Оплачен
1963,112,2026-03-03,Статья 12.16 ч.4 (Выезд на встречную полосу),2000,Оплачен
1964,361,2026-03-20,Статья 12.36.1 (Использование телефона за рулем),500,Оплачен
1965,518,2026-02-02,Статья 12.18 (Непредоставление преимущества пешеходу),1000,Оплачен
1966,674,2026-03-31,Статья 12.8 ч.1 (Управление ТС в состоянии опьянения),1000,Оплачен
1967,1107,2026-03-31,Статья 12.6 (Непристегнутый ремень безопасности),1000,Не оплачен
1968,799,2026-02-03,Статья 12.36.1 (Использование телефона за рулем),4000,Не оплачен
1969,969,2026-05-06,Статья 12.12 ч.1 (Проезд на красный свет),500,Оплачен
1970,555,2026-05-23,Статья 12.9 ч.2 (Превышение скорости на 20-40 км/ч),500,Оплачен
1971,59,2026-04-05,Статья 12.18 (Непредоставление преимущества пешеходу),3500,Оплачен
1972,453,2026-01-05,Статья 12.8 ч.1 (Управление ТС в состоянии опьянения),2500,Не оплачен
1973,107,2026-04-17,Статья 12.18 (Непредоставление преимущества пешеходу),2500,Оплачен
1974,10,2026-05-13,Статья 12.6 (Непристегнутый ремень безопасности),2500,Не оплачен
1975,749,2026-01-30,Статья 12.12 ч.1 (Проезд на красный свет),1000,Оплачен
1976,216,2026-04-17,Статья 12.36.1 (Использование телефона за рулем),5000,Не оплачен
1977,1016,2026-02-04,Статья 12.8 ч.1 (Управление ТС в состоянии опьянения),500,Оплачен
1978,267,2026-01-17,Статья 12.8 ч.1 (Управление ТС в состоянии опьянения),3000,Не оплачен
1979,209,2026-01-21,Статья 12.6 (Непристегнутый ремень безопасности),1000,Не оплачен
1980,850,2026-02-14,Статья 12.8 ч.1 (Управление ТС в состоянии опьянения),4000,Оплачен
1981,595,2026-05-21,Статья 12.12 ч.1 (Проезд на красный свет),4500,Не оплачен
1982,365,2026-04-24,Статья 12.6 (Непристегнутый ремень безопасности),3000,Оплачен
1983,1139,2026-04-15,Статья 12.6 (Непристегнутый ремень безопасности),1000,Оплачен
1984,1057,2026-03-13,Статья 12.6 (Непристегнутый ремень безопасности),3500,Не оплачен
1985,435,2026-02-23,Статья 12.19 ч.3 (Остановка на пешеходном переходе),1500,Оплачен
1986,36,2026-02-08,Статья 12.19 ч.3 (Остановка на пешеходном переходе),5000,Не оплачен
1987,977,2026-02-24,Статья 12.18 (Непредоставление преимущества пешеходу),3500,Оплачен
1988,663,2026-04-19,Статья 12.16 ч.4 (Выезд на встречную полосу),5000,Оплачен
1989,649,2026-04-18,Статья 12.36.1 (Использование телефона за рулем),1500,Оплачен
1990,701,2026-01-03,Статья 12.19 ч.3 (Остановка на пешеходном переходе),1000,Оплачен
1991,280,2026-01-30,Статья 12.18 (Непредоставление преимущества пешеходу),4000,Оплачен
1992,193,2026-01-19,Статья 12.36.1 (Использование телефона за рулем),3000,Не оплачен
1993,831,2026-04-07,Статья 12.9 ч.2 (Превышение скорости на 20-40 км/ч),1000,Оплачен
1994,324,2026-05-21,Статья 12.19 ч.3 (Остановка на пешеходном переходе),3500,Оплачен
1995,151,2026-03-04,Статья 12.12 ч.1 (Проезд на красный свет),5000,Не оплачен
1996,27,2026-05-17,Статья 12.8 ч.1 (Управление ТС в состоянии опьянения),5000,Оплачен
1997,509,2026-02-28,Статья 12.8 ч.1 (Управление ТС в состоянии опьянения),5000,Оплачен
1998,869,2026-03-30,Статья 12.18 (Непредоставление преимущества пешеходу),1000,Не оплачен
1999,396,2026-03-14,Статья 12.12 ч.1 (Проезд на красный свет),4500,Оплачен
2000,220,2026-05-06,Статья 12.6 (Непристегнутый ремень безопасности),2500,Оплачен
2001,916,2026-05-14,Статья 12.16 ч.4 (Выезд на встречную полосу),3000,Оплачен
2002,960,2026-05-21,Статья 12.19 ч.3 (Остановка на пешеходном переходе),500,Оплачен
2003,782,2026-01-18,Статья 12.16 ч.4 (Выезд на встречную полосу),5000,Оплачен
2004,467,2026-04-06,Статья 12.9 ч.2 (Превышение скорости на 20-40 км/ч),2000,Не оплачен
2005,537,2026-04-03,Статья 12.19 ч.3 (Остановка на пешеходном переходе),5000,Оплачен
2006,1157,2026-03-04,Статья 12.9 ч.2 (Превышение скорости на 20-40 км/ч),5000,Оплачен
2007,431,2026-02-18,Статья 12.6 (Непристегнутый ремень безопасности),2500,Оплачен
2008,485,2026-05-19,Статья 12.18 (Непредоставление преимущества пешеходу),3500,Не оплачен
2009,801,2026-03-20,Статья 12.18 (Непредоставление преимущества пешеходу),1500,Оплачен
2010,675,2026-05-31,Статья 12.16 ч.4 (Выезд на встречную полосу),4000,Не оплачен
2011,947,2026-01-20,Статья 12.18 (Непредоставление преимущества пешеходу),3000,Оплачен
2012,995,2026-03-17,Статья 12.6 (Непристегнутый ремень безопасности),1000,Не оплачен
2013,290,2026-03-28,Статья 12.19 ч.3 (Остановка на пешеходном переходе),4000,Оплачен
2014,221,2026-04-21,Статья 12.19 ч.3 (Остановка на пешеходном переходе),1500,Оплачен
2015,1122,2026-04-02,Статья 12.36.1 (Использование телефона за рулем),1500,Не оплачен
2016,953,2026-05-25,Статья 12.18 (Непредоставление преимущества пешеходу),5000,Оплачен
2017,211,2026-01-19,Статья 12.8 ч.1 (Управление ТС в состоянии опьянения),1500,Не оплачен
2018,498,2026-04-24,Статья 12.12 ч.1 (Проезд на красный свет),5000,Не оплачен
2019,180,2026-02-10,Статья 12.19 ч.3 (Остановка на пешеходном переходе),2500,Не оплачен
2020,1056,2026-05-06,Статья 12.12 ч.1 (Проезд на красный свет),4000,Оплачен
2021,190,2026-02-04,Статья 12.36.1 (Использование телефона за рулем),1000,Не оплачен
2022,949,2026-02-15,Статья 12.36.1 (Использование телефона за рулем),3000,Не оплачен
2023,968,2026-04-14,Статья 12.18 (Непредоставление преимущества пешеходу),1500,Оплачен
2024,153,2026-03-13,Статья 12.9 ч.2 (Превышение скорости на 20-40 км/ч),5000,Оплачен
2025,547,2026-03-29,Статья 12.19 ч.3 (Остановка на пешеходном переходе),5000,Оплачен
2026,14,2026-01-19,Статья 12.12 ч.1 (Проезд на красный свет),3000,Не оплачен
2027,647,2026-03-18,Статья 12.19 ч.3 (Остановка на пешеходном переходе),1500,Оплачен
2028,108,2026-02-13,Статья 12.18 (Непредоставление преимущества пешеходу),2000,Не оплачен
2029,885,2026-02-17,Статья 12.19 ч.3 (Остановка на пешеходном переходе),4000,Оплачен
2030,248,2026-04-22,Статья 12.12 ч.1 (Проезд на красный свет),3000,Не оплачен
2031,339,2026-01-18,Статья 12.9 ч.2 (Превышение скорости на 20-40 км/ч),1500,Оплачен
2032,715,2026-02-08,Статья 12.36.1 (Использование телефона за рулем),1000,Оплачен
2033,983,2026-04-29,Статья 12.18 (Непредоставление преимущества пешеходу),1500,Оплачен
2034,864,2026-01-01,Статья 12.6 (Непристегнутый ремень безопасности),3000,Оплачен
2035,460,2026-01-27,Статья 12.12 ч.1 (Проезд на красный свет),3000,Не оплачен
2036,86,2026-01-31,Статья 12.36.1 (Использование телефона за рулем),5000,Оплачен
2037,629,2026-04-14,Статья 12.18 (Непредоставление преимущества пешеходу),2500,Не оплачен
2038,1119,2026-04-30,Статья 12.18 (Непредоставление преимущества пешеходу),3500,Не оплачен
2039,1174,2026-01-17,Статья 12.6 (Непристегнутый ремень безопасности),3000,Оплачен
2040,378,2026-04-09,Статья 12.9 ч.2 (Превышение скорости на 20-40 км/ч),4000,Не оплачен
2041,94,2026-02-23,Статья 12.6 (Непристегнутый ремень безопасности),3000,Оплачен
2042,785,2026-05-11,Статья 12.16 ч.4 (Выезд на встречную полосу),3500,Не оплачен
2043,613,2026-01-21,Статья 12.8 ч.1 (Управление ТС в состоянии опьянения),1000,Оплачен
2044,78,2026-04-11,Статья 12.16 ч.4 (Выезд на встречную полосу),4000,Не оплачен
2045,292,2026-02-09,Статья 12.19 ч.3 (Остановка на пешеходном переходе),4000,Оплачен
2046,832,2026-02-09,Статья 12.6 (Непристегнутый ремень безопасности),2000,Не оплачен
2047,648,2026-04-22,Статья 12.8 ч.1 (Управление ТС в состоянии опьянения),4000,Не оплачен
2048,73,2026-05-25,Статья 12.8 ч.1 (Управление ТС в состоянии опьянения),5000,Не оплачен
2049,432,2026-05-28,Статья 12.12 ч.1 (Проезд на красный свет),500,Оплачен
2050,877,2026-04-08,Статья 12.36.1 (Использование телефона за рулем),4000,Оплачен
2051,1086,2026-03-19,Статья 12.16 ч.4 (Выезд на встречную полосу),500,Не оплачен
2052,882,2026-01-05,Статья 12.16 ч.4 (Выезд на встречную полосу),3000,Оплачен
2053,1018,2026-02-24,Статья 12.6 (Непристегнутый ремень безопасности),1000,Не оплачен
2054,310,2026-04-03,Статья 12.8 ч.1 (Управление ТС в состоянии опьянения),2500,Оплачен
2055,108,2026-01-14,Статья 12.18 (Непредоставление преимущества пешеходу),500,Оплачен
2056,1094,2026-01-27,Статья 12.16 ч.4 (Выезд на встречную полосу),5000,Не оплачен
2057,102,2026-03-24,Статья 12.9 ч.2 (Превышение скорости на 20-40 км/ч),2500,Не оплачен
2058,269,2026-05-21,Статья 12.8 ч.1 (Управление ТС в состоянии опьянения),500,Не оплачен
2059,203,2026-03-27,Статья 12.18 (Непредоставление преимущества пешеходу),4000,Не оплачен
2060,579,2026-01-18,Статья 12.8 ч.1 (Управление ТС в состоянии опьянения),5000,Оплачен
2061,951,2026-01-17,Статья 12.6 (Непристегнутый ремень безопасности),500,Оплачен
2062,58,2026-05-06,Статья 12.19 ч.3 (Остановка на пешеходном переходе),1500,Оплачен
2063,1072,2026-05-31,Статья 12.18 (Непредоставление преимущества пешеходу),3500,Оплачен
2064,258,2026-05-18,Статья 12.36.1 (Использование телефона за рулем),1500,Не оплачен
2065,769,2026-04-25,Статья 12.8 ч.1 (Управление ТС в состоянии опьянения),2000,Оплачен
2066,906,2026-04-08,Статья 12.6 (Непристегнутый ремень безопасности),5000,Оплачен
2067,1100,2026-02-16,Статья 12.19 ч.3 (Остановка на пешеходном переходе),5000,Не оплачен
2068,357,2026-03-09,Статья 12.19 ч.3 (Остановка на пешеходном переходе),2500,Не оплачен
2069,745,2026-02-26,Статья 12.18 (Непредоставление преимущества пешеходу),500,Оплачен
2070,253,2026-03-06,Статья 12.36.1 (Использование телефона за рулем),1500,Не оплачен
2071,656,2026-04-21,Статья 12.36.1 (Использование телефона за рулем),2500,Оплачен
2072,364,2026-02-04,Статья 12.36.1 (Использование телефона за рулем),500,Не оплачен
2073,705,2026-02-21,Статья 12.36.1 (Использование телефона за рулем),2500,Не оплачен
2074,1019,2026-05-10,Статья 12.6 (Непристегнутый ремень безопасности),2000,Оплачен
2075,991,2026-02-03,Статья 12.19 ч.3 (Остановка на пешеходном переходе),4000,Оплачен
2076,1153,2026-04-29,Статья 12.9 ч.2 (Превышение скорости на 20-40 км/ч),500,Не оплачен
2077,829,2026-01-04,Статья 12.18 (Непредоставление преимущества пешеходу),4000,Оплачен
2078,12,2026-03-11,Статья 12.18 (Непредоставление преимущества пешеходу),4000,Не оплачен
2079,310,2026-04-18,Статья 12.6 (Непристегнутый ремень безопасности),2500,Оплачен
2080,561,2026-01-30,Статья 12.12 ч.1 (Проезд на красный свет),3500,Оплачен
2081,212,2026-03-10,Статья 12.9 ч.2 (Превышение скорости на 20-40 км/ч),2500,Не оплачен
2082,49,2026-01-19,Статья 12.9 ч.2 (Превышение скорости на 20-40 км/ч),3000,Оплачен
2083,85,2026-04-15,Статья 12.8 ч.1 (Управление ТС в состоянии опьянения),1000,Оплачен
2084,502,2026-02-25,Статья 12.18 (Непредоставление преимущества пешеходу),4000,Не оплачен
2085,703,2026-02-27,Статья 12.19 ч.3 (Остановка на пешеходном переходе),1000,Оплачен
2086,865,2026-03-19,Статья 12.8 ч.1 (Управление ТС в состоянии опьянения),1000,Оплачен
2087,272,2026-01-17,Статья 12.6 (Непристегнутый ремень безопасности),1000,Не оплачен
2088,481,2026-05-26,Статья 12.12 ч.1 (Проезд на красный свет),3000,Не оплачен
2089,1,2026-01-02,Статья 12.36.1 (Использование телефона за рулем),3500,Оплачен
2090,50,2026-05-22,Статья 12.19 ч.3 (Остановка на пешеходном переходе),4500,Оплачен
2091,205,2026-05-29,Статья 12.12 ч.1 (Проезд на красный свет),3500,Не оплачен
2092,739,2026-05-30,Статья 12.8 ч.1 (Управление ТС в состоянии опьянения),3500,Оплачен
2093,431,2026-03-20,Статья 12.12 ч.1 (Проезд на красный свет),500,Оплачен
2094,1038,2026-04-29,Статья 12.19 ч.3 (Остановка на пешеходном переходе),3000,Не оплачен
2095,1051,2026-05-28,Статья 12.16 ч.4 (Выезд на встречную полосу),500,Не оплачен
2096,545,2026-05-21,Статья 12.19 ч.3 (Остановка на пешеходном переходе),5000,Не оплачен
2097,922,2026-04-06,Статья 12.6 (Непристегнутый ремень безопасности),4000,Оплачен
2098,257,2026-03-09,Статья 12.16 ч.4 (Выезд на встречную полосу),5000,Оплачен
2099,960,2026-05-30,Статья 12.36.1 (Использование телефона за рулем),1500,Не оплачен
2100,10,2026-04-11,Статья 12.16 ч.4 (Выезд на встречную полосу),5000,Оплачен
2101,5,2026-01-13,Статья 12.8 ч.1 (Управление ТС в состоянии опьянения),2500,Не оплачен
2102,267,2026-05-01,Статья 12.18 (Непредоставление преимущества пешеходу),2500,Оплачен
2103,1164,2026-06-01,Статья 12.6 (Непристегнутый ремень безопасности),5000,Оплачен
2104,968,2026-04-14,Статья 12.9 ч.2 (Превышение скорости на 20-40 км/ч),1000,Не оплачен
2105,142,2026-03-07,Статья 12.18 (Непредоставление преимущества пешеходу),4000,Не оплачен
2106,858,2026-01-28,Статья 12.19 ч.3 (Остановка на пешеходном переходе),5000,Оплачен
2107,373,2026-02-10,Статья 12.8 ч.1 (Управление ТС в состоянии опьянения),2500,Не оплачен
2108,384,2026-01-23,Статья 12.36.1 (Использование телефона за рулем),4000,Не оплачен
2109,692,2026-01-05,Статья 12.18 (Непредоставление преимущества пешеходу),4500,Оплачен
2110,848,2026-02-25,Статья 12.18 (Непредоставление преимущества пешеходу),1500,Не оплачен
2111,632,2026-03-28,Статья 12.9 ч.2 (Превышение скорости на 20-40 км/ч),2500,Не оплачен
2112,306,2026-01-27,Статья 12.36.1 (Использование телефона за рулем),4000,Оплачен
2113,793,2026-05-05,Статья 12.9 ч.2 (Превышение скорости на 20-40 км/ч),5000,Не оплачен
2114,680,2026-02-25,Статья 12.12 ч.1 (Проезд на красный свет),500,Оплачен
2115,658,2026-01-10,Статья 12.18 (Непредоставление преимущества пешеходу),3500,Не оплачен
2116,833,2026-05-21,Статья 12.9 ч.2 (Превышение скорости на 20-40 км/ч),3500,Оплачен
2117,666,2026-05-31,Статья 12.6 (Непристегнутый ремень безопасности),3000,Оплачен
2118,564,2026-04-05,Статья 12.19 ч.3 (Остановка на пешеходном переходе),2500,Оплачен
2119,1044,2026-05-03,Статья 12.16 ч.4 (Выезд на встречную полосу),2000,Оплачен
2120,295,2026-05-28,Статья 12.16 ч.4 (Выезд на встречную полосу),4500,Не оплачен
2121,632,2026-04-28,Статья 12.8 ч.1 (Управление ТС в состоянии опьянения),1500,Оплачен
2122,52,2026-02-24,Статья 12.6 (Непристегнутый ремень безопасности),5000,Оплачен
2123,836,2026-05-10,Статья 12.16 ч.4 (Выезд на встречную полосу),3500,Оплачен
2124,738,2026-04-02,Статья 12.36.1 (Использование телефона за рулем),5000,Не оплачен
2125,972,2026-04-03,Статья 12.18 (Непредоставление преимущества пешеходу),2500,Оплачен
2126,267,2026-03-15,Статья 12.9 ч.2 (Превышение скорости на 20-40 км/ч),4000,Оплачен
2127,1062,2026-01-06,Статья 12.9 ч.2 (Превышение скорости на 20-40 км/ч),4000,Не оплачен
2128,309,2026-02-25,Статья 12.18 (Непредоставление преимущества пешеходу),500,Не оплачен
2129,96,2026-03-30,Статья 12.36.1 (Использование телефона за рулем),500,Оплачен
2130,824,2026-03-25,Статья 12.36.1 (Использование телефона за рулем),4000,Не оплачен
2131,531,2026-02-23,Статья 12.16 ч.4 (Выезд на встречную полосу),3500,Не оплачен
2132,820,2026-05-03,Статья 12.36.1 (Использование телефона за рулем),3500,Оплачен
2133,233,2026-05-19,Статья 12.18 (Непредоставление преимущества пешеходу),1500,Оплачен
2134,262,2026-05-08,Статья 12.9 ч.2 (Превышение скорости на 20-40 км/ч),2000,Оплачен
2135,115,2026-01-21,Статья 12.6 (Непристегнутый ремень безопасности),4000,Не оплачен
2136,804,2026-05-08,Статья 12.36.1 (Использование телефона за рулем),1500,Оплачен
2137,1133,2026-02-18,Статья 12.18 (Непредоставление преимущества пешеходу),4500,Оплачен
2138,1143,2026-04-21,Статья 12.8 ч.1 (Управление ТС в состоянии опьянения),3000,Не оплачен
2139,449,2026-03-18,Статья 12.16 ч.4 (Выезд на встречную полосу),500,Не оплачен
2140,273,2026-05-18,Статья 12.9 ч.2 (Превышение скорости на 20-40 км/ч),4500,Не оплачен
2141,121,2026-05-22,Статья 12.18 (Непредоставление преимущества пешеходу),2500,Оплачен
2142,631,2026-05-08,Статья 12.19 ч.3 (Остановка на пешеходном переходе),3000,Не оплачен
2143,250,2026-05-12,Статья 12.16 ч.4 (Выезд на встречную полосу),2000,Оплачен
2144,386,2026-03-29,Статья 12.8 ч.1 (Управление ТС в состоянии опьянения),4000,Не оплачен
2145,900,2026-01-29,Статья 12.6 (Непристегнутый ремень безопасности),5000,Оплачен
2146,608,2026-03-18,Статья 12.16 ч.4 (Выезд на встречную полосу),500,Не оплачен
2147,1022,2026-04-15,Статья 12.8 ч.1 (Управление ТС в состоянии опьянения),4500,Не оплачен
2148,787,2026-04-14,Статья 12.9 ч.2 (Превышение скорости на 20-40 км/ч),5000,Не оплачен
2149,652,2026-03-03,Статья 12.9 ч.2 (Превышение скорости на 20-40 км/ч),1500,Оплачен
2150,1054,2026-02-06,Статья 12.6 (Непристегнутый ремень безопасности),1500,Не оплачен
2151,241,2026-04-10,Статья 12.6 (Непристегнутый ремень безопасности),2500,Не оплачен
2152,105,2026-04-13,Статья 12.19 ч.3 (Остановка на пешеходном переходе),500,Не оплачен
2153,983,2026-04-15,Статья 12.19 ч.3 (Остановка на пешеходном переходе),1000,Не оплачен
2154,648,2026-03-11,Статья 12.12 ч.1 (Проезд на красный свет),2000,Не оплачен
2155,620,2026-05-09,Статья 12.18 (Непредоставление преимущества пешеходу),3000,Оплачен
2156,748,2026-03-07,Статья 12.36.1 (Использование телефона за рулем),3000,Не оплачен
2157,777,2026-02-02,Статья 12.9 ч.2 (Превышение скорости на 20-40 км/ч),3500,Оплачен
2158,506,2026-02-01,Статья 12.12 ч.1 (Проезд на красный свет),500,Не оплачен
2159,178,2026-01-01,Статья 12.19 ч.3 (Остановка на пешеходном переходе),5000,Оплачен
2160,789,2026-01-12,Статья 12.6 (Непристегнутый ремень безопасности),500,Не оплачен
2161,328,2026-01-13,Статья 12.6 (Непристегнутый ремень безопасности),4500,Оплачен
2162,35,2026-05-29,Статья 12.9 ч.2 (Превышение скорости на 20-40 км/ч),2000,Не оплачен
2163,1051,2026-04-22,Статья 12.12 ч.1 (Проезд на красный свет),2500,Оплачен
2164,1150,2026-05-27,Статья 12.12 ч.1 (Проезд на красный свет),2500,Оплачен
2165,587,2026-02-24,Статья 12.9 ч.2 (Превышение скорости на 20-40 км/ч),4000,Не оплачен
2166,616,2026-05-07,Статья 12.8 ч.1 (Управление ТС в состоянии опьянения),500,Не оплачен
2167,353,2026-05-01,Статья 12.19 ч.3 (Остановка на пешеходном переходе),3500,Не оплачен
2168,140,2026-01-29,Статья 12.8 ч.1 (Управление ТС в состоянии опьянения),5000,Оплачен
2169,30,2026-04-01,Статья 12.36.1 (Использование телефона за рулем),500,Оплачен
2170,979,2026-02-26,Статья 12.12 ч.1 (Проезд на красный свет),3500,Оплачен
2171,1186,2026-05-07,Статья 12.6 (Непристегнутый ремень безопасности),3500,Не оплачен
2172,425,2026-03-01,Статья 12.6 (Непристегнутый ремень безопасности),3000,Оплачен
2173,959,2026-03-04,Статья 12.8 ч.1 (Управление ТС в состоянии опьянения),500,Не оплачен
2174,591,2026-01-11,Статья 12.36.1 (Использование телефона за рулем),2000,Не оплачен
2175,492,2026-02-22,Статья 12.16 ч.4 (Выезд на встречную полосу),5000,Оплачен
2176,141,2026-03-06,Статья 12.12 ч.1 (Проезд на красный свет),3500,Оплачен
2177,721,2026-05-09,Статья 12.19 ч.3 (Остановка на пешеходном переходе),2500,Не оплачен
2178,952,2026-03-13,Статья 12.36.1 (Использование телефона за рулем),4000,Не оплачен
2179,923,2026-05-01,Статья 12.36.1 (Использование телефона за рулем),2500,Не оплачен
2180,159,2026-04-23,Статья 12.18 (Непредоставление преимущества пешеходу),1500,Не оплачен
2181,79,2026-02-01,Статья 12.9 ч.2 (Превышение скорости на 20-40 км/ч),3500,Оплачен
2182,1130,2026-02-12,Статья 12.36.1 (Использование телефона за рулем),500,Оплачен
2183,83,2026-03-16,Статья 12.12 ч.1 (Проезд на красный свет),4500,Оплачен
2184,491,2026-02-05,Статья 12.36.1 (Использование телефона за рулем),5000,Не оплачен
2185,481,2026-01-03,Статья 12.36.1 (Использование телефона за рулем),2500,Оплачен
2186,302,2026-03-04,Статья 12.6 (Непристегнутый ремень безопасности),4500,Не оплачен
2187,928,2026-02-06,Статья 12.8 ч.1 (Управление ТС в состоянии опьянения),3500,Оплачен
2188,1058,2026-05-11,Статья 12.19 ч.3 (Остановка на пешеходном переходе),5000,Не оплачен
2189,1016,2026-03-06,Статья 12.36.1 (Использование телефона за рулем),5000,Оплачен
2190,608,2026-04-18,Статья 12.9 ч.2 (Превышение скорости на 20-40 км/ч),5000,Не оплачен
2191,987,2026-01-20,Статья 12.36.1 (Использование телефона за рулем),5000,Не оплачен
2192,1022,2026-04-06,Статья 12.6 (Непристегнутый ремень безопасности),5000,Не оплачен
2193,700,2026-03-11,Статья 12.36.1 (Использование телефона за рулем),3500,Не оплачен
2194,355,2026-01-18,Статья 12.12 ч.1 (Проезд на красный свет),1500,Оплачен
2195,904,2026-03-11,Статья 12.12 ч.1 (Проезд на красный свет),4500,Оплачен
2196,518,2026-05-23,Статья 12.19 ч.3 (Остановка на пешеходном переходе),1000,Не оплачен
2197,95,2026-02-09,Статья 12.16 ч.4 (Выезд на встречную полосу),4000,Оплачен
2198,1056,2026-05-27,Статья 12.16 ч.4 (Выезд на встречную полосу),2500,Не оплачен
2199,1179,2026-02-20,Статья 12.19 ч.3 (Остановка на пешеходном переходе),500,Оплачен
2200,721,2026-05-28,Статья 12.16 ч.4 (Выезд на встречную полосу),1000,Не оплачен
2201,775,2026-01-11,Статья 12.16 ч.4 (Выезд на встречную полосу),5000,Оплачен
2202,306,2026-04-06,Статья 12.9 ч.2 (Превышение скорости на 20-40 км/ч),3000,Не оплачен
2203,903,2026-03-03,Статья 12.19 ч.3 (Остановка на пешеходном переходе),5000,Оплачен
2204,472,2026-03-25,Статья 12.18 (Непредоставление преимущества пешеходу),500,Оплачен
2205,922,2026-01-28,Статья 12.36.1 (Использование телефона за рулем),2500,Не оплачен
2206,1059,2026-03-19,Статья 12.16 ч.4 (Выезд на встречную полосу),3500,Оплачен
2207,750,2026-04-08,Статья 12.9 ч.2 (Превышение скорости на 20-40 км/ч),2500,Не оплачен
2208,1171,2026-03-01,Статья 12.18 (Непредоставление преимущества пешеходу),4500,Оплачен
2209,104,2026-01-19,Статья 12.19 ч.3 (Остановка на пешеходном переходе),1500,Не оплачен
2210,780,2026-01-24,Статья 12.16 ч.4 (Выезд на встречную полосу),2000,Не оплачен
2211,1127,2026-02-11,Статья 12.6 (Непристегнутый ремень безопасности),5000,Оплачен
2212,977,2026-03-05,Статья 12.36.1 (Использование телефона за рулем),2500,Не оплачен
2213,699,2026-01-02,Статья 12.9 ч.2 (Превышение скорости на 20-40 км/ч),4500,Оплачен
2214,697,2026-05-14,Статья 12.36.1 (Использование телефона за рулем),500,Не оплачен
2215,912,2026-01-14,Статья 12.8 ч.1 (Управление ТС в состоянии опьянения),1000,Не оплачен
2216,872,2026-04-26,Статья 12.36.1 (Использование телефона за рулем),3000,Не оплачен
2217,236,2026-05-12,Статья 12.12 ч.1 (Проезд на красный свет),4000,Оплачен
2218,1024,2026-05-24,Статья 12.16 ч.4 (Выезд на встречную полосу),2000,Не оплачен
2219,671,2026-03-26,Статья 12.8 ч.1 (Управление ТС в состоянии опьянения),2500,Оплачен
2220,224,2026-05-03,Статья 12.16 ч.4 (Выезд на встречную полосу),500,Оплачен
2221,699,2026-03-10,Статья 12.12 ч.1 (Проезд на красный свет),5000,Оплачен
2222,384,2026-05-08,Статья 12.9 ч.2 (Превышение скорости на 20-40 км/ч),4500,Оплачен
2223,480,2026-02-26,Статья 12.19 ч.3 (Остановка на пешеходном переходе),4500,Не оплачен
2224,465,2026-03-14,Статья 12.18 (Непредоставление преимущества пешеходу),1500,Не оплачен
2225,834,2026-03-31,Статья 12.36.1 (Использование телефона за рулем),4000,Оплачен
2226,269,2026-02-10,Статья 12.6 (Непристегнутый ремень безопасности),2500,Не оплачен
2227,240,2026-04-24,Статья 12.8 ч.1 (Управление ТС в состоянии опьянения),3000,Оплачен
2228,812,2026-03-27,Статья 12.18 (Непредоставление преимущества пешеходу),2000,Оплачен
2229,1109,2026-02-09,Статья 12.18 (Непредоставление преимущества пешеходу),1500,Не оплачен
2230,71,2026-01-03,Статья 12.18 (Непредоставление преимущества пешеходу),5000,Не оплачен
2231,751,2026-05-27,Статья 12.12 ч.1 (Проезд на красный свет),1000,Не оплачен
2232,995,2026-01-04,Статья 12.8 ч.1 (Управление ТС в состоянии опьянения),500,Не оплачен
2233,448,2026-03-14,Статья 12.18 (Непредоставление преимущества пешеходу),1000,Оплачен
2234,785,2026-03-06,Статья 12.16 ч.4 (Выезд на встречную полосу),5000,Не оплачен
2235,235,2026-05-25,Статья 12.12 ч.1 (Проезд на красный свет),2000,Оплачен
2236,1027,2026-06-01,Статья 12.19 ч.3 (Остановка на пешеходном переходе),4000,Оплачен
2237,97,2026-01-08,Статья 12.18 (Непредоставление преимущества пешеходу),4500,Оплачен
2238,20,2026-05-27,Статья 12.9 ч.2 (Превышение скорости на 20-40 км/ч),2000,Не оплачен
2239,358,2026-03-13,Статья 12.36.1 (Использование телефона за рулем),1000,Оплачен
2240,734,2026-06-01,Статья 12.12 ч.1 (Проезд на красный свет),1500,Не оплачен
2241,164,2026-04-08,Статья 12.12 ч.1 (Проезд на красный свет),2000,Оплачен
2242,805,2026-04-14,Статья 12.19 ч.3 (Остановка на пешеходном переходе),2000,Не оплачен
2243,241,2026-02-04,Статья 12.19 ч.3 (Остановка на пешеходном переходе),2500,Не оплачен
2244,979,2026-02-13,Статья 12.6 (Непристегнутый ремень безопасности),500,Не оплачен
2245,880,2026-03-05,Статья 12.19 ч.3 (Остановка на пешеходном переходе),1500,Не оплачен
2246,1037,2026-01-15,Статья 12.9 ч.2 (Превышение скорости на 20-40 км/ч),2500,Не оплачен
2247,318,2026-05-09,Статья 12.16 ч.4 (Выезд на встречную полосу),3000,Оплачен
2248,679,2026-02-19,Статья 12.8 ч.1 (Управление ТС в состоянии опьянения),5000,Оплачен
2249,949,2026-02-20,Статья 12.6 (Непристегнутый ремень безопасности),4000,Оплачен
2250,6,2026-05-07,Статья 12.19 ч.3 (Остановка на пешеходном переходе),3500,Не оплачен
2251,695,2026-02-09,Статья 12.16 ч.4 (Выезд на встречную полосу),3000,Не оплачен
2252,427,2026-01-05,Статья 12.6 (Непристегнутый ремень безопасности),4000,Оплачен
2253,84,2026-01-21,Статья 12.6 (Непристегнутый ремень безопасности),4500,Не оплачен
2254,555,2026-03-08,Статья 12.36.1 (Использование телефона за рулем),4500,Оплачен
2255,387,2026-05-03,Статья 12.6 (Непристегнутый ремень безопасности),5000,Оплачен
2256,1125,2026-04-21,Статья 12.6 (Непристегнутый ремень безопасности),1000,Оплачен
2257,1038,2026-01-09,Статья 12.18 (Непредоставление преимущества пешеходу),5000,Не оплачен
2258,1160,2026-02-25,Статья 12.19 ч.3 (Остановка на пешеходном переходе),1000,Оплачен
2259,230,2026-01-10,Статья 12.19 ч.3 (Остановка на пешеходном переходе),1500,Оплачен
2260,1190,2026-02-04,Статья 12.9 ч.2 (Превышение скорости на 20-40 км/ч),2500,Оплачен
2261,334,2026-01-05,Статья 12.18 (Непредоставление преимущества пешеходу),4000,Оплачен
2262,82,2026-03-20,Статья 12.18 (Непредоставление преимущества пешеходу),1500,Оплачен
2263,748,2026-04-10,Статья 12.8 ч.1 (Управление ТС в состоянии опьянения),1500,Оплачен
2264,10,2026-02-04,Статья 12.19 ч.3 (Остановка на пешеходном переходе),5000,Оплачен
2265,38,2026-02-23,Статья 12.36.1 (Использование телефона за рулем),3500,Не оплачен
2266,94,2026-01-17,Статья 12.8 ч.1 (Управление ТС в состоянии опьянения),2500,Оплачен
2267,955,2026-04-27,Статья 12.19 ч.3 (Остановка на пешеходном переходе),500,Не оплачен
2268,351,2026-04-07,Статья 12.19 ч.3 (Остановка на пешеходном переходе),3000,Не оплачен
2269,81,2026-02-19,Статья 12.16 ч.4 (Выезд на встречную полосу),500,Оплачен
2270,706,2026-04-15,Статья 12.12 ч.1 (Проезд на красный свет),4000,Не оплачен
2271,144,2026-05-04,Статья 12.18 (Непредоставление преимущества пешеходу),5000,Не оплачен
2272,673,2026-02-23,Статья 12.6 (Непристегнутый ремень безопасности),2000,Оплачен
2273,1062,2026-01-20,Статья 12.19 ч.3 (Остановка на пешеходном переходе),1000,Оплачен
2274,792,2026-05-15,Статья 12.6 (Непристегнутый ремень безопасности),500,Оплачен
2275,715,2026-05-29,Статья 12.9 ч.2 (Превышение скорости на 20-40 км/ч),3000,Оплачен
2276,390,2026-02-01,Статья 12.19 ч.3 (Остановка на пешеходном переходе),5000,Оплачен
2277,447,2026-02-19,Статья 12.6 (Непристегнутый ремень безопасности),2000,Не оплачен
2278,706,2026-04-28,Статья 12.19 ч.3 (Остановка на пешеходном переходе),2500,Не оплачен
2279,1116,2026-05-07,Статья 12.18 (Непредоставление преимущества пешеходу),2000,Не оплачен
2280,999,2026-03-25,Статья 12.6 (Непристегнутый ремень безопасности),2000,Не оплачен
2281,242,2026-03-06,Статья 12.12 ч.1 (Проезд на красный свет),3000,Оплачен
2282,529,2026-04-15,Статья 12.12 ч.1 (Проезд на красный свет),3000,Оплачен
2283,48,2026-05-22,Статья 12.19 ч.3 (Остановка на пешеходном переходе),1000,Не оплачен
2284,253,2026-04-30,Статья 12.9 ч.2 (Превышение скорости на 20-40 км/ч),2000,Оплачен
2285,216,2026-05-18,Статья 12.16 ч.4 (Выезд на встречную полосу),2500,Оплачен
2286,1007,2026-05-11,Статья 12.6 (Непристегнутый ремень безопасности),1500,Не оплачен
2287,1134,2026-03-16,Статья 12.8 ч.1 (Управление ТС в состоянии опьянения),3500,Не оплачен
2288,1042,2026-05-25,Статья 12.18 (Непредоставление преимущества пешеходу),4500,Оплачен
2289,824,2026-02-28,Статья 12.6 (Непристегнутый ремень безопасности),5000,Оплачен
2290,674,2026-05-03,Статья 12.16 ч.4 (Выезд на встречную полосу),4000,Не оплачен
2291,1079,2026-01-02,Статья 12.18 (Непредоставление преимущества пешеходу),2000,Не оплачен
2292,938,2026-05-13,Статья 12.18 (Непредоставление преимущества пешеходу),2500,Оплачен
2293,948,2026-05-14,Статья 12.9 ч.2 (Превышение скорости на 20-40 км/ч),5000,Не оплачен
2294,1179,2026-02-28,Статья 12.16 ч.4 (Выезд на встречную полосу),1000,Не оплачен
2295,1139,2026-01-02,Статья 12.12 ч.1 (Проезд на красный свет),2000,Оплачен
2296,1097,2026-01-09,Статья 12.19 ч.3 (Остановка на пешеходном переходе),2500,Не оплачен
2297,1039,2026-02-22,Статья 12.16 ч.4 (Выезд на встречную полосу),4500,Оплачен
2298,666,2026-05-14,Статья 12.6 (Непристегнутый ремень безопасности),4000,Оплачен
2299,241,2026-04-19,Статья 12.16 ч.4 (Выезд на встречную полосу),5000,Не оплачен
2300,699,2026-02-14,Статья 12.9 ч.2 (Превышение скорости на 20-40 км/ч),3500,Оплачен
2301,251,2026-02-23,Статья 12.12 ч.1 (Проезд на красный свет),3500,Не оплачен
2302,997,2026-01-14,Статья 12.18 (Непредоставление преимущества пешеходу),4500,Оплачен
2303,966,2026-02-04,Статья 12.12 ч.1 (Проезд на красный свет),5000,Не оплачен
2304,1140,2026-03-25,Статья 12.19 ч.3 (Остановка на пешеходном переходе),1000,Оплачен
2305,861,2026-02-11,Статья 12.36.1 (Использование телефона за рулем),1500,Не оплачен
2306,1033,2026-05-06,Статья 12.18 (Непредоставление преимущества пешеходу),500,Оплачен
2307,102,2026-04-24,Статья 12.16 ч.4 (Выезд на встречную полосу),1500,Не оплачен
2308,161,2026-04-11,Статья 12.12 ч.1 (Проезд на красный свет),4500,Оплачен
2309,314,2026-04-21,Статья 12.18 (Непредоставление преимущества пешеходу),4500,Оплачен
2310,196,2026-01-07,Статья 12.18 (Непредоставление преимущества пешеходу),3000,Оплачен
2311,511,2026-04-05,Статья 12.18 (Непредоставление преимущества пешеходу),4000,Оплачен
2312,797,2026-02-11,Статья 12.36.1 (Использование телефона за рулем),3000,Оплачен
2313,67,2026-05-19,Статья 12.6 (Непристегнутый ремень безопасности),500,Оплачен
2314,423,2026-05-31,Статья 12.8 ч.1 (Управление ТС в состоянии опьянения),4000,Не оплачен
2315,614,2026-05-15,Статья 12.36.1 (Использование телефона за рулем),2500,Оплачен
2316,586,2026-05-05,Статья 12.19 ч.3 (Остановка на пешеходном переходе),4500,Не оплачен
2317,55,2026-02-18,Статья 12.9 ч.2 (Превышение скорости на 20-40 км/ч),5000,Оплачен
2318,607,2026-01-16,Статья 12.8 ч.1 (Управление ТС в состоянии опьянения),500,Не оплачен
2319,794,2026-01-29,Статья 12.12 ч.1 (Проезд на красный свет),1500,Не оплачен
2320,227,2026-01-23,Статья 12.8 ч.1 (Управление ТС в состоянии опьянения),500,Не оплачен
2321,624,2026-02-14,Статья 12.36.1 (Использование телефона за рулем),2500,Оплачен
2322,344,2026-01-17,Статья 12.9 ч.2 (Превышение скорости на 20-40 км/ч),1000,Оплачен
2323,391,2026-05-18,Статья 12.12 ч.1 (Проезд на красный свет),3500,Не оплачен
2324,839,2026-02-24,Статья 12.19 ч.3 (Остановка на пешеходном переходе),3500,Не оплачен
2325,1032,2026-01-24,Статья 12.18 (Непредоставление преимущества пешеходу),4000,Не оплачен
2326,383,2026-04-09,Статья 12.19 ч.3 (Остановка на пешеходном переходе),4500,Оплачен
2327,653,2026-01-13,Статья 12.36.1 (Использование телефона за рулем),2000,Оплачен
2328,1153,2026-02-07,Статья 12.36.1 (Использование телефона за рулем),4500,Не оплачен
2329,106,2026-02-09,Статья 12.6 (Непристегнутый ремень безопасности),500,Не оплачен
2330,396,2026-02-14,Статья 12.9 ч.2 (Превышение скорости на 20-40 км/ч),4000,Оплачен
2331,576,2026-03-25,Статья 12.18 (Непредоставление преимущества пешеходу),2500,Не оплачен
2332,276,2026-05-22,Статья 12.12 ч.1 (Проезд на красный свет),500,Оплачен
2333,907,2026-01-22,Статья 12.8 ч.1 (Управление ТС в состоянии опьянения),2500,Не оплачен
2334,484,2026-04-22,Статья 12.16 ч.4 (Выезд на встречную полосу),1500,Не оплачен
2335,565,2026-03-28,Статья 12.18 (Непредоставление преимущества пешеходу),1500,Не оплачен
2336,653,2026-05-13,Статья 12.6 (Непристегнутый ремень безопасности),5000,Не оплачен
2337,106,2026-02-28,Статья 12.8 ч.1 (Управление ТС в состоянии опьянения),2500,Не оплачен
2338,185,2026-03-24,Статья 12.36.1 (Использование телефона за рулем),4500,Не оплачен
2339,618,2026-02-03,Статья 12.19 ч.3 (Остановка на пешеходном переходе),2500,Не оплачен
2340,209,2026-05-24,Статья 12.9 ч.2 (Превышение скорости на 20-40 км/ч),1500,Оплачен
2341,418,2026-01-27,Статья 12.8 ч.1 (Управление ТС в состоянии опьянения),4000,Не оплачен
2342,58,2026-02-06,Статья 12.8 ч.1 (Управление ТС в состоянии опьянения),4000,Оплачен
2343,725,2026-02-01,Статья 12.16 ч.4 (Выезд на встречную полосу),5000,Не оплачен
2344,929,2026-05-27,Статья 12.36.1 (Использование телефона за рулем),2500,Не оплачен
2345,1097,2026-04-09,Статья 12.8 ч.1 (Управление ТС в состоянии опьянения),3500,Не оплачен
2346,209,2026-04-04,Статья 12.6 (Непристегнутый ремень безопасности),4500,Оплачен
2347,425,2026-04-30,Статья 12.6 (Непристегнутый ремень безопасности),2000,Оплачен
2348,715,2026-03-25,Статья 12.16 ч.4 (Выезд на встречную полосу),1500,Не оплачен
2349,1053,2026-03-03,Статья 12.8 ч.1 (Управление ТС в состоянии опьянения),5000,Не оплачен
2350,249,2026-04-19,Статья 12.8 ч.1 (Управление ТС в состоянии опьянения),3000,Не оплачен
2351,338,2026-03-04,Статья 12.36.1 (Использование телефона за рулем),2500,Не оплачен
2352,294,2026-05-18,Статья 12.19 ч.3 (Остановка на пешеходном переходе),5000,Не оплачен
2353,791,2026-04-03,Статья 12.12 ч.1 (Проезд на красный свет),2000,Оплачен
2354,756,2026-02-19,Статья 12.16 ч.4 (Выезд на встречную полосу),1500,Оплачен
2355,291,2026-03-03,Статья 12.6 (Непристегнутый ремень безопасности),1000,Не оплачен
2356,1048,2026-04-06,Статья 12.16 ч.4 (Выезд на встречную полосу),2000,Оплачен
2357,564,2026-02-11,Статья 12.36.1 (Использование телефона за рулем),500,Оплачен
2358,777,2026-01-08,Статья 12.8 ч.1 (Управление ТС в состоянии опьянения),1000,Не оплачен
2359,764,2026-04-03,Статья 12.9 ч.2 (Превышение скорости на 20-40 км/ч),3000,Оплачен
2360,531,2026-02-02,Статья 12.36.1 (Использование телефона за рулем),2500,Оплачен
2361,15,2026-01-13,Статья 12.8 ч.1 (Управление ТС в состоянии опьянения),1000,Не оплачен
2362,970,2026-02-26,Статья 12.8 ч.1 (Управление ТС в состоянии опьянения),3000,Оплачен
2363,390,2026-03-28,Статья 12.12 ч.1 (Проезд на красный свет),1500,Не оплачен
2364,92,2026-03-31,Статья 12.12 ч.1 (Проезд на красный свет),3000,Оплачен
2365,793,2026-02-20,Статья 12.8 ч.1 (Управление ТС в состоянии опьянения),5000,Оплачен
2366,541,2026-01-16,Статья 12.18 (Непредоставление преимущества пешеходу),1000,Не оплачен
2367,138,2026-05-27,Статья 12.36.1 (Использование телефона за рулем),1500,Не оплачен
2368,797,2026-02-07,Статья 12.8 ч.1 (Управление ТС в состоянии опьянения),1500,Не оплачен
2369,338,2026-04-24,Статья 12.12 ч.1 (Проезд на красный свет),5000,Оплачен
2370,353,2026-05-13,Статья 12.16 ч.4 (Выезд на встречную полосу),5000,Не оплачен
2371,59,2026-05-05,Статья 12.6 (Непристегнутый ремень безопасности),5000,Оплачен
2372,1175,2026-05-29,Статья 12.8 ч.1 (Управление ТС в состоянии опьянения),500,Не оплачен
2373,979,2026-04-28,Статья 12.19 ч.3 (Остановка на пешеходном переходе),4000,Оплачен
2374,77,2026-04-03,Статья 12.18 (Непредоставление преимущества пешеходу),1500,Оплачен
2375,663,2026-04-04,Статья 12.36.1 (Использование телефона за рулем),3000,Не оплачен
2376,553,2026-01-01,Статья 12.36.1 (Использование телефона за рулем),4500,Не оплачен
2377,484,2026-04-10,Статья 12.19 ч.3 (Остановка на пешеходном переходе),1500,Оплачен
2378,590,2026-03-26,Статья 12.8 ч.1 (Управление ТС в состоянии опьянения),1500,Оплачен
2379,80,2026-02-19,Статья 12.12 ч.1 (Проезд на красный свет),5000,Не оплачен
2380,460,2026-05-11,Статья 12.9 ч.2 (Превышение скорости на 20-40 км/ч),1500,Не оплачен
2381,948,2026-03-18,Статья 12.16 ч.4 (Выезд на встречную полосу),500,Оплачен
2382,906,2026-02-08,Статья 12.16 ч.4 (Выезд на встречную полосу),1000,Не оплачен
2383,109,2026-04-09,Статья 12.12 ч.1 (Проезд на красный свет),4500,Не оплачен
2384,679,2026-01-10,Статья 12.8 ч.1 (Управление ТС в состоянии опьянения),2500,Оплачен
2385,963,2026-05-03,Статья 12.9 ч.2 (Превышение скорости на 20-40 км/ч),4500,Не оплачен
2386,731,2026-05-03,Статья 12.18 (Непредоставление преимущества пешеходу),4500,Оплачен
2387,373,2026-02-05,Статья 12.6 (Непристегнутый ремень безопасности),5000,Оплачен
2388,439,2026-03-15,Статья 12.16 ч.4 (Выезд на встречную полосу),2000,Оплачен
2389,946,2026-05-14,Статья 12.8 ч.1 (Управление ТС в состоянии опьянения),1500,Оплачен
2390,243,2026-01-18,Статья 12.18 (Непредоставление преимущества пешеходу),1500,Не оплачен
2391,683,2026-06-01,Статья 12.19 ч.3 (Остановка на пешеходном переходе),1500,Не оплачен
2392,227,2026-02-17,Статья 12.6 (Непристегнутый ремень безопасности),4000,Оплачен
2393,420,2026-02-28,Статья 12.8 ч.1 (Управление ТС в состоянии опьянения),1000,Не оплачен
2394,1170,2026-02-20,Статья 12.19 ч.3 (Остановка на пешеходном переходе),5000,Не оплачен
2395,235,2026-04-15,Статья 12.36.1 (Использование телефона за рулем),3000,Оплачен
2396,1087,2026-04-10,Статья 12.36.1 (Использование телефона за рулем),2500,Не оплачен
2397,313,2026-04-13,Статья 12.6 (Непристегнутый ремень безопасности),2500,Оплачен
2398,508,2026-01-23,Статья 12.8 ч.1 (Управление ТС в состоянии опьянения),1500,Не оплачен
2399,233,2026-03-06,Статья 12.9 ч.2 (Превышение скорости на 20-40 км/ч),3500,Оплачен
2400,833,2026-05-08,Статья 12.36.1 (Использование телефона за рулем),1500,Оплачен
2401,1000,2026-06-01,Статья 12.18 (Непредоставление преимущества пешеходу),2500,Оплачен
2402,659,2026-03-19,Статья 12.36.1 (Использование телефона за рулем),1000,Оплачен
2403,250,2026-03-09,Статья 12.18 (Непредоставление преимущества пешеходу),1000,Оплачен
2404,743,2026-05-07,Статья 12.12 ч.1 (Проезд на красный свет),4000,Оплачен
2405,65,2026-06-01,Статья 12.16 ч.4 (Выезд на встречную полосу),3500,Оплачен
2406,302,2026-01-05,Статья 12.36.1 (Использование телефона за рулем),3000,Не оплачен
2407,1145,2026-01-12,Статья 12.18 (Непредоставление преимущества пешеходу),1500,Не оплачен
2408,541,2026-05-17,Статья 12.8 ч.1 (Управление ТС в состоянии опьянения),3000,Оплачен
2409,121,2026-03-25,Статья 12.12 ч.1 (Проезд на красный свет),2500,Оплачен
2410,1096,2026-04-02,Статья 12.19 ч.3 (Остановка на пешеходном переходе),4500,Не оплачен
2411,323,2026-01-15,Статья 12.8 ч.1 (Управление ТС в состоянии опьянения),4500,Не оплачен
2412,353,2026-04-09,Статья 12.12 ч.1 (Проезд на красный свет),4000,Оплачен
2413,978,2026-02-03,Статья 12.36.1 (Использование телефона за рулем),1500,Оплачен
2414,979,2026-03-22,Статья 12.19 ч.3 (Остановка на пешеходном переходе),3000,Оплачен
2415,780,2026-01-18,Статья 12.18 (Непредоставление преимущества пешеходу),2500,Оплачен
2416,204,2026-01-07,Статья 12.9 ч.2 (Превышение скорости на 20-40 км/ч),3500,Оплачен
2417,1122,2026-03-11,Статья 12.9 ч.2 (Превышение скорости на 20-40 км/ч),2500,Не оплачен
2418,920,2026-03-19,Статья 12.8 ч.1 (Управление ТС в состоянии опьянения),1500,Не оплачен
2419,546,2026-04-08,Статья 12.19 ч.3 (Остановка на пешеходном переходе),3500,Оплачен
2420,2,2026-02-12,Статья 12.36.1 (Использование телефона за рулем),3000,Оплачен
2421,855,2026-04-30,Статья 12.36.1 (Использование телефона за рулем),2500,Не оплачен
2422,742,2026-02-08,Статья 12.16 ч.4 (Выезд на встречную полосу),3500,Оплачен
2423,1151,2026-05-11,Статья 12.12 ч.1 (Проезд на красный свет),1000,Не оплачен
2424,1182,2026-02-05,Статья 12.18 (Непредоставление преимущества пешеходу),4000,Оплачен
2425,998,2026-05-31,Статья 12.36.1 (Использование телефона за рулем),2000,Оплачен
2426,803,2026-04-13,Статья 12.6 (Непристегнутый ремень безопасности),4500,Не оплачен
2427,707,2026-02-23,Статья 12.12 ч.1 (Проезд на красный свет),3500,Оплачен
2428,639,2026-03-13,Статья 12.16 ч.4 (Выезд на встречную полосу),3000,Оплачен
2429,747,2026-01-14,Статья 12.16 ч.4 (Выезд на встречную полосу),5000,Не оплачен
2430,1028,2026-05-06,Статья 12.16 ч.4 (Выезд на встречную полосу),2000,Не оплачен
2431,405,2026-04-16,Статья 12.18 (Непредоставление преимущества пешеходу),1500,Оплачен
2432,189,2026-03-27,Статья 12.18 (Непредоставление преимущества пешеходу),500,Не оплачен
2433,39,2026-04-30,Статья 12.8 ч.1 (Управление ТС в состоянии опьянения),1000,Не оплачен
2434,802,2026-01-12,Статья 12.18 (Непредоставление преимущества пешеходу),4000,Не оплачен
2435,776,2026-05-14,Статья 12.12 ч.1 (Проезд на красный свет),2500,Оплачен
2436,985,2026-01-02,Статья 12.9 ч.2 (Превышение скорости на 20-40 км/ч),500,Не оплачен
2437,1016,2026-02-11,Статья 12.18 (Непредоставление преимущества пешеходу),3000,Не оплачен
2438,594,2026-04-21,Статья 12.6 (Непристегнутый ремень безопасности),2000,Не оплачен
2439,786,2026-04-14,Статья 12.9 ч.2 (Превышение скорости на 20-40 км/ч),4000,Не оплачен
2440,201,2026-01-21,Статья 12.36.1 (Использование телефона за рулем),4000,Не оплачен
2441,669,2026-02-23,Статья 12.8 ч.1 (Управление ТС в состоянии опьянения),4500,Не оплачен
2442,1108,2026-04-25,Статья 12.12 ч.1 (Проезд на красный свет),4500,Не оплачен
2443,795,2026-04-08,Статья 12.16 ч.4 (Выезд на встречную полосу),2000,Не оплачен
2444,836,2026-01-21,Статья 12.36.1 (Использование телефона за рулем),3500,Не оплачен
2445,700,2026-03-03,Статья 12.16 ч.4 (Выезд на встречную полосу),5000,Оплачен
2446,911,2026-02-24,Статья 12.36.1 (Использование телефона за рулем),1000,Оплачен
2447,664,2026-02-15,Статья 12.12 ч.1 (Проезд на красный свет),2500,Оплачен
2448,898,2026-03-07,Статья 12.6 (Непристегнутый ремень безопасности),3500,Оплачен
2449,1041,2026-04-14,Статья 12.12 ч.1 (Проезд на красный свет),3500,Не оплачен
2450,678,2026-05-12,Статья 12.18 (Непредоставление преимущества пешеходу),3000,Оплачен
2451,409,2026-05-10,Статья 12.18 (Непредоставление преимущества пешеходу),2000,Не оплачен
2452,1130,2026-01-02,Статья 12.12 ч.1 (Проезд на красный свет),3000,Оплачен
2453,818,2026-06-01,Статья 12.19 ч.3 (Остановка на пешеходном переходе),4500,Не оплачен
2454,737,2026-03-24,Статья 12.36.1 (Использование телефона за рулем),2500,Оплачен
2455,1141,2026-03-21,Статья 12.36.1 (Использование телефона за рулем),500,Не оплачен
2456,932,2026-05-29,Статья 12.9 ч.2 (Превышение скорости на 20-40 км/ч),1500,Оплачен
2457,799,2026-03-13,Статья 12.18 (Непредоставление преимущества пешеходу),5000,Оплачен
2458,944,2026-03-06,Статья 12.19 ч.3 (Остановка на пешеходном переходе),1500,Не оплачен
2459,225,2026-04-24,Статья 12.6 (Непристегнутый ремень безопасности),3500,Оплачен
2460,1101,2026-01-17,Статья 12.16 ч.4 (Выезд на встречную полосу),2500,Оплачен
2461,656,2026-02-06,Статья 12.9 ч.2 (Превышение скорости на 20-40 км/ч),3000,Не оплачен
2462,971,2026-05-17,Статья 12.8 ч.1 (Управление ТС в состоянии опьянения),3000,Оплачен
2463,376,2026-01-26,Статья 12.16 ч.4 (Выезд на встречную полосу),4500,Оплачен
2464,756,2026-01-28,Статья 12.9 ч.2 (Превышение скорости на 20-40 км/ч),1000,Не оплачен
2465,289,2026-02-26,Статья 12.6 (Непристегнутый ремень безопасности),500,Не оплачен
2466,1003,2026-05-24,Статья 12.12 ч.1 (Проезд на красный свет),2000,Не оплачен
2467,428,2026-03-07,Статья 12.19 ч.3 (Остановка на пешеходном переходе),500,Не оплачен
2468,968,2026-03-30,Статья 12.18 (Непредоставление преимущества пешеходу),2500,Оплачен
2469,1162,2026-04-21,Статья 12.8 ч.1 (Управление ТС в состоянии опьянения),2000,Не оплачен
2470,826,2026-01-29,Статья 12.36.1 (Использование телефона за рулем),4500,Не оплачен
2471,503,2026-05-08,Статья 12.9 ч.2 (Превышение скорости на 20-40 км/ч),3500,Оплачен
2472,374,2026-02-12,Статья 12.36.1 (Использование телефона за рулем),2500,Не оплачен
2473,219,2026-02-05,Статья 12.36.1 (Использование телефона за рулем),3500,Не оплачен
2474,1136,2026-02-13,Статья 12.19 ч.3 (Остановка на пешеходном переходе),3000,Не оплачен
2475,81,2026-03-26,Статья 12.6 (Непристегнутый ремень безопасности),1000,Оплачен
2476,1146,2026-04-20,Статья 12.6 (Непристегнутый ремень безопасности),4500,Оплачен
2477,18,2026-04-20,Статья 12.16 ч.4 (Выезд на встречную полосу),3500,Не оплачен
2478,629,2026-03-16,Статья 12.8 ч.1 (Управление ТС в состоянии опьянения),1500,Оплачен
2479,1199,2026-01-22,Статья 12.6 (Непристегнутый ремень безопасности),2000,Не оплачен
2480,441,2026-03-05,Статья 12.12 ч.1 (Проезд на красный свет),5000,Не оплачен
2481,627,2026-05-21,Статья 12.36.1 (Использование телефона за рулем),500,Не оплачен
2482,261,2026-04-19,Статья 12.19 ч.3 (Остановка на пешеходном переходе),4000,Оплачен
2483,1119,2026-01-11,Статья 12.36.1 (Использование телефона за рулем),3500,Не оплачен
2484,771,2026-04-13,Статья 12.19 ч.3 (Остановка на пешеходном переходе),500,Не оплачен
2485,321,2026-04-03,Статья 12.12 ч.1 (Проезд на красный свет),4000,Оплачен
2486,1183,2026-01-07,Статья 12.6 (Непристегнутый ремень безопасности),5000,Не оплачен
2487,917,2026-03-10,Статья 12.12 ч.1 (Проезд на красный свет),3500,Не оплачен
2488,892,2026-03-13,Статья 12.18 (Непредоставление преимущества пешеходу),3500,Не оплачен
2489,680,2026-02-07,Статья 12.6 (Непристегнутый ремень безопасности),500,Не оплачен
2490,1196,2026-01-15,Статья 12.18 (Непредоставление преимущества пешеходу),4000,Оплачен
2491,3,2026-05-01,Статья 12.18 (Непредоставление преимущества пешеходу),500,Оплачен
2492,554,2026-05-05,Статья 12.18 (Непредоставление преимущества пешеходу),3500,Оплачен
2493,640,2026-02-18,Статья 12.9 ч.2 (Превышение скорости на 20-40 км/ч),2500,Оплачен
2494,902,2026-05-04,Статья 12.12 ч.1 (Проезд на красный свет),3000,Не оплачен
2495,584,2026-04-29,Статья 12.12 ч.1 (Проезд на красный свет),4000,Не оплачен
2496,671,2026-05-30,Статья 12.6 (Непристегнутый ремень безопасности),2000,Оплачен
2497,75,2026-02-18,Статья 12.9 ч.2 (Превышение скорости на 20-40 км/ч),5000,Не оплачен
2498,598,2026-05-19,Статья 12.6 (Непристегнутый ремень безопасности),4500,Не оплачен
2499,843,2026-02-03,Статья 12.12 ч.1 (Проезд на красный свет),1000,Оплачен
2500,1166,2026-02-20,Статья 12.16 ч.4 (Выезд на встречную полосу),1000,Оплачен
2501,751,2026-03-24,Статья 12.36.1 (Использование телефона за рулем),3500,Оплачен
2502,253,2026-01-18,Статья 12.36.1 (Использование телефона за рулем),4500,Не оплачен
2503,1190,2026-05-31,Статья 12.19 ч.3 (Остановка на пешеходном переходе),4500,Оплачен
2504,808,2026-04-12,Статья 12.6 (Непристегнутый ремень безопасности),4500,Оплачен
2505,512,2026-04-06,Статья 12.12 ч.1 (Проезд на красный свет),1000,Не оплачен
2506,872,2026-03-29,Статья 12.18 (Непредоставление преимущества пешеходу),2000,Оплачен
2507,641,2026-01-06,Статья 12.19 ч.3 (Остановка на пешеходном переходе),5000,Не оплачен
2508,693,2026-01-04,Статья 12.9 ч.2 (Превышение скорости на 20-40 км/ч),3000,Не оплачен
2509,796,2026-02-10,Статья 12.36.1 (Использование телефона за рулем),1000,Оплачен
2510,831,2026-05-05,Статья 12.8 ч.1 (Управление ТС в состоянии опьянения),4500,Не оплачен
2511,470,2026-05-13,Статья 12.19 ч.3 (Остановка на пешеходном переходе),4000,Не оплачен
2512,670,2026-03-13,Статья 12.36.1 (Использование телефона за рулем),2500,Не оплачен
2513,1071,2026-02-04,Статья 12.8 ч.1 (Управление ТС в состоянии опьянения),500,Не оплачен
2514,336,2026-03-11,Статья 12.36.1 (Использование телефона за рулем),3500,Не оплачен
2515,375,2026-04-05,Статья 12.19 ч.3 (Остановка на пешеходном переходе),1500,Оплачен
2516,35,2026-05-07,Статья 12.36.1 (Использование телефона за рулем),3000,Оплачен
2517,793,2026-05-21,Статья 12.19 ч.3 (Остановка на пешеходном переходе),2000,Не оплачен
2518,563,2026-03-23,Статья 12.6 (Непристегнутый ремень безопасности),5000,Не оплачен
2519,561,2026-01-13,Статья 12.6 (Непристегнутый ремень безопасности),3000,Оплачен
2520,1089,2026-03-21,Статья 12.6 (Непристегнутый ремень безопасности),3000,Оплачен
2521,1091,2026-03-18,Статья 12.9 ч.2 (Превышение скорости на 20-40 км/ч),1000,Оплачен
2522,936,2026-01-15,Статья 12.6 (Непристегнутый ремень безопасности),500,Не оплачен
2523,496,2026-05-22,Статья 12.16 ч.4 (Выезд на встречную полосу),4500,Оплачен
2524,245,2026-04-25,Статья 12.9 ч.2 (Превышение скорости на 20-40 км/ч),4000,Оплачен
2525,171,2026-03-08,Статья 12.6 (Непристегнутый ремень безопасности),4000,Не оплачен
2526,778,2026-05-10,Статья 12.8 ч.1 (Управление ТС в состоянии опьянения),5000,Оплачен
2527,791,2026-04-27,Статья 12.36.1 (Использование телефона за рулем),500,Не оплачен
2528,8,2026-01-05,Статья 12.9 ч.2 (Превышение скорости на 20-40 км/ч),4500,Оплачен
2529,381,2026-04-12,Статья 12.8 ч.1 (Управление ТС в состоянии опьянения),1500,Оплачен
2530,562,2026-04-27,Статья 12.19 ч.3 (Остановка на пешеходном переходе),1500,Оплачен
2531,526,2026-05-20,Статья 12.8 ч.1 (Управление ТС в состоянии опьянения),3000,Оплачен
2532,420,2026-05-16,Статья 12.16 ч.4 (Выезд на встречную полосу),2500,Не оплачен
2533,479,2026-03-23,Статья 12.8 ч.1 (Управление ТС в состоянии опьянения),4500,Оплачен
2534,473,2026-04-07,Статья 12.36.1 (Использование телефона за рулем),2000,Оплачен
2535,841,2026-04-14,Статья 12.6 (Непристегнутый ремень безопасности),5000,Не оплачен
2536,625,2026-06-01,Статья 12.8 ч.1 (Управление ТС в состоянии опьянения),3500,Оплачен
2537,65,2026-01-07,Статья 12.36.1 (Использование телефона за рулем),1500,Не оплачен
2538,1195,2026-01-22,Статья 12.16 ч.4 (Выезд на встречную полосу),500,Не оплачен
2539,412,2026-02-03,Статья 12.8 ч.1 (Управление ТС в состоянии опьянения),500,Оплачен
2540,892,2026-03-08,Статья 12.19 ч.3 (Остановка на пешеходном переходе),4000,Не оплачен
2541,344,2026-03-13,Статья 12.6 (Непристегнутый ремень безопасности),5000,Оплачен
2542,70,2026-04-01,Статья 12.36.1 (Использование телефона за рулем),3500,Не оплачен
2543,142,2026-06-01,Статья 12.19 ч.3 (Остановка на пешеходном переходе),500,Оплачен
2544,1179,2026-03-14,Статья 12.9 ч.2 (Превышение скорости на 20-40 км/ч),500,Оплачен
2545,132,2026-02-07,Статья 12.16 ч.4 (Выезд на встречную полосу),1500,Не оплачен
2546,1010,2026-05-08,Статья 12.36.1 (Использование телефона за рулем),1500,Оплачен
2547,669,2026-05-15,Статья 12.6 (Непристегнутый ремень безопасности),3500,Оплачен
2548,228,2026-03-31,Статья 12.19 ч.3 (Остановка на пешеходном переходе),3500,Не оплачен
2549,66,2026-02-28,Статья 12.36.1 (Использование телефона за рулем),3500,Оплачен
2550,726,2026-05-17,Статья 12.8 ч.1 (Управление ТС в состоянии опьянения),5000,Не оплачен
2551,465,2026-05-21,Статья 12.9 ч.2 (Превышение скорости на 20-40 км/ч),5000,Оплачен
2552,377,2026-04-30,Статья 12.9 ч.2 (Превышение скорости на 20-40 км/ч),1500,Не оплачен
2553,679,2026-01-27,Статья 12.16 ч.4 (Выезд на встречную полосу),3000,Не оплачен
2554,355,2026-04-07,Статья 12.6 (Непристегнутый ремень безопасности),1000,Не оплачен
2555,181,2026-02-02,Статья 12.36.1 (Использование телефона за рулем),2000,Оплачен
2556,1192,2026-04-25,Статья 12.6 (Непристегнутый ремень безопасности),1500,Не оплачен
2557,722,2026-03-17,Статья 12.8 ч.1 (Управление ТС в состоянии опьянения),2500,Не оплачен
2558,712,2026-01-20,Статья 12.19 ч.3 (Остановка на пешеходном переходе),1000,Не оплачен
2559,1058,2026-03-25,Статья 12.9 ч.2 (Превышение скорости на 20-40 км/ч),2000,Не оплачен
2560,159,2026-02-24,Статья 12.18 (Непредоставление преимущества пешеходу),3500,Не оплачен
2561,25,2026-01-18,Статья 12.16 ч.4 (Выезд на встречную полосу),2000,Не оплачен
2562,355,2026-01-24,Статья 12.36.1 (Использование телефона за рулем),5000,Не оплачен
2563,453,2026-03-03,Статья 12.12 ч.1 (Проезд на красный свет),4500,Не оплачен
2564,1093,2026-05-08,Статья 12.18 (Непредоставление преимущества пешеходу),2000,Оплачен
2565,59,2026-05-28,Статья 12.16 ч.4 (Выезд на встречную полосу),1000,Не оплачен
2566,174,2026-05-17,Статья 12.12 ч.1 (Проезд на красный свет),3000,Оплачен
2567,735,2026-03-08,Статья 12.12 ч.1 (Проезд на красный свет),4000,Оплачен
2568,619,2026-04-02,Статья 12.18 (Непредоставление преимущества пешеходу),4000,Оплачен
2569,304,2026-04-13,Статья 12.19 ч.3 (Остановка на пешеходном переходе),1500,Оплачен
2570,135,2026-02-28,Статья 12.16 ч.4 (Выезд на встречную полосу),2000,Не оплачен
2571,324,2026-04-06,Статья 12.36.1 (Использование телефона за рулем),500,Не оплачен
2572,886,2026-04-15,Статья 12.12 ч.1 (Проезд на красный свет),2500,Не оплачен
2573,1193,2026-03-14,Статья 12.6 (Непристегнутый ремень безопасности),4000,Оплачен
2574,219,2026-02-10,Статья 12.18 (Непредоставление преимущества пешеходу),3500,Не оплачен
2575,206,2026-03-21,Статья 12.8 ч.1 (Управление ТС в состоянии опьянения),3500,Оплачен
2576,329,2026-05-13,Статья 12.8 ч.1 (Управление ТС в состоянии опьянения),3500,Не оплачен
2577,998,2026-04-10,Статья 12.12 ч.1 (Проезд на красный свет),1500,Оплачен
2578,1003,2026-02-10,Статья 12.9 ч.2 (Превышение скорости на 20-40 км/ч),3500,Не оплачен
2579,502,2026-03-02,Статья 12.12 ч.1 (Проезд на красный свет),5000,Оплачен
2580,1028,2026-02-19,Статья 12.19 ч.3 (Остановка на пешеходном переходе),4000,Не оплачен
2581,1084,2026-04-15,Статья 12.9 ч.2 (Превышение скорости на 20-40 км/ч),1000,Не оплачен
2582,1158,2026-02-14,Статья 12.18 (Непредоставление преимущества пешеходу),500,Оплачен
2583,818,2026-05-06,Статья 12.16 ч.4 (Выезд на встречную полосу),2500,Оплачен
2584,161,2026-04-06,Статья 12.36.1 (Использование телефона за рулем),4500,Не оплачен
2585,642,2026-04-06,Статья 12.12 ч.1 (Проезд на красный свет),500,Не оплачен
2586,752,2026-05-26,Статья 12.19 ч.3 (Остановка на пешеходном переходе),500,Оплачен
2587,111,2026-03-03,Статья 12.36.1 (Использование телефона за рулем),4000,Не оплачен
2588,868,2026-03-18,Статья 12.19 ч.3 (Остановка на пешеходном переходе),5000,Не оплачен
2589,729,2026-03-29,Статья 12.9 ч.2 (Превышение скорости на 20-40 км/ч),1000,Оплачен
2590,94,2026-05-23,Статья 12.36.1 (Использование телефона за рулем),5000,Оплачен
2591,223,2026-05-28,Статья 12.36.1 (Использование телефона за рулем),1000,Не оплачен
2592,393,2026-04-03,Статья 12.6 (Непристегнутый ремень безопасности),1500,Не оплачен
2593,886,2026-05-13,Статья 12.36.1 (Использование телефона за рулем),2500,Не оплачен
2594,309,2026-05-30,Статья 12.36.1 (Использование телефона за рулем),500,Не оплачен
2595,37,2026-01-11,Статья 12.16 ч.4 (Выезд на встречную полосу),4500,Оплачен
2596,666,2026-01-12,Статья 12.16 ч.4 (Выезд на встречную полосу),500,Оплачен
2597,704,2026-05-06,Статья 12.16 ч.4 (Выезд на встречную полосу),1500,Не оплачен
2598,207,2026-04-23,Статья 12.9 ч.2 (Превышение скорости на 20-40 км/ч),5000,Не оплачен
2599,335,2026-01-29,Статья 12.36.1 (Использование телефона за рулем),5000,Оплачен
2600,72,2026-01-05,Статья 12.12 ч.1 (Проезд на красный свет),2500,Оплачен
2601,167,2026-02-12,Статья 12.8 ч.1 (Управление ТС в состоянии опьянения),4000,Оплачен
2602,1192,2026-01-20,Статья 12.12 ч.1 (Проезд на красный свет),2000,Не оплачен
2603,1026,2026-03-14,Статья 12.18 (Непредоставление преимущества пешеходу),1500,Оплачен
2604,426,2026-02-19,Статья 12.12 ч.1 (Проезд на красный свет),2000,Оплачен
2605,138,2026-02-01,Статья 12.36.1 (Использование телефона за рулем),2000,Не оплачен
2606,824,2026-05-26,Статья 12.6 (Непристегнутый ремень безопасности),3500,Оплачен
2607,252,2026-03-22,Статья 12.9 ч.2 (Превышение скорости на 20-40 км/ч),1000,Оплачен
2608,80,2026-02-22,Статья 12.36.1 (Использование телефона за рулем),5000,Не оплачен
2609,60,2026-02-08,Статья 12.19 ч.3 (Остановка на пешеходном переходе),2000,Не оплачен
2610,918,2026-02-23,Статья 12.16 ч.4 (Выезд на встречную полосу),3000,Оплачен
2611,926,2026-01-03,Статья 12.18 (Непредоставление преимущества пешеходу),2000,Оплачен
2612,858,2026-02-17,Статья 12.8 ч.1 (Управление ТС в состоянии опьянения),4000,Оплачен
2613,370,2026-01-26,Статья 12.19 ч.3 (Остановка на пешеходном переходе),2000,Не оплачен
2614,171,2026-01-04,Статья 12.8 ч.1 (Управление ТС в состоянии опьянения),500,Не оплачен
2615,379,2026-04-28,Статья 12.8 ч.1 (Управление ТС в состоянии опьянения),2500,Оплачен
2616,178,2026-04-15,Статья 12.12 ч.1 (Проезд на красный свет),3000,Не оплачен
2617,94,2026-04-26,Статья 12.36.1 (Использование телефона за рулем),3500,Оплачен
2618,113,2026-04-09,Статья 12.12 ч.1 (Проезд на красный свет),4500,Оплачен
2619,214,2026-06-01,Статья 12.9 ч.2 (Превышение скорости на 20-40 км/ч),1500,Оплачен
2620,411,2026-01-15,Статья 12.8 ч.1 (Управление ТС в состоянии опьянения),1000,Не оплачен
2621,150,2026-05-22,Статья 12.36.1 (Использование телефона за рулем),2500,Оплачен
2622,1098,2026-01-14,Статья 12.8 ч.1 (Управление ТС в состоянии опьянения),4000,Не оплачен
2623,177,2026-04-21,Статья 12.18 (Непредоставление преимущества пешеходу),3500,Оплачен
2624,809,2026-04-19,Статья 12.36.1 (Использование телефона за рулем),1500,Оплачен
2625,884,2026-04-25,Статья 12.19 ч.3 (Остановка на пешеходном переходе),1500,Оплачен
2626,578,2026-04-27,Статья 12.16 ч.4 (Выезд на встречную полосу),4500,Не оплачен
2627,1059,2026-02-13,Статья 12.18 (Непредоставление преимущества пешеходу),2000,Оплачен
2628,696,2026-01-15,Статья 12.8 ч.1 (Управление ТС в состоянии опьянения),2000,Оплачен
2629,297,2026-01-09,Статья 12.12 ч.1 (Проезд на красный свет),1000,Не оплачен
2630,373,2026-01-10,Статья 12.12 ч.1 (Проезд на красный свет),2000,Оплачен
2631,1158,2026-02-03,Статья 12.36.1 (Использование телефона за рулем),3000,Оплачен
2632,965,2026-03-31,Статья 12.36.1 (Использование телефона за рулем),5000,Оплачен
2633,449,2026-02-09,Статья 12.12 ч.1 (Проезд на красный свет),3000,Оплачен
2634,522,2026-05-08,Статья 12.19 ч.3 (Остановка на пешеходном переходе),500,Не оплачен
2635,603,2026-03-08,Статья 12.8 ч.1 (Управление ТС в состоянии опьянения),2000,Оплачен
2636,372,2026-05-02,Статья 12.16 ч.4 (Выезд на встречную полосу),1000,Оплачен
2637,1085,2026-01-18,Статья 12.19 ч.3 (Остановка на пешеходном переходе),2500,Не оплачен
2638,235,2026-04-24,Статья 12.6 (Непристегнутый ремень безопасности),3000,Не оплачен
2639,917,2026-01-06,Статья 12.18 (Непредоставление преимущества пешеходу),3000,Не оплачен
2640,867,2026-05-03,Статья 12.9 ч.2 (Превышение скорости на 20-40 км/ч),3000,Оплачен
2641,609,2026-04-13,Статья 12.12 ч.1 (Проезд на красный свет),3500,Не оплачен
2642,512,2026-01-04,Статья 12.12 ч.1 (Проезд на красный свет),4000,Не оплачен
2643,335,2026-05-13,Статья 12.16 ч.4 (Выезд на встречную полосу),3000,Не оплачен
2644,185,2026-04-26,Статья 12.12 ч.1 (Проезд на красный свет),4000,Оплачен
2645,900,2026-01-04,Статья 12.8 ч.1 (Управление ТС в состоянии опьянения),500,Не оплачен
2646,737,2026-05-07,Статья 12.19 ч.3 (Остановка на пешеходном переходе),3500,Оплачен
2647,716,2026-04-27,Статья 12.19 ч.3 (Остановка на пешеходном переходе),5000,Не оплачен
2648,973,2026-03-05,Статья 12.36.1 (Использование телефона за рулем),500,Не оплачен
2649,160,2026-05-21,Статья 12.36.1 (Использование телефона за рулем),1000,Оплачен
2650,279,2026-04-25,Статья 12.8 ч.1 (Управление ТС в состоянии опьянения),5000,Оплачен
2651,253,2026-04-21,Статья 12.12 ч.1 (Проезд на красный свет),4500,Оплачен
2652,59,2026-04-12,Статья 12.9 ч.2 (Превышение скорости на 20-40 км/ч),1000,Не оплачен
2653,653,2026-01-15,Статья 12.18 (Непредоставление преимущества пешеходу),3000,Оплачен
2654,19,2026-03-17,Статья 12.12 ч.1 (Проезд на красный свет),4500,Не оплачен
2655,273,2026-03-18,Статья 12.36.1 (Использование телефона за рулем),3500,Не оплачен
2656,960,2026-03-19,Статья 12.8 ч.1 (Управление ТС в состоянии опьянения),2000,Оплачен
2657,19,2026-01-02,Статья 12.9 ч.2 (Превышение скорости на 20-40 км/ч),3000,Не оплачен
2658,214,2026-05-04,Статья 12.12 ч.1 (Проезд на красный свет),5000,Оплачен
2659,96,2026-02-11,Статья 12.9 ч.2 (Превышение скорости на 20-40 км/ч),1000,Не оплачен
2660,403,2026-05-25,Статья 12.8 ч.1 (Управление ТС в состоянии опьянения),1500,Не оплачен
2661,1020,2026-03-14,Статья 12.19 ч.3 (Остановка на пешеходном переходе),2500,Оплачен
2662,964,2026-02-05,Статья 12.6 (Непристегнутый ремень безопасности),4000,Не оплачен
2663,990,2026-05-27,Статья 12.6 (Непристегнутый ремень безопасности),3000,Не оплачен
2664,406,2026-03-27,Статья 12.19 ч.3 (Остановка на пешеходном переходе),4000,Не оплачен
2665,9,2026-04-16,Статья 12.36.1 (Использование телефона за рулем),4500,Не оплачен
2666,308,2026-05-13,Статья 12.19 ч.3 (Остановка на пешеходном переходе),2500,Не оплачен
2667,224,2026-01-23,Статья 12.6 (Непристегнутый ремень безопасности),5000,Не оплачен
2668,1043,2026-02-27,Статья 12.8 ч.1 (Управление ТС в состоянии опьянения),5000,Не оплачен
2669,1186,2026-04-01,Статья 12.6 (Непристегнутый ремень безопасности),4000,Оплачен
2670,1146,2026-04-28,Статья 12.19 ч.3 (Остановка на пешеходном переходе),4000,Не оплачен
2671,813,2026-05-20,Статья 12.16 ч.4 (Выезд на встречную полосу),4500,Не оплачен
2672,204,2026-05-22,Статья 12.19 ч.3 (Остановка на пешеходном переходе),1500,Оплачен
2673,853,2026-02-04,Статья 12.9 ч.2 (Превышение скорости на 20-40 км/ч),4500,Оплачен
2674,1034,2026-04-05,Статья 12.9 ч.2 (Превышение скорости на 20-40 км/ч),4000,Не оплачен
2675,102,2026-05-16,Статья 12.18 (Непредоставление преимущества пешеходу),5000,Оплачен
2676,1064,2026-03-21,Статья 12.8 ч.1 (Управление ТС в состоянии опьянения),5000,Не оплачен
2677,779,2026-05-27,Статья 12.18 (Непредоставление преимущества пешеходу),3500,Не оплачен
2678,119,2026-03-08,Статья 12.6 (Непристегнутый ремень безопасности),5000,Не оплачен
2679,940,2026-01-10,Статья 12.36.1 (Использование телефона за рулем),4500,Не оплачен
2680,948,2026-04-22,Статья 12.19 ч.3 (Остановка на пешеходном переходе),2500,Не оплачен
2681,982,2026-04-19,Статья 12.18 (Непредоставление преимущества пешеходу),5000,Оплачен
2682,434,2026-01-07,Статья 12.8 ч.1 (Управление ТС в состоянии опьянения),4000,Оплачен
2683,223,2026-02-26,Статья 12.8 ч.1 (Управление ТС в состоянии опьянения),3500,Оплачен
2684,1186,2026-03-26,Статья 12.9 ч.2 (Превышение скорости на 20-40 км/ч),3000,Оплачен
2685,341,2026-04-26,Статья 12.16 ч.4 (Выезд на встречную полосу),3000,Оплачен
2686,686,2026-03-29,Статья 12.6 (Непристегнутый ремень безопасности),1000,Не оплачен
2687,1132,2026-04-19,Статья 12.9 ч.2 (Превышение скорости на 20-40 км/ч),3500,Не оплачен
2688,617,2026-04-15,Статья 12.36.1 (Использование телефона за рулем),4000,Не оплачен
2689,404,2026-02-23,Статья 12.12 ч.1 (Проезд на красный свет),2500,Оплачен
2690,733,2026-03-08,Статья 12.19 ч.3 (Остановка на пешеходном переходе),4500,Оплачен
2691,147,2026-03-17,Статья 12.12 ч.1 (Проезд на красный свет),4000,Не оплачен
2692,989,2026-05-09,Статья 12.16 ч.4 (Выезд на встречную полосу),4500,Оплачен
2693,482,2026-01-26,Статья 12.6 (Непристегнутый ремень безопасности),4000,Не оплачен
2694,59,2026-01-17,Статья 12.9 ч.2 (Превышение скорости на 20-40 км/ч),3500,Не оплачен
2695,1170,2026-03-09,Статья 12.8 ч.1 (Управление ТС в состоянии опьянения),5000,Оплачен
2696,1006,2026-04-20,Статья 12.9 ч.2 (Превышение скорости на 20-40 км/ч),1000,Оплачен
2697,343,2026-05-26,Статья 12.6 (Непристегнутый ремень безопасности),5000,Не оплачен
2698,1019,2026-02-18,Статья 12.9 ч.2 (Превышение скорости на 20-40 км/ч),1000,Не оплачен
2699,351,2026-03-03,Статья 12.36.1 (Использование телефона за рулем),3500,Не оплачен
2700,114,2026-03-15,Статья 12.8 ч.1 (Управление ТС в состоянии опьянения),2000,Не оплачен
2701,475,2026-03-20,Статья 12.12 ч.1 (Проезд на красный свет),500,Не оплачен
2702,1079,2026-03-13,Статья 12.19 ч.3 (Остановка на пешеходном переходе),3500,Оплачен
2703,414,2026-04-12,Статья 12.18 (Непредоставление преимущества пешеходу),2500,Оплачен
2704,232,2026-03-07,Статья 12.8 ч.1 (Управление ТС в состоянии опьянения),2500,Оплачен
2705,845,2026-02-06,Статья 12.36.1 (Использование телефона за рулем),1000,Оплачен
2706,121,2026-04-17,Статья 12.36.1 (Использование телефона за рулем),3500,Оплачен
2707,210,2026-04-24,Статья 12.36.1 (Использование телефона за рулем),5000,Не оплачен
2708,820,2026-03-14,Статья 12.6 (Непристегнутый ремень безопасности),4000,Не оплачен
2709,410,2026-05-15,Статья 12.12 ч.1 (Проезд на красный свет),4000,Оплачен
2710,203,2026-06-01,Статья 12.18 (Непредоставление преимущества пешеходу),1000,Не оплачен
2711,429,2026-04-28,Статья 12.8 ч.1 (Управление ТС в состоянии опьянения),2500,Оплачен
2712,19,2026-02-08,Статья 12.12 ч.1 (Проезд на красный свет),3500,Не оплачен
2713,644,2026-04-10,Статья 12.16 ч.4 (Выезд на встречную полосу),3500,Не оплачен
2714,538,2026-02-17,Статья 12.19 ч.3 (Остановка на пешеходном переходе),5000,Оплачен
2715,561,2026-02-09,Статья 12.18 (Непредоставление преимущества пешеходу),4500,Не оплачен
2716,225,2026-01-12,Статья 12.12 ч.1 (Проезд на красный свет),5000,Не оплачен
2717,814,2026-02-03,Статья 12.9 ч.2 (Превышение скорости на 20-40 км/ч),1000,Оплачен
2718,636,2026-04-12,Статья 12.19 ч.3 (Остановка на пешеходном переходе),2500,Оплачен
2719,280,2026-03-26,Статья 12.19 ч.3 (Остановка на пешеходном переходе),5000,Не оплачен
2720,695,2026-04-17,Статья 12.6 (Непристегнутый ремень безопасности),3000,Оплачен
2721,98,2026-04-18,Статья 12.18 (Непредоставление преимущества пешеходу),2500,Оплачен
2722,856,2026-02-01,Статья 12.19 ч.3 (Остановка на пешеходном переходе),5000,Не оплачен
2723,63,2026-03-26,Статья 12.9 ч.2 (Превышение скорости на 20-40 км/ч),4500,Не оплачен
2724,960,2026-01-14,Статья 12.19 ч.3 (Остановка на пешеходном переходе),1000,Не оплачен
2725,180,2026-01-03,Статья 12.18 (Непредоставление преимущества пешеходу),1500,Оплачен
2726,387,2026-01-06,Статья 12.18 (Непредоставление преимущества пешеходу),1500,Не оплачен
2727,509,2026-04-14,Статья 12.9 ч.2 (Превышение скорости на 20-40 км/ч),3000,Не оплачен
2728,429,2026-05-27,Статья 12.19 ч.3 (Остановка на пешеходном переходе),2000,Оплачен
2729,202,2026-05-15,Статья 12.12 ч.1 (Проезд на красный свет),3000,Оплачен
2730,856,2026-05-14,Статья 12.9 ч.2 (Превышение скорости на 20-40 км/ч),4000,Оплачен
2731,760,2026-05-29,Статья 12.9 ч.2 (Превышение скорости на 20-40 км/ч),500,Не оплачен
2732,159,2026-04-08,Статья 12.36.1 (Использование телефона за рулем),500,Не оплачен
2733,312,2026-03-01,Статья 12.8 ч.1 (Управление ТС в состоянии опьянения),3500,Не оплачен
2734,232,2026-01-18,Статья 12.9 ч.2 (Превышение скорости на 20-40 км/ч),3000,Оплачен
2735,457,2026-02-20,Статья 12.19 ч.3 (Остановка на пешеходном переходе),3500,Оплачен
2736,325,2026-05-25,Статья 12.12 ч.1 (Проезд на красный свет),1500,Оплачен
2737,843,2026-04-08,Статья 12.6 (Непристегнутый ремень безопасности),5000,Оплачен
2738,672,2026-04-02,Статья 12.19 ч.3 (Остановка на пешеходном переходе),500,Не оплачен
2739,1017,2026-04-13,Статья 12.6 (Непристегнутый ремень безопасности),3500,Оплачен
2740,683,2026-01-02,Статья 12.12 ч.1 (Проезд на красный свет),1000,Оплачен
2741,848,2026-03-26,Статья 12.18 (Непредоставление преимущества пешеходу),1000,Не оплачен
2742,1162,2026-05-25,Статья 12.6 (Непристегнутый ремень безопасности),500,Не оплачен
2743,31,2026-05-23,Статья 12.8 ч.1 (Управление ТС в состоянии опьянения),5000,Не оплачен
2744,464,2026-03-17,Статья 12.6 (Непристегнутый ремень безопасности),1000,Не оплачен
2745,442,2026-02-27,Статья 12.6 (Непристегнутый ремень безопасности),1000,Не оплачен
2746,648,2026-05-20,Статья 12.16 ч.4 (Выезд на встречную полосу),2000,Не оплачен
2747,1176,2026-01-01,Статья 12.18 (Непредоставление преимущества пешеходу),2000,Оплачен
2748,156,2026-05-21,Статья 12.6 (Непристегнутый ремень безопасности),2000,Оплачен
2749,291,2026-02-27,Статья 12.12 ч.1 (Проезд на красный свет),2000,Оплачен
2750,269,2026-01-05,Статья 12.36.1 (Использование телефона за рулем),1500,Не оплачен
2751,34,2026-01-10,Статья 12.6 (Непристегнутый ремень безопасности),1500,Оплачен
2752,620,2026-03-08,Статья 12.19 ч.3 (Остановка на пешеходном переходе),5000,Оплачен
2753,537,2026-04-15,Статья 12.8 ч.1 (Управление ТС в состоянии опьянения),3000,Оплачен
2754,959,2026-05-23,Статья 12.19 ч.3 (Остановка на пешеходном переходе),1000,Оплачен
2755,495,2026-01-10,Статья 12.19 ч.3 (Остановка на пешеходном переходе),1500,Оплачен
2756,880,2026-02-22,Статья 12.8 ч.1 (Управление ТС в состоянии опьянения),1000,Оплачен
2757,288,2026-03-19,Статья 12.18 (Непредоставление преимущества пешеходу),2000,Оплачен
2758,464,2026-01-11,Статья 12.16 ч.4 (Выезд на встречную полосу),2500,Оплачен
2759,504,2026-02-27,Статья 12.8 ч.1 (Управление ТС в состоянии опьянения),1000,Оплачен
2760,348,2026-03-22,Статья 12.8 ч.1 (Управление ТС в состоянии опьянения),4000,Оплачен
2761,1095,2026-01-31,Статья 12.8 ч.1 (Управление ТС в состоянии опьянения),4500,Не оплачен
2762,320,2026-01-23,Статья 12.12 ч.1 (Проезд на красный свет),4500,Не оплачен
2763,436,2026-04-16,Статья 12.8 ч.1 (Управление ТС в состоянии опьянения),4000,Оплачен
2764,165,2026-03-07,Статья 12.36.1 (Использование телефона за рулем),500,Оплачен
2765,106,2026-01-30,Статья 12.36.1 (Использование телефона за рулем),1000,Оплачен
2766,211,2026-03-07,Статья 12.18 (Непредоставление преимущества пешеходу),1500,Оплачен
2767,865,2026-02-28,Статья 12.18 (Непредоставление преимущества пешеходу),1500,Оплачен
2768,965,2026-01-18,Статья 12.36.1 (Использование телефона за рулем),3000,Оплачен
2769,1141,2026-02-24,Статья 12.18 (Непредоставление преимущества пешеходу),1500,Оплачен
2770,160,2026-04-12,Статья 12.36.1 (Использование телефона за рулем),5000,Не оплачен
2771,665,2026-03-26,Статья 12.6 (Непристегнутый ремень безопасности),2500,Оплачен
2772,716,2026-03-27,Статья 12.16 ч.4 (Выезд на встречную полосу),2000,Оплачен
2773,893,2026-03-26,Статья 12.16 ч.4 (Выезд на встречную полосу),3000,Оплачен
2774,187,2026-05-13,Статья 12.36.1 (Использование телефона за рулем),1000,Не оплачен
2775,104,2026-05-27,Статья 12.19 ч.3 (Остановка на пешеходном переходе),3000,Оплачен
2776,148,2026-05-04,Статья 12.16 ч.4 (Выезд на встречную полосу),500,Оплачен
2777,427,2026-02-15,Статья 12.9 ч.2 (Превышение скорости на 20-40 км/ч),1000,Не оплачен
2778,997,2026-04-19,Статья 12.9 ч.2 (Превышение скорости на 20-40 км/ч),1000,Не оплачен
2779,755,2026-02-28,Статья 12.12 ч.1 (Проезд на красный свет),3000,Оплачен
2780,260,2026-01-12,Статья 12.36.1 (Использование телефона за рулем),1500,Оплачен
2781,947,2026-02-21,Статья 12.9 ч.2 (Превышение скорости на 20-40 км/ч),3500,Оплачен
2782,647,2026-02-13,Статья 12.18 (Непредоставление преимущества пешеходу),3000,Оплачен
2783,135,2026-04-26,Статья 12.9 ч.2 (Превышение скорости на 20-40 км/ч),3500,Не оплачен
2784,989,2026-04-11,Статья 12.8 ч.1 (Управление ТС в состоянии опьянения),500,Оплачен
2785,1156,2026-04-19,Статья 12.9 ч.2 (Превышение скорости на 20-40 км/ч),3000,Не оплачен
2786,388,2026-05-14,Статья 12.8 ч.1 (Управление ТС в состоянии опьянения),1000,Оплачен
2787,1092,2026-05-27,Статья 12.8 ч.1 (Управление ТС в состоянии опьянения),3000,Не оплачен
2788,2,2026-05-20,Статья 12.18 (Непредоставление преимущества пешеходу),4500,Оплачен
2789,865,2026-05-27,Статья 12.18 (Непредоставление преимущества пешеходу),4500,Оплачен
2790,659,2026-04-13,Статья 12.19 ч.3 (Остановка на пешеходном переходе),3000,Не оплачен
2791,364,2026-01-20,Статья 12.9 ч.2 (Превышение скорости на 20-40 км/ч),3500,Не оплачен
2792,1067,2026-01-10,Статья 12.9 ч.2 (Превышение скорости на 20-40 км/ч),4500,Не оплачен
2793,489,2026-05-04,Статья 12.19 ч.3 (Остановка на пешеходном переходе),1500,Не оплачен
2794,521,2026-01-25,Статья 12.6 (Непристегнутый ремень безопасности),5000,Не оплачен
2795,784,2026-01-24,Статья 12.19 ч.3 (Остановка на пешеходном переходе),3000,Не оплачен
2796,248,2026-05-01,Статья 12.18 (Непредоставление преимущества пешеходу),2000,Оплачен
2797,397,2026-05-01,Статья 12.18 (Непредоставление преимущества пешеходу),500,Не оплачен
2798,1148,2026-04-05,Статья 12.8 ч.1 (Управление ТС в состоянии опьянения),1000,Не оплачен
2799,626,2026-05-01,Статья 12.9 ч.2 (Превышение скорости на 20-40 км/ч),2500,Не оплачен
2800,800,2026-02-02,Статья 12.36.1 (Использование телефона за рулем),500,Не оплачен
2801,264,2026-03-11,Статья 12.8 ч.1 (Управление ТС в состоянии опьянения),1500,Не оплачен
2802,713,2026-01-03,Статья 12.18 (Непредоставление преимущества пешеходу),2500,Оплачен
2803,264,2026-04-14,Статья 12.9 ч.2 (Превышение скорости на 20-40 км/ч),2000,Оплачен
2804,972,2026-01-06,Статья 12.8 ч.1 (Управление ТС в состоянии опьянения),2500,Не оплачен
2805,477,2026-02-05,Статья 12.18 (Непредоставление преимущества пешеходу),1500,Не оплачен
2806,783,2026-01-25,Статья 12.36.1 (Использование телефона за рулем),2000,Не оплачен
2807,466,2026-05-22,Статья 12.9 ч.2 (Превышение скорости на 20-40 км/ч),2500,Не оплачен
2808,286,2026-03-18,Статья 12.19 ч.3 (Остановка на пешеходном переходе),4500,Оплачен
2809,41,2026-03-09,Статья 12.36.1 (Использование телефона за рулем),2000,Не оплачен
2810,211,2026-04-29,Статья 12.19 ч.3 (Остановка на пешеходном переходе),1000,Оплачен
2811,560,2026-04-16,Статья 12.18 (Непредоставление преимущества пешеходу),500,Не оплачен
2812,12,2026-05-24,Статья 12.12 ч.1 (Проезд на красный свет),2500,Не оплачен
2813,488,2026-02-04,Статья 12.16 ч.4 (Выезд на встречную полосу),1500,Не оплачен
2814,109,2026-04-23,Статья 12.6 (Непристегнутый ремень безопасности),1500,Не оплачен
2815,126,2026-03-12,Статья 12.6 (Непристегнутый ремень безопасности),1500,Оплачен
2816,519,2026-03-08,Статья 12.8 ч.1 (Управление ТС в состоянии опьянения),3000,Не оплачен
2817,403,2026-04-23,Статья 12.18 (Непредоставление преимущества пешеходу),3500,Не оплачен
2818,1008,2026-04-15,Статья 12.16 ч.4 (Выезд на встречную полосу),4500,Оплачен
2819,922,2026-04-06,Статья 12.8 ч.1 (Управление ТС в состоянии опьянения),2500,Не оплачен
2820,464,2026-02-15,Статья 12.6 (Непристегнутый ремень безопасности),1000,Не оплачен
2821,868,2026-01-16,Статья 12.16 ч.4 (Выезд на встречную полосу),4500,Не оплачен
2822,941,2026-03-25,Статья 12.36.1 (Использование телефона за рулем),1000,Оплачен
2823,265,2026-05-11,Статья 12.36.1 (Использование телефона за рулем),2500,Оплачен
2824,970,2026-02-26,Статья 12.19 ч.3 (Остановка на пешеходном переходе),3000,Не оплачен
2825,316,2026-01-05,Статья 12.36.1 (Использование телефона за рулем),4500,Оплачен
2826,1123,2026-01-20,Статья 12.16 ч.4 (Выезд на встречную полосу),1000,Оплачен
2827,937,2026-04-28,Статья 12.12 ч.1 (Проезд на красный свет),2000,Оплачен
2828,1012,2026-04-03,Статья 12.12 ч.1 (Проезд на красный свет),2000,Не оплачен
2829,961,2026-02-11,Статья 12.16 ч.4 (Выезд на встречную полосу),5000,Оплачен
2830,917,2026-01-01,Статья 12.19 ч.3 (Остановка на пешеходном переходе),4500,Оплачен
2831,700,2026-03-17,Статья 12.19 ч.3 (Остановка на пешеходном переходе),1000,Не оплачен
2832,1064,2026-02-09,Статья 12.6 (Непристегнутый ремень безопасности),500,Оплачен
2833,569,2026-02-15,Статья 12.6 (Непристегнутый ремень безопасности),500,Оплачен
2834,1138,2026-01-13,Статья 12.19 ч.3 (Остановка на пешеходном переходе),1500,Оплачен
2835,824,2026-05-29,Статья 12.6 (Непристегнутый ремень безопасности),4000,Оплачен
2836,373,2026-05-24,Статья 12.8 ч.1 (Управление ТС в состоянии опьянения),4000,Не оплачен
2837,846,2026-05-23,Статья 12.12 ч.1 (Проезд на красный свет),1000,Не оплачен
2838,171,2026-03-19,Статья 12.16 ч.4 (Выезд на встречную полосу),2500,Не оплачен
2839,241,2026-05-15,Статья 12.18 (Непредоставление преимущества пешеходу),4500,Не оплачен
2840,436,2026-02-08,Статья 12.12 ч.1 (Проезд на красный свет),4500,Не оплачен
2841,1165,2026-02-18,Статья 12.36.1 (Использование телефона за рулем),1000,Не оплачен
2842,847,2026-01-24,Статья 12.9 ч.2 (Превышение скорости на 20-40 км/ч),1500,Оплачен
2843,34,2026-05-20,Статья 12.8 ч.1 (Управление ТС в состоянии опьянения),500,Не оплачен
2844,141,2026-05-06,Статья 12.16 ч.4 (Выезд на встречную полосу),2000,Оплачен
2845,117,2026-02-19,Статья 12.12 ч.1 (Проезд на красный свет),500,Оплачен
2846,445,2026-05-26,Статья 12.19 ч.3 (Остановка на пешеходном переходе),1500,Оплачен
2847,577,2026-04-05,Статья 12.6 (Непристегнутый ремень безопасности),4500,Не оплачен
2848,1115,2026-02-08,Статья 12.12 ч.1 (Проезд на красный свет),2000,Не оплачен
2849,1039,2026-01-20,Статья 12.16 ч.4 (Выезд на встречную полосу),3500,Не оплачен
2850,183,2026-03-19,Статья 12.12 ч.1 (Проезд на красный свет),2500,Не оплачен
2851,809,2026-06-01,Статья 12.18 (Непредоставление преимущества пешеходу),2000,Не оплачен
2852,308,2026-05-21,Статья 12.19 ч.3 (Остановка на пешеходном переходе),3500,Не оплачен
2853,697,2026-02-09,Статья 12.8 ч.1 (Управление ТС в состоянии опьянения),5000,Оплачен
2854,103,2026-05-16,Статья 12.6 (Непристегнутый ремень безопасности),3000,Оплачен
2855,213,2026-04-25,Статья 12.18 (Непредоставление преимущества пешеходу),1000,Оплачен
2856,961,2026-04-22,Статья 12.19 ч.3 (Остановка на пешеходном переходе),4000,Не оплачен
2857,259,2026-01-23,Статья 12.12 ч.1 (Проезд на красный свет),5000,Оплачен
2858,506,2026-05-14,Статья 12.9 ч.2 (Превышение скорости на 20-40 км/ч),4500,Не оплачен
2859,380,2026-03-22,Статья 12.36.1 (Использование телефона за рулем),1000,Не оплачен
2860,253,2026-03-07,Статья 12.12 ч.1 (Проезд на красный свет),1500,Не оплачен
2861,959,2026-01-17,Статья 12.16 ч.4 (Выезд на встречную полосу),1500,Не оплачен
2862,494,2026-02-02,Статья 12.6 (Непристегнутый ремень безопасности),2000,Оплачен
2863,940,2026-01-29,Статья 12.9 ч.2 (Превышение скорости на 20-40 км/ч),4500,Оплачен
2864,495,2026-04-10,Статья 12.9 ч.2 (Превышение скорости на 20-40 км/ч),1000,Оплачен
2865,109,2026-01-02,Статья 12.12 ч.1 (Проезд на красный свет),500,Оплачен
2866,229,2026-03-06,Статья 12.18 (Непредоставление преимущества пешеходу),3500,Не оплачен
2867,346,2026-05-03,Статья 12.18 (Непредоставление преимущества пешеходу),2000,Оплачен
2868,51,2026-04-06,Статья 12.19 ч.3 (Остановка на пешеходном переходе),500,Не оплачен
2869,766,2026-02-04,Статья 12.36.1 (Использование телефона за рулем),500,Оплачен
2870,533,2026-01-12,Статья 12.16 ч.4 (Выезд на встречную полосу),2500,Оплачен
2871,103,2026-04-13,Статья 12.36.1 (Использование телефона за рулем),1000,Не оплачен
2872,1124,2026-04-17,Статья 12.18 (Непредоставление преимущества пешеходу),4000,Не оплачен
2873,149,2026-03-16,Статья 12.16 ч.4 (Выезд на встречную полосу),1000,Не оплачен
2874,218,2026-05-24,Статья 12.18 (Непредоставление преимущества пешеходу),3500,Оплачен
2875,611,2026-04-16,Статья 12.12 ч.1 (Проезд на красный свет),3000,Оплачен
2876,1025,2026-05-12,Статья 12.6 (Непристегнутый ремень безопасности),4500,Не оплачен
2877,46,2026-03-05,Статья 12.8 ч.1 (Управление ТС в состоянии опьянения),3000,Оплачен
2878,436,2026-04-19,Статья 12.36.1 (Использование телефона за рулем),5000,Оплачен
2879,201,2026-04-05,Статья 12.6 (Непристегнутый ремень безопасности),4000,Оплачен
2880,481,2026-03-19,Статья 12.9 ч.2 (Превышение скорости на 20-40 км/ч),5000,Не оплачен
2881,344,2026-04-23,Статья 12.9 ч.2 (Превышение скорости на 20-40 км/ч),4500,Оплачен
2882,718,2026-01-19,Статья 12.6 (Непристегнутый ремень безопасности),1500,Не оплачен
2883,1148,2026-02-02,Статья 12.19 ч.3 (Остановка на пешеходном переходе),4000,Не оплачен
2884,390,2026-05-13,Статья 12.18 (Непредоставление преимущества пешеходу),4000,Не оплачен
2885,937,2026-04-21,Статья 12.36.1 (Использование телефона за рулем),2500,Не оплачен
2886,818,2026-01-27,Статья 12.36.1 (Использование телефона за рулем),5000,Не оплачен
2887,221,2026-05-21,Статья 12.18 (Непредоставление преимущества пешеходу),3500,Не оплачен
2888,427,2026-01-12,Статья 12.9 ч.2 (Превышение скорости на 20-40 км/ч),4500,Оплачен
2889,177,2026-01-18,Статья 12.9 ч.2 (Превышение скорости на 20-40 км/ч),5000,Не оплачен
2890,308,2026-01-16,Статья 12.9 ч.2 (Превышение скорости на 20-40 км/ч),4000,Оплачен
2891,973,2026-03-31,Статья 12.36.1 (Использование телефона за рулем),5000,Не оплачен
2892,652,2026-05-24,Статья 12.6 (Непристегнутый ремень безопасности),2000,Не оплачен
2893,393,2026-03-25,Статья 12.18 (Непредоставление преимущества пешеходу),3000,Не оплачен
2894,1196,2026-04-11,Статья 12.12 ч.1 (Проезд на красный свет),4000,Оплачен
2895,171,2026-01-08,Статья 12.19 ч.3 (Остановка на пешеходном переходе),5000,Не оплачен
2896,778,2026-03-15,Статья 12.36.1 (Использование телефона за рулем),2500,Не оплачен
2897,174,2026-03-28,Статья 12.12 ч.1 (Проезд на красный свет),3500,Оплачен
2898,395,2026-05-15,Статья 12.36.1 (Использование телефона за рулем),4000,Оплачен
2899,507,2026-02-01,Статья 12.36.1 (Использование телефона за рулем),2500,Не оплачен
2900,505,2026-04-02,Статья 12.12 ч.1 (Проезд на красный свет),1500,Не оплачен
2901,300,2026-05-06,Статья 12.18 (Непредоставление преимущества пешеходу),3000,Оплачен
2902,348,2026-01-29,Статья 12.18 (Непредоставление преимущества пешеходу),2500,Оплачен
2903,659,2026-05-03,Статья 12.16 ч.4 (Выезд на встречную полосу),2500,Не оплачен
2904,780,2026-04-02,Статья 12.12 ч.1 (Проезд на красный свет),3000,Оплачен
2905,13,2026-04-06,Статья 12.12 ч.1 (Проезд на красный свет),4000,Оплачен
2906,140,2026-04-03,Статья 12.36.1 (Использование телефона за рулем),500,Оплачен
2907,287,2026-05-24,Статья 12.36.1 (Использование телефона за рулем),1500,Оплачен
2908,988,2026-05-04,Статья 12.36.1 (Использование телефона за рулем),1000,Оплачен
2909,812,2026-05-05,Статья 12.8 ч.1 (Управление ТС в состоянии опьянения),1000,Не оплачен
2910,27,2026-01-04,Статья 12.8 ч.1 (Управление ТС в состоянии опьянения),1500,Не оплачен
2911,70,2026-01-03,Статья 12.6 (Непристегнутый ремень безопасности),3500,Оплачен
2912,511,2026-04-26,Статья 12.6 (Непристегнутый ремень безопасности),1000,Оплачен
2913,1066,2026-05-18,Статья 12.6 (Непристегнутый ремень безопасности),2000,Не оплачен
2914,160,2026-01-24,Статья 12.8 ч.1 (Управление ТС в состоянии опьянения),500,Оплачен
2915,325,2026-03-27,Статья 12.6 (Непристегнутый ремень безопасности),4500,Оплачен
2916,208,2026-04-10,Статья 12.6 (Непристегнутый ремень безопасности),1000,Оплачен
2917,135,2026-04-11,Статья 12.9 ч.2 (Превышение скорости на 20-40 км/ч),1500,Не оплачен
2918,34,2026-03-18,Статья 12.6 (Непристегнутый ремень безопасности),2000,Не оплачен
2919,821,2026-01-18,Статья 12.12 ч.1 (Проезд на красный свет),2000,Оплачен
2920,955,2026-01-19,Статья 12.19 ч.3 (Остановка на пешеходном переходе),1000,Оплачен
2921,565,2026-02-05,Статья 12.18 (Непредоставление преимущества пешеходу),4500,Оплачен
2922,1046,2026-04-27,Статья 12.9 ч.2 (Превышение скорости на 20-40 км/ч),2500,Не оплачен
2923,400,2026-05-21,Статья 12.16 ч.4 (Выезд на встречную полосу),4500,Не оплачен
2924,211,2026-04-08,Статья 12.18 (Непредоставление преимущества пешеходу),2500,Не оплачен
2925,917,2026-06-01,Статья 12.36.1 (Использование телефона за рулем),1000,Не оплачен
2926,64,2026-03-20,Статья 12.18 (Непредоставление преимущества пешеходу),3000,Оплачен
2927,153,2026-01-28,Статья 12.6 (Непристегнутый ремень безопасности),500,Не оплачен
2928,1107,2026-03-24,Статья 12.9 ч.2 (Превышение скорости на 20-40 км/ч),500,Оплачен
2929,1035,2026-05-15,Статья 12.36.1 (Использование телефона за рулем),5000,Не оплачен
2930,467,2026-02-26,Статья 12.19 ч.3 (Остановка на пешеходном переходе),2500,Не оплачен
2931,390,2026-04-20,Статья 12.9 ч.2 (Превышение скорости на 20-40 км/ч),5000,Не оплачен
2932,334,2026-01-02,Статья 12.16 ч.4 (Выезд на встречную полосу),1000,Оплачен
2933,308,2026-05-29,Статья 12.16 ч.4 (Выезд на встречную полосу),4500,Оплачен
2934,802,2026-03-21,Статья 12.12 ч.1 (Проезд на красный свет),500,Не оплачен
2935,607,2026-04-28,Статья 12.12 ч.1 (Проезд на красный свет),4000,Не оплачен
2936,955,2026-03-15,Статья 12.8 ч.1 (Управление ТС в состоянии опьянения),4500,Не оплачен
2937,578,2026-05-25,Статья 12.36.1 (Использование телефона за рулем),2500,Не оплачен
2938,674,2026-04-01,Статья 12.8 ч.1 (Управление ТС в состоянии опьянения),3000,Оплачен
2939,11,2026-03-18,Статья 12.18 (Непредоставление преимущества пешеходу),3000,Не оплачен
2940,727,2026-03-11,Статья 12.16 ч.4 (Выезд на встречную полосу),4000,Оплачен
2941,25,2026-03-26,Статья 12.36.1 (Использование телефона за рулем),3500,Оплачен
2942,728,2026-03-28,Статья 12.36.1 (Использование телефона за рулем),2000,Не оплачен
2943,959,2026-01-28,Статья 12.16 ч.4 (Выезд на встречную полосу),3500,Оплачен
2944,83,2026-02-13,Статья 12.12 ч.1 (Проезд на красный свет),4500,Оплачен
2945,437,2026-02-09,Статья 12.19 ч.3 (Остановка на пешеходном переходе),4000,Оплачен
2946,853,2026-01-25,Статья 12.9 ч.2 (Превышение скорости на 20-40 км/ч),500,Не оплачен
2947,6,2026-01-31,Статья 12.16 ч.4 (Выезд на встречную полосу),2000,Оплачен
2948,552,2026-02-22,Статья 12.8 ч.1 (Управление ТС в состоянии опьянения),500,Оплачен
2949,418,2026-03-29,Статья 12.16 ч.4 (Выезд на встречную полосу),1500,Не оплачен
2950,794,2026-04-20,Статья 12.19 ч.3 (Остановка на пешеходном переходе),1000,Не оплачен
2951,494,2026-04-07,Статья 12.12 ч.1 (Проезд на красный свет),2500,Не оплачен
2952,485,2026-02-28,Статья 12.19 ч.3 (Остановка на пешеходном переходе),5000,Не оплачен
2953,1111,2026-03-20,Статья 12.16 ч.4 (Выезд на встречную полосу),1500,Оплачен
2954,1080,2026-01-05,Статья 12.16 ч.4 (Выезд на встречную полосу),4500,Не оплачен
2955,228,2026-04-21,Статья 12.9 ч.2 (Превышение скорости на 20-40 км/ч),5000,Не оплачен
2956,1181,2026-04-29,Статья 12.36.1 (Использование телефона за рулем),2500,Оплачен
2957,572,2026-01-29,Статья 12.12 ч.1 (Проезд на красный свет),2000,Не оплачен
2958,1142,2026-04-28,Статья 12.9 ч.2 (Превышение скорости на 20-40 км/ч),2500,Не оплачен
2959,319,2026-01-05,Статья 12.18 (Непредоставление преимущества пешеходу),4000,Оплачен
2960,398,2026-01-23,Статья 12.16 ч.4 (Выезд на встречную полосу),1000,Не оплачен
2961,33,2026-01-07,Статья 12.19 ч.3 (Остановка на пешеходном переходе),500,Оплачен
2962,642,2026-03-15,Статья 12.9 ч.2 (Превышение скорости на 20-40 км/ч),1000,Не оплачен
2963,1179,2026-02-26,Статья 12.16 ч.4 (Выезд на встречную полосу),2000,Не оплачен
2964,248,2026-05-30,Статья 12.16 ч.4 (Выезд на встречную полосу),2000,Не оплачен
2965,700,2026-05-02,Статья 12.36.1 (Использование телефона за рулем),4500,Оплачен
2966,914,2026-05-22,Статья 12.16 ч.4 (Выезд на встречную полосу),4500,Не оплачен
2967,728,2026-05-21,Статья 12.19 ч.3 (Остановка на пешеходном переходе),5000,Оплачен
2968,749,2026-04-08,Статья 12.8 ч.1 (Управление ТС в состоянии опьянения),3000,Не оплачен
2969,265,2026-03-26,Статья 12.19 ч.3 (Остановка на пешеходном переходе),3500,Не оплачен
2970,1032,2026-03-25,Статья 12.16 ч.4 (Выезд на встречную полосу),4500,Оплачен
2971,866,2026-01-14,Статья 12.18 (Непредоставление преимущества пешеходу),4000,Не оплачен
2972,1034,2026-03-12,Статья 12.12 ч.1 (Проезд на красный свет),500,Не оплачен
2973,358,2026-03-24,Статья 12.36.1 (Использование телефона за рулем),2000,Не оплачен
2974,309,2026-03-25,Статья 12.12 ч.1 (Проезд на красный свет),1000,Оплачен
2975,467,2026-05-10,Статья 12.19 ч.3 (Остановка на пешеходном переходе),3000,Оплачен
2976,1018,2026-02-01,Статья 12.8 ч.1 (Управление ТС в состоянии опьянения),3500,Не оплачен
2977,724,2026-03-03,Статья 12.8 ч.1 (Управление ТС в состоянии опьянения),3000,Оплачен
2978,792,2026-04-09,Статья 12.19 ч.3 (Остановка на пешеходном переходе),2500,Не оплачен
2979,288,2026-04-03,Статья 12.16 ч.4 (Выезд на встречную полосу),5000,Оплачен
2980,429,2026-01-17,Статья 12.9 ч.2 (Превышение скорости на 20-40 км/ч),3000,Оплачен
2981,887,2026-05-17,Статья 12.9 ч.2 (Превышение скорости на 20-40 км/ч),2000,Оплачен
2982,556,2026-03-01,Статья 12.36.1 (Использование телефона за рулем),2000,Оплачен
2983,673,2026-04-27,Статья 12.6 (Непристегнутый ремень безопасности),5000,Оплачен
2984,412,2026-02-27,Статья 12.16 ч.4 (Выезд на встречную полосу),3000,Оплачен
2985,682,2026-04-13,Статья 12.36.1 (Использование телефона за рулем),3000,Не оплачен
2986,1161,2026-04-20,Статья 12.18 (Непредоставление преимущества пешеходу),3500,Не оплачен
2987,732,2026-01-17,Статья 12.18 (Непредоставление преимущества пешеходу),500,Оплачен
2988,443,2026-01-09,Статья 12.16 ч.4 (Выезд на встречную полосу),5000,Не оплачен
2989,68,2026-02-07,Статья 12.16 ч.4 (Выезд на встречную полосу),1500,Оплачен
2990,133,2026-02-11,Статья 12.6 (Непристегнутый ремень безопасности),2500,Не оплачен
2991,328,2026-05-10,Статья 12.36.1 (Использование телефона за рулем),500,Не оплачен
2992,624,2026-05-15,Статья 12.9 ч.2 (Превышение скорости на 20-40 км/ч),3500,Не оплачен
2993,1064,2026-05-27,Статья 12.12 ч.1 (Проезд на красный свет),5000,Оплачен
2994,652,2026-02-19,Статья 12.18 (Непредоставление преимущества пешеходу),1000,Не оплачен
2995,1169,2026-03-06,Статья 12.8 ч.1 (Управление ТС в состоянии опьянения),3000,Не оплачен
2996,148,2026-03-28,Статья 12.16 ч.4 (Выезд на встречную полосу),1000,Оплачен
2997,1124,2026-05-15,Статья 12.36.1 (Использование телефона за рулем),5000,Оплачен
2998,5,2026-01-29,Статья 12.18 (Непредоставление преимущества пешеходу),5000,Не оплачен
2999,710,2026-04-25,Статья 12.12 ч.1 (Проезд на красный свет),4500,Оплачен
3000,573,2026-05-18,Статья 12.9 ч.2 (Превышение скорости на 20-40 км/ч),3500,Не оплачен
3001,168,2026-01-29,Статья 12.8 ч.1 (Управление ТС в состоянии опьянения),4500,Не оплачен
3002,992,2026-02-09,Статья 12.16 ч.4 (Выезд на встречную полосу),5000,Оплачен
3003,838,2026-04-14,Статья 12.18 (Непредоставление преимущества пешеходу),2000,Оплачен
3004,214,2026-01-09,Статья 12.36.1 (Использование телефона за рулем),3500,Не оплачен
3005,355,2026-04-12,Статья 12.8 ч.1 (Управление ТС в состоянии опьянения),500,Не оплачен
3006,145,2026-01-11,Статья 12.16 ч.4 (Выезд на встречную полосу),2000,Оплачен
3007,878,2026-03-14,Статья 12.36.1 (Использование телефона за рулем),4500,Оплачен
3008,546,2026-05-30,Статья 12.8 ч.1 (Управление ТС в состоянии опьянения),2000,Оплачен
3009,85,2026-05-15,Статья 12.16 ч.4 (Выезд на встречную полосу),500,Не оплачен
3010,909,2026-02-27,Статья 12.16 ч.4 (Выезд на встречную полосу),2500,Не оплачен
3011,584,2026-05-03,Статья 12.16 ч.4 (Выезд на встречную полосу),3000,Оплачен
3012,875,2026-05-25,Статья 12.9 ч.2 (Превышение скорости на 20-40 км/ч),1000,Не оплачен
3013,591,2026-02-14,Статья 12.16 ч.4 (Выезд на встречную полосу),4500,Не оплачен
3014,249,2026-04-11,Статья 12.12 ч.1 (Проезд на красный свет),4000,Оплачен
3015,755,2026-03-01,Статья 12.36.1 (Использование телефона за рулем),500,Оплачен
3016,256,2026-03-20,Статья 12.12 ч.1 (Проезд на красный свет),3500,Не оплачен
3017,321,2026-02-10,Статья 12.8 ч.1 (Управление ТС в состоянии опьянения),500,Оплачен
3018,1015,2026-03-30,Статья 12.12 ч.1 (Проезд на красный свет),3000,Оплачен
3019,788,2026-03-21,Статья 12.6 (Непристегнутый ремень безопасности),4000,Не оплачен
3020,712,2026-04-03,Статья 12.36.1 (Использование телефона за рулем),500,Оплачен
3021,537,2026-05-21,Статья 12.9 ч.2 (Превышение скорости на 20-40 км/ч),2500,Оплачен
3022,22,2026-02-23,Статья 12.36.1 (Использование телефона за рулем),4000,Не оплачен
3023,336,2026-01-19,Статья 12.8 ч.1 (Управление ТС в состоянии опьянения),1500,Оплачен
3024,114,2026-03-15,Статья 12.16 ч.4 (Выезд на встречную полосу),3000,Оплачен
3025,965,2026-02-28,Статья 12.18 (Непредоставление преимущества пешеходу),4500,Не оплачен
3026,330,2026-01-15,Статья 12.6 (Непристегнутый ремень безопасности),1500,Не оплачен
3027,138,2026-05-13,Статья 12.6 (Непристегнутый ремень безопасности),2500,Не оплачен
3028,410,2026-05-23,Статья 12.9 ч.2 (Превышение скорости на 20-40 км/ч),1500,Не оплачен
3029,894,2026-01-26,Статья 12.8 ч.1 (Управление ТС в состоянии опьянения),4000,Не оплачен
3030,551,2026-02-02,Статья 12.16 ч.4 (Выезд на встречную полосу),1000,Оплачен
3031,1045,2026-04-08,Статья 12.36.1 (Использование телефона за рулем),3500,Не оплачен
3032,744,2026-05-16,Статья 12.6 (Непристегнутый ремень безопасности),4000,Оплачен
3033,339,2026-05-20,Статья 12.8 ч.1 (Управление ТС в состоянии опьянения),1000,Не оплачен
3034,530,2026-03-05,Статья 12.9 ч.2 (Превышение скорости на 20-40 км/ч),1500,Оплачен
3035,51,2026-02-27,Статья 12.8 ч.1 (Управление ТС в состоянии опьянения),2500,Оплачен
3036,191,2026-02-23,Статья 12.9 ч.2 (Превышение скорости на 20-40 км/ч),3500,Оплачен
3037,52,2026-02-20,Статья 12.36.1 (Использование телефона за рулем),1000,Оплачен
3038,346,2026-02-23,Статья 12.9 ч.2 (Превышение скорости на 20-40 км/ч),1000,Оплачен
3039,302,2026-01-28,Статья 12.8 ч.1 (Управление ТС в состоянии опьянения),3000,Не оплачен
3040,723,2026-04-26,Статья 12.16 ч.4 (Выезд на встречную полосу),2000,Оплачен
3041,1086,2026-04-29,Статья 12.12 ч.1 (Проезд на красный свет),1500,Оплачен
3042,857,2026-05-29,Статья 12.18 (Непредоставление преимущества пешеходу),2500,Оплачен
3043,798,2026-01-04,Статья 12.6 (Непристегнутый ремень безопасности),500,Оплачен
3044,1066,2026-04-13,Статья 12.9 ч.2 (Превышение скорости на 20-40 км/ч),500,Оплачен
3045,782,2026-02-13,Статья 12.16 ч.4 (Выезд на встречную полосу),1000,Не оплачен
3046,66,2026-03-08,Статья 12.19 ч.3 (Остановка на пешеходном переходе),3000,Оплачен
3047,600,2026-05-02,Статья 12.36.1 (Использование телефона за рулем),1000,Не оплачен
3048,320,2026-02-11,Статья 12.18 (Непредоставление преимущества пешеходу),4000,Не оплачен
3049,685,2026-03-20,Статья 12.16 ч.4 (Выезд на встречную полосу),4000,Не оплачен
3050,1058,2026-05-30,Статья 12.18 (Непредоставление преимущества пешеходу),1000,Оплачен
3051,366,2026-03-23,Статья 12.36.1 (Использование телефона за рулем),1000,Не оплачен
3052,1096,2026-04-17,Статья 12.36.1 (Использование телефона за рулем),3000,Не оплачен
3053,1186,2026-04-14,Статья 12.6 (Непристегнутый ремень безопасности),4500,Оплачен
3054,1034,2026-04-20,Статья 12.6 (Непристегнутый ремень безопасности),2000,Оплачен
3055,339,2026-01-11,Статья 12.18 (Непредоставление преимущества пешеходу),3000,Оплачен
3056,1095,2026-01-17,Статья 12.18 (Непредоставление преимущества пешеходу),3000,Не оплачен
3057,192,2026-02-13,Статья 12.12 ч.1 (Проезд на красный свет),3000,Не оплачен
3058,405,2026-03-08,Статья 12.19 ч.3 (Остановка на пешеходном переходе),500,Не оплачен
3059,196,2026-02-18,Статья 12.19 ч.3 (Остановка на пешеходном переходе),1500,Оплачен
3060,891,2026-03-03,Статья 12.6 (Непристегнутый ремень безопасности),1000,Не оплачен
3061,1023,2026-05-25,Статья 12.36.1 (Использование телефона за рулем),3000,Оплачен
3062,379,2026-03-07,Статья 12.19 ч.3 (Остановка на пешеходном переходе),2500,Оплачен
3063,81,2026-02-02,Статья 12.19 ч.3 (Остановка на пешеходном переходе),5000,Не оплачен
3064,404,2026-03-07,Статья 12.8 ч.1 (Управление ТС в состоянии опьянения),1500,Не оплачен
3065,571,2026-04-17,Статья 12.8 ч.1 (Управление ТС в состоянии опьянения),1000,Оплачен
3066,169,2026-01-02,Статья 12.12 ч.1 (Проезд на красный свет),4500,Не оплачен
3067,281,2026-01-06,Статья 12.9 ч.2 (Превышение скорости на 20-40 км/ч),3500,Оплачен
3068,1065,2026-03-19,Статья 12.8 ч.1 (Управление ТС в состоянии опьянения),500,Оплачен
3069,192,2026-04-11,Статья 12.8 ч.1 (Управление ТС в состоянии опьянения),500,Не оплачен
3070,364,2026-05-24,Статья 12.6 (Непристегнутый ремень безопасности),4000,Не оплачен
3071,310,2026-05-25,Статья 12.18 (Непредоставление преимущества пешеходу),1000,Оплачен
3072,51,2026-04-09,Статья 12.9 ч.2 (Превышение скорости на 20-40 км/ч),5000,Не оплачен
3073,753,2026-01-08,Статья 12.19 ч.3 (Остановка на пешеходном переходе),1000,Не оплачен
3074,898,2026-03-06,Статья 12.8 ч.1 (Управление ТС в состоянии опьянения),4000,Не оплачен
3075,838,2026-05-27,Статья 12.8 ч.1 (Управление ТС в состоянии опьянения),2000,Не оплачен
3076,701,2026-04-17,Статья 12.6 (Непристегнутый ремень безопасности),3000,Оплачен
3077,1088,2026-04-27,Статья 12.18 (Непредоставление преимущества пешеходу),2500,Оплачен
3078,593,2026-03-12,Статья 12.18 (Непредоставление преимущества пешеходу),2000,Оплачен
3079,1072,2026-02-11,Статья 12.9 ч.2 (Превышение скорости на 20-40 км/ч),5000,Не оплачен
3080,439,2026-03-08,Статья 12.9 ч.2 (Превышение скорости на 20-40 км/ч),4000,Не оплачен
3081,756,2026-05-25,Статья 12.19 ч.3 (Остановка на пешеходном переходе),3500,Не оплачен
3082,635,2026-02-02,Статья 12.6 (Непристегнутый ремень безопасности),500,Не оплачен
3083,692,2026-02-15,Статья 12.18 (Непредоставление преимущества пешеходу),1500,Оплачен
3084,336,2026-01-01,Статья 12.36.1 (Использование телефона за рулем),2000,Не оплачен
3085,894,2026-04-18,Статья 12.19 ч.3 (Остановка на пешеходном переходе),1000,Оплачен
3086,112,2026-03-11,Статья 12.8 ч.1 (Управление ТС в состоянии опьянения),2500,Оплачен
3087,428,2026-02-18,Статья 12.16 ч.4 (Выезд на встречную полосу),5000,Оплачен
3088,830,2026-02-21,Статья 12.36.1 (Использование телефона за рулем),2000,Оплачен
3089,1147,2026-01-05,Статья 12.6 (Непристегнутый ремень безопасности),3500,Не оплачен
3090,115,2026-04-16,Статья 12.8 ч.1 (Управление ТС в состоянии опьянения),3500,Не оплачен
3091,36,2026-04-13,Статья 12.8 ч.1 (Управление ТС в состоянии опьянения),5000,Не оплачен
3092,462,2026-01-31,Статья 12.36.1 (Использование телефона за рулем),1500,Не оплачен
3093,179,2026-01-30,Статья 12.9 ч.2 (Превышение скорости на 20-40 км/ч),1000,Оплачен
3094,295,2026-05-29,Статья 12.19 ч.3 (Остановка на пешеходном переходе),1000,Не оплачен
3095,21,2026-04-28,Статья 12.12 ч.1 (Проезд на красный свет),1500,Не оплачен
3096,774,2026-05-12,Статья 12.9 ч.2 (Превышение скорости на 20-40 км/ч),5000,Оплачен
3097,588,2026-06-01,Статья 12.6 (Непристегнутый ремень безопасности),1000,Не оплачен
3098,16,2026-04-24,Статья 12.16 ч.4 (Выезд на встречную полосу),3000,Оплачен
3099,777,2026-05-30,Статья 12.18 (Непредоставление преимущества пешеходу),3000,Не оплачен
3100,584,2026-03-13,Статья 12.16 ч.4 (Выезд на встречную полосу),2500,Оплачен
3101,449,2026-01-21,Статья 12.9 ч.2 (Превышение скорости на 20-40 км/ч),3000,Не оплачен
3102,966,2026-04-15,Статья 12.19 ч.3 (Остановка на пешеходном переходе),2500,Оплачен
3103,49,2026-04-17,Статья 12.16 ч.4 (Выезд на встречную полосу),2500,Оплачен
3104,935,2026-04-05,Статья 12.18 (Непредоставление преимущества пешеходу),4000,Не оплачен
3105,504,2026-03-06,Статья 12.8 ч.1 (Управление ТС в состоянии опьянения),2500,Оплачен
3106,337,2026-02-04,Статья 12.12 ч.1 (Проезд на красный свет),500,Оплачен
3107,152,2026-03-18,Статья 12.8 ч.1 (Управление ТС в состоянии опьянения),3500,Оплачен
3108,415,2026-03-18,Статья 12.18 (Непредоставление преимущества пешеходу),1500,Оплачен
3109,556,2026-02-05,Статья 12.16 ч.4 (Выезд на встречную полосу),2000,Не оплачен
3110,855,2026-02-09,Статья 12.36.1 (Использование телефона за рулем),4500,Не оплачен
3111,1009,2026-04-27,Статья 12.9 ч.2 (Превышение скорости на 20-40 км/ч),2000,Оплачен
3112,854,2026-03-01,Статья 12.6 (Непристегнутый ремень безопасности),4500,Не оплачен
3113,1055,2026-01-19,Статья 12.36.1 (Использование телефона за рулем),3500,Оплачен
3114,455,2026-04-14,Статья 12.6 (Непристегнутый ремень безопасности),3000,Не оплачен
3115,950,2026-01-19,Статья 12.36.1 (Использование телефона за рулем),4500,Оплачен
3116,534,2026-04-24,Статья 12.8 ч.1 (Управление ТС в состоянии опьянения),2500,Оплачен
3117,1184,2026-05-09,Статья 12.6 (Непристегнутый ремень безопасности),1500,Не оплачен
3118,567,2026-05-28,Статья 12.8 ч.1 (Управление ТС в состоянии опьянения),3000,Не оплачен
3119,9,2026-01-24,Статья 12.18 (Непредоставление преимущества пешеходу),500,Не оплачен
3120,407,2026-02-01,Статья 12.8 ч.1 (Управление ТС в состоянии опьянения),2000,Оплачен
3121,135,2026-01-26,Статья 12.36.1 (Использование телефона за рулем),3500,Не оплачен
3122,800,2026-05-20,Статья 12.6 (Непристегнутый ремень безопасности),2000,Оплачен
3123,990,2026-01-07,Статья 12.16 ч.4 (Выезд на встречную полосу),2000,Не оплачен
3124,637,2026-04-17,Статья 12.8 ч.1 (Управление ТС в состоянии опьянения),3000,Оплачен
3125,439,2026-05-01,Статья 12.9 ч.2 (Превышение скорости на 20-40 км/ч),500,Не оплачен
3126,723,2026-05-09,Статья 12.19 ч.3 (Остановка на пешеходном переходе),4000,Не оплачен
3127,451,2026-04-06,Статья 12.18 (Непредоставление преимущества пешеходу),5000,Не оплачен
3128,2,2026-02-21,Статья 12.9 ч.2 (Превышение скорости на 20-40 км/ч),500,Оплачен
3129,144,2026-03-14,Статья 12.8 ч.1 (Управление ТС в состоянии опьянения),1500,Не оплачен
3130,396,2026-04-15,Статья 12.36.1 (Использование телефона за рулем),2500,Оплачен
3131,297,2026-02-12,Статья 12.9 ч.2 (Превышение скорости на 20-40 км/ч),3000,Не оплачен
3132,1125,2026-01-22,Статья 12.18 (Непредоставление преимущества пешеходу),5000,Оплачен
3133,852,2026-01-05,Статья 12.18 (Непредоставление преимущества пешеходу),1500,Оплачен
3134,13,2026-05-08,Статья 12.36.1 (Использование телефона за рулем),2000,Оплачен
3135,1086,2026-01-21,Статья 12.9 ч.2 (Превышение скорости на 20-40 км/ч),3500,Не оплачен
3136,675,2026-04-24,Статья 12.6 (Непристегнутый ремень безопасности),3500,Не оплачен
3137,434,2026-01-14,Статья 12.12 ч.1 (Проезд на красный свет),500,Не оплачен
3138,1064,2026-03-20,Статья 12.6 (Непристегнутый ремень безопасности),3500,Оплачен
3139,229,2026-03-01,Статья 12.12 ч.1 (Проезд на красный свет),2500,Оплачен
3140,974,2026-03-19,Статья 12.19 ч.3 (Остановка на пешеходном переходе),3000,Не оплачен
3141,376,2026-03-13,Статья 12.8 ч.1 (Управление ТС в состоянии опьянения),4000,Оплачен
3142,366,2026-03-02,Статья 12.16 ч.4 (Выезд на встречную полосу),1500,Не оплачен
3143,851,2026-04-23,Статья 12.9 ч.2 (Превышение скорости на 20-40 км/ч),3500,Оплачен
3144,78,2026-01-08,Статья 12.36.1 (Использование телефона за рулем),4500,Оплачен
3145,580,2026-04-29,Статья 12.8 ч.1 (Управление ТС в состоянии опьянения),5000,Оплачен
3146,234,2026-03-24,Статья 12.36.1 (Использование телефона за рулем),4500,Не оплачен
3147,995,2026-02-12,Статья 12.18 (Непредоставление преимущества пешеходу),1000,Оплачен
3148,173,2026-03-08,Статья 12.9 ч.2 (Превышение скорости на 20-40 км/ч),2000,Не оплачен
3149,264,2026-04-19,Статья 12.16 ч.4 (Выезд на встречную полосу),2500,Оплачен
3150,751,2026-04-20,Статья 12.16 ч.4 (Выезд на встречную полосу),1000,Не оплачен
3151,887,2026-01-17,Статья 12.12 ч.1 (Проезд на красный свет),4500,Не оплачен
3152,1000,2026-05-19,Статья 12.36.1 (Использование телефона за рулем),4000,Оплачен
3153,395,2026-05-05,Статья 12.8 ч.1 (Управление ТС в состоянии опьянения),1500,Не оплачен
3154,714,2026-04-15,Статья 12.8 ч.1 (Управление ТС в состоянии опьянения),5000,Оплачен
3155,375,2026-01-20,Статья 12.12 ч.1 (Проезд на красный свет),1500,Не оплачен
3156,554,2026-01-13,Статья 12.8 ч.1 (Управление ТС в состоянии опьянения),2000,Оплачен
3157,307,2026-02-24,Статья 12.19 ч.3 (Остановка на пешеходном переходе),1500,Оплачен
3158,164,2026-05-18,Статья 12.16 ч.4 (Выезд на встречную полосу),1000,Не оплачен
3159,716,2026-04-24,Статья 12.8 ч.1 (Управление ТС в состоянии опьянения),2000,Не оплачен
3160,698,2026-01-16,Статья 12.9 ч.2 (Превышение скорости на 20-40 км/ч),3500,Не оплачен
3161,382,2026-01-30,Статья 12.19 ч.3 (Остановка на пешеходном переходе),1000,Оплачен
3162,1163,2026-01-17,Статья 12.6 (Непристегнутый ремень безопасности),2000,Оплачен
3163,841,2026-02-11,Статья 12.16 ч.4 (Выезд на встречную полосу),3000,Не оплачен
3164,113,2026-01-26,Статья 12.36.1 (Использование телефона за рулем),3000,Не оплачен
3165,588,2026-03-23,Статья 12.12 ч.1 (Проезд на красный свет),4000,Оплачен
3166,315,2026-04-27,Статья 12.12 ч.1 (Проезд на красный свет),5000,Оплачен
3167,418,2026-03-12,Статья 12.12 ч.1 (Проезд на красный свет),500,Оплачен
3168,713,2026-04-17,Статья 12.19 ч.3 (Остановка на пешеходном переходе),2500,Не оплачен
3169,754,2026-02-11,Статья 12.6 (Непристегнутый ремень безопасности),4000,Оплачен
3170,1126,2026-05-01,Статья 12.36.1 (Использование телефона за рулем),2500,Оплачен
3171,934,2026-02-09,Статья 12.36.1 (Использование телефона за рулем),1000,Оплачен
3172,352,2026-02-05,Статья 12.8 ч.1 (Управление ТС в состоянии опьянения),4000,Оплачен
3173,180,2026-03-09,Статья 12.19 ч.3 (Остановка на пешеходном переходе),3000,Оплачен
3174,270,2026-01-16,Статья 12.8 ч.1 (Управление ТС в состоянии опьянения),4000,Не оплачен
3175,1002,2026-05-02,Статья 12.8 ч.1 (Управление ТС в состоянии опьянения),1000,Не оплачен
3176,459,2026-05-03,Статья 12.12 ч.1 (Проезд на красный свет),1000,Оплачен
3177,978,2026-03-03,Статья 12.8 ч.1 (Управление ТС в состоянии опьянения),2000,Не оплачен
3178,722,2026-03-23,Статья 12.6 (Непристегнутый ремень безопасности),4000,Оплачен
3179,713,2026-01-30,Статья 12.6 (Непристегнутый ремень безопасности),1500,Оплачен
3180,1026,2026-05-31,Статья 12.16 ч.4 (Выезд на встречную полосу),4000,Не оплачен
3181,802,2026-03-13,Статья 12.6 (Непристегнутый ремень безопасности),500,Не оплачен
3182,336,2026-02-05,Статья 12.18 (Непредоставление преимущества пешеходу),3000,Не оплачен
3183,1007,2026-03-12,Статья 12.36.1 (Использование телефона за рулем),1000,Оплачен
3184,864,2026-02-20,Статья 12.19 ч.3 (Остановка на пешеходном переходе),1000,Не оплачен
3185,935,2026-01-17,Статья 12.9 ч.2 (Превышение скорости на 20-40 км/ч),2500,Не оплачен
3186,706,2026-05-07,Статья 12.19 ч.3 (Остановка на пешеходном переходе),500,Не оплачен
3187,491,2026-05-29,Статья 12.12 ч.1 (Проезд на красный свет),1500,Не оплачен
3188,1041,2026-03-09,Статья 12.6 (Непристегнутый ремень безопасности),1500,Оплачен
3189,919,2026-03-10,Статья 12.6 (Непристегнутый ремень безопасности),3000,Оплачен
3190,144,2026-05-23,Статья 12.18 (Непредоставление преимущества пешеходу),2000,Не оплачен
3191,585,2026-04-24,Статья 12.6 (Непристегнутый ремень безопасности),1000,Не оплачен
3192,574,2026-04-01,Статья 12.36.1 (Использование телефона за рулем),5000,Не оплачен
3193,760,2026-01-31,Статья 12.12 ч.1 (Проезд на красный свет),3500,Оплачен
3194,127,2026-05-14,Статья 12.8 ч.1 (Управление ТС в состоянии опьянения),500,Оплачен
3195,703,2026-04-09,Статья 12.9 ч.2 (Превышение скорости на 20-40 км/ч),4000,Не оплачен
3196,97,2026-04-02,Статья 12.16 ч.4 (Выезд на встречную полосу),1000,Не оплачен
3197,133,2026-01-04,Статья 12.16 ч.4 (Выезд на встречную полосу),1000,Не оплачен
3198,802,2026-01-12,Статья 12.19 ч.3 (Остановка на пешеходном переходе),500,Оплачен
3199,211,2026-02-07,Статья 12.8 ч.1 (Управление ТС в состоянии опьянения),1000,Оплачен
3200,916,2026-03-06,Статья 12.9 ч.2 (Превышение скорости на 20-40 км/ч),5000,Не оплачен
3201,811,2026-03-19,Статья 12.6 (Непристегнутый ремень безопасности),5000,Оплачен
3202,393,2026-04-14,Статья 12.36.1 (Использование телефона за рулем),3000,Оплачен
3203,356,2026-04-21,Статья 12.19 ч.3 (Остановка на пешеходном переходе),3000,Не оплачен
3204,197,2026-02-20,Статья 12.36.1 (Использование телефона за рулем),500,Оплачен
3205,1166,2026-02-11,Статья 12.8 ч.1 (Управление ТС в состоянии опьянения),1000,Оплачен
3206,728,2026-05-02,Статья 12.36.1 (Использование телефона за рулем),500,Оплачен
3207,249,2026-01-25,Статья 12.16 ч.4 (Выезд на встречную полосу),3000,Оплачен
3208,375,2026-02-03,Статья 12.16 ч.4 (Выезд на встречную полосу),2500,Не оплачен
3209,331,2026-02-07,Статья 12.16 ч.4 (Выезд на встречную полосу),1500,Не оплачен
3210,335,2026-04-14,Статья 12.8 ч.1 (Управление ТС в состоянии опьянения),500,Не оплачен
3211,173,2026-03-10,Статья 12.36.1 (Использование телефона за рулем),1000,Не оплачен
3212,673,2026-04-11,Статья 12.9 ч.2 (Превышение скорости на 20-40 км/ч),3000,Не оплачен
3213,402,2026-05-23,Статья 12.36.1 (Использование телефона за рулем),1000,Не оплачен
3214,694,2026-02-11,Статья 12.6 (Непристегнутый ремень безопасности),3000,Оплачен
3215,842,2026-01-16,Статья 12.9 ч.2 (Превышение скорости на 20-40 км/ч),4000,Оплачен
3216,760,2026-05-07,Статья 12.16 ч.4 (Выезд на встречную полосу),2000,Оплачен
3217,115,2026-02-21,Статья 12.8 ч.1 (Управление ТС в состоянии опьянения),1500,Не оплачен
3218,180,2026-05-27,Статья 12.36.1 (Использование телефона за рулем),5000,Оплачен
3219,717,2026-03-23,Статья 12.18 (Непредоставление преимущества пешеходу),4000,Не оплачен
3220,491,2026-03-04,Статья 12.9 ч.2 (Превышение скорости на 20-40 км/ч),4000,Оплачен
3221,798,2026-02-02,Статья 12.36.1 (Использование телефона за рулем),4500,Не оплачен
3222,941,2026-02-11,Статья 12.18 (Непредоставление преимущества пешеходу),2000,Не оплачен
3223,780,2026-01-23,Статья 12.18 (Непредоставление преимущества пешеходу),2500,Не оплачен
3224,605,2026-02-25,Статья 12.18 (Непредоставление преимущества пешеходу),1500,Не оплачен
3225,957,2026-04-25,Статья 12.18 (Непредоставление преимущества пешеходу),1500,Оплачен
3226,929,2026-05-20,Статья 12.19 ч.3 (Остановка на пешеходном переходе),500,Не оплачен
3227,709,2026-01-05,Статья 12.9 ч.2 (Превышение скорости на 20-40 км/ч),1000,Оплачен
3228,92,2026-02-06,Статья 12.19 ч.3 (Остановка на пешеходном переходе),4000,Оплачен
3229,1185,2026-05-16,Статья 12.6 (Непристегнутый ремень безопасности),5000,Не оплачен
3230,164,2026-03-11,Статья 12.36.1 (Использование телефона за рулем),3500,Не оплачен
3231,1122,2026-02-18,Статья 12.6 (Непристегнутый ремень безопасности),2000,Не оплачен
3232,628,2026-02-21,Статья 12.18 (Непредоставление преимущества пешеходу),1000,Оплачен
3233,1087,2026-02-09,Статья 12.18 (Непредоставление преимущества пешеходу),3500,Оплачен
3234,221,2026-06-01,Статья 12.6 (Непристегнутый ремень безопасности),3000,Оплачен
3235,648,2026-02-13,Статья 12.6 (Непристегнутый ремень безопасности),4000,Оплачен
3236,260,2026-05-09,Статья 12.12 ч.1 (Проезд на красный свет),4500,Оплачен
3237,191,2026-02-12,Статья 12.36.1 (Использование телефона за рулем),4000,Оплачен
3238,582,2026-01-11,Статья 12.36.1 (Использование телефона за рулем),3500,Оплачен
3239,690,2026-01-01,Статья 12.6 (Непристегнутый ремень безопасности),1000,Не оплачен
3240,927,2026-05-25,Статья 12.19 ч.3 (Остановка на пешеходном переходе),3000,Оплачен
3241,664,2026-04-15,Статья 12.18 (Непредоставление преимущества пешеходу),500,Не оплачен
3242,958,2026-03-29,Статья 12.18 (Непредоставление преимущества пешеходу),4000,Оплачен
3243,196,2026-03-31,Статья 12.16 ч.4 (Выезд на встречную полосу),2000,Оплачен
3244,276,2026-03-21,Статья 12.36.1 (Использование телефона за рулем),4000,Оплачен
3245,435,2026-02-20,Статья 12.18 (Непредоставление преимущества пешеходу),500,Оплачен
3246,1179,2026-03-03,Статья 12.18 (Непредоставление преимущества пешеходу),3500,Не оплачен
3247,759,2026-01-01,Статья 12.16 ч.4 (Выезд на встречную полосу),3000,Не оплачен
3248,511,2026-04-14,Статья 12.36.1 (Использование телефона за рулем),2000,Оплачен
3249,141,2026-03-03,Статья 12.8 ч.1 (Управление ТС в состоянии опьянения),500,Не оплачен
3250,509,2026-03-05,Статья 12.19 ч.3 (Остановка на пешеходном переходе),1000,Не оплачен
3251,284,2026-04-11,Статья 12.6 (Непристегнутый ремень безопасности),3500,Оплачен
3252,519,2026-03-01,Статья 12.36.1 (Использование телефона за рулем),4000,Оплачен
3253,221,2026-03-09,Статья 12.19 ч.3 (Остановка на пешеходном переходе),1500,Оплачен
3254,846,2026-02-01,Статья 12.18 (Непредоставление преимущества пешеходу),4000,Оплачен
3255,760,2026-03-30,Статья 12.16 ч.4 (Выезд на встречную полосу),500,Не оплачен
3256,953,2026-04-23,Статья 12.18 (Непредоставление преимущества пешеходу),5000,Оплачен
3257,922,2026-03-16,Статья 12.12 ч.1 (Проезд на красный свет),5000,Оплачен
3258,1157,2026-03-23,Статья 12.19 ч.3 (Остановка на пешеходном переходе),1000,Не оплачен
3259,334,2026-05-23,Статья 12.6 (Непристегнутый ремень безопасности),3500,Не оплачен
3260,59,2026-03-01,Статья 12.36.1 (Использование телефона за рулем),1000,Не оплачен
3261,1161,2026-04-19,Статья 12.19 ч.3 (Остановка на пешеходном переходе),5000,Не оплачен
3262,922,2026-05-12,Статья 12.16 ч.4 (Выезд на встречную полосу),4000,Не оплачен
3263,585,2026-04-18,Статья 12.12 ч.1 (Проезд на красный свет),2000,Оплачен
3264,294,2026-05-17,Статья 12.36.1 (Использование телефона за рулем),3500,Оплачен
3265,385,2026-03-30,Статья 12.6 (Непристегнутый ремень безопасности),1000,Оплачен
3266,273,2026-04-01,Статья 12.18 (Непредоставление преимущества пешеходу),4500,Оплачен
3267,151,2026-04-19,Статья 12.8 ч.1 (Управление ТС в состоянии опьянения),4000,Оплачен
3268,552,2026-03-28,Статья 12.18 (Непредоставление преимущества пешеходу),5000,Оплачен
3269,1114,2026-04-22,Статья 12.12 ч.1 (Проезд на красный свет),4000,Не оплачен
3270,1088,2026-05-23,Статья 12.9 ч.2 (Превышение скорости на 20-40 км/ч),500,Оплачен
3271,959,2026-05-24,Статья 12.18 (Непредоставление преимущества пешеходу),3000,Не оплачен
3272,941,2026-04-06,Статья 12.9 ч.2 (Превышение скорости на 20-40 км/ч),4500,Оплачен
3273,389,2026-05-04,Статья 12.8 ч.1 (Управление ТС в состоянии опьянения),500,Не оплачен
3274,1095,2026-03-17,Статья 12.8 ч.1 (Управление ТС в состоянии опьянения),3500,Оплачен
3275,436,2026-05-18,Статья 12.16 ч.4 (Выезд на встречную полосу),5000,Оплачен
3276,422,2026-03-29,Статья 12.12 ч.1 (Проезд на красный свет),3000,Не оплачен
3277,1145,2026-05-31,Статья 12.8 ч.1 (Управление ТС в состоянии опьянения),1000,Оплачен
3278,518,2026-05-24,Статья 12.6 (Непристегнутый ремень безопасности),5000,Не оплачен
3279,611,2026-04-17,Статья 12.8 ч.1 (Управление ТС в состоянии опьянения),1500,Не оплачен
3280,866,2026-03-21,Статья 12.9 ч.2 (Превышение скорости на 20-40 км/ч),500,Оплачен
3281,55,2026-05-14,Статья 12.36.1 (Использование телефона за рулем),1000,Оплачен
3282,521,2026-01-17,Статья 12.6 (Непристегнутый ремень безопасности),1000,Не оплачен
3283,483,2026-04-26,Статья 12.16 ч.4 (Выезд на встречную полосу),2000,Не оплачен
3284,1184,2026-03-03,Статья 12.19 ч.3 (Остановка на пешеходном переходе),4500,Оплачен
3285,334,2026-01-20,Статья 12.6 (Непристегнутый ремень безопасности),4000,Не оплачен
3286,793,2026-01-01,Статья 12.8 ч.1 (Управление ТС в состоянии опьянения),4000,Не оплачен
3287,353,2026-04-23,Статья 12.36.1 (Использование телефона за рулем),1500,Оплачен
3288,445,2026-01-13,Статья 12.18 (Непредоставление преимущества пешеходу),3000,Оплачен
3289,271,2026-02-20,Статья 12.19 ч.3 (Остановка на пешеходном переходе),1500,Оплачен
3290,533,2026-04-14,Статья 12.36.1 (Использование телефона за рулем),5000,Оплачен
3291,902,2026-04-19,Статья 12.6 (Непристегнутый ремень безопасности),2500,Оплачен
3292,140,2026-04-18,Статья 12.9 ч.2 (Превышение скорости на 20-40 км/ч),4500,Оплачен
3293,689,2026-02-09,Статья 12.12 ч.1 (Проезд на красный свет),1500,Оплачен
3294,206,2026-03-02,Статья 12.9 ч.2 (Превышение скорости на 20-40 км/ч),3000,Оплачен
3295,1072,2026-02-13,Статья 12.6 (Непристегнутый ремень безопасности),3000,Не оплачен
3296,1059,2026-02-08,Статья 12.8 ч.1 (Управление ТС в состоянии опьянения),500,Оплачен
3297,302,2026-02-18,Статья 12.19 ч.3 (Остановка на пешеходном переходе),1000,Оплачен
3298,906,2026-04-16,Статья 12.16 ч.4 (Выезд на встречную полосу),2500,Не оплачен
3299,558,2026-01-30,Статья 12.8 ч.1 (Управление ТС в состоянии опьянения),3000,Не оплачен
3300,1155,2026-04-20,Статья 12.36.1 (Использование телефона за рулем),500,Оплачен
3301,1084,2026-01-28,Статья 12.19 ч.3 (Остановка на пешеходном переходе),1500,Оплачен
3302,38,2026-05-23,Статья 12.19 ч.3 (Остановка на пешеходном переходе),500,Оплачен
3303,124,2026-05-20,Статья 12.36.1 (Использование телефона за рулем),4500,Не оплачен
3304,989,2026-02-19,Статья 12.6 (Непристегнутый ремень безопасности),4500,Не оплачен
3305,372,2026-02-25,Статья 12.19 ч.3 (Остановка на пешеходном переходе),2500,Оплачен
3306,1064,2026-04-09,Статья 12.12 ч.1 (Проезд на красный свет),1500,Не оплачен
3307,391,2026-03-12,Статья 12.6 (Непристегнутый ремень безопасности),4500,Не оплачен
3308,218,2026-03-21,Статья 12.8 ч.1 (Управление ТС в состоянии опьянения),500,Не оплачен
3309,453,2026-03-21,Статья 12.9 ч.2 (Превышение скорости на 20-40 км/ч),4500,Оплачен
3310,771,2026-04-11,Статья 12.36.1 (Использование телефона за рулем),1500,Оплачен
3311,570,2026-03-18,Статья 12.16 ч.4 (Выезд на встречную полосу),1500,Не оплачен
3312,174,2026-03-26,Статья 12.12 ч.1 (Проезд на красный свет),3500,Оплачен
3313,632,2026-05-08,Статья 12.6 (Непристегнутый ремень безопасности),1500,Не оплачен
3314,347,2026-01-02,Статья 12.16 ч.4 (Выезд на встречную полосу),4500,Оплачен
3315,38,2026-05-07,Статья 12.9 ч.2 (Превышение скорости на 20-40 км/ч),1500,Не оплачен
3316,188,2026-02-26,Статья 12.36.1 (Использование телефона за рулем),4500,Оплачен
3317,296,2026-02-20,Статья 12.9 ч.2 (Превышение скорости на 20-40 км/ч),5000,Не оплачен
3318,649,2026-03-14,Статья 12.8 ч.1 (Управление ТС в состоянии опьянения),3500,Не оплачен
3319,494,2026-01-28,Статья 12.9 ч.2 (Превышение скорости на 20-40 км/ч),4000,Оплачен
3320,294,2026-01-05,Статья 12.9 ч.2 (Превышение скорости на 20-40 км/ч),2000,Не оплачен
3321,155,2026-03-23,Статья 12.36.1 (Использование телефона за рулем),4500,Оплачен
3322,978,2026-03-28,Статья 12.8 ч.1 (Управление ТС в состоянии опьянения),2000,Оплачен
3323,411,2026-01-23,Статья 12.36.1 (Использование телефона за рулем),3500,Оплачен
3324,1134,2026-02-16,Статья 12.8 ч.1 (Управление ТС в состоянии опьянения),3000,Оплачен
3325,514,2026-06-01,Статья 12.36.1 (Использование телефона за рулем),1500,Не оплачен
3326,567,2026-04-11,Статья 12.8 ч.1 (Управление ТС в состоянии опьянения),3000,Не оплачен
3327,200,2026-05-12,Статья 12.16 ч.4 (Выезд на встречную полосу),2000,Оплачен
3328,1009,2026-01-15,Статья 12.18 (Непредоставление преимущества пешеходу),1500,Не оплачен
3329,400,2026-02-15,Статья 12.36.1 (Использование телефона за рулем),1000,Оплачен
3330,598,2026-01-27,Статья 12.8 ч.1 (Управление ТС в состоянии опьянения),4000,Оплачен
3331,524,2026-04-18,Статья 12.8 ч.1 (Управление ТС в состоянии опьянения),2000,Оплачен
3332,667,2026-01-30,Статья 12.8 ч.1 (Управление ТС в состоянии опьянения),3000,Не оплачен
3333,45,2026-03-18,Статья 12.12 ч.1 (Проезд на красный свет),2500,Оплачен
3334,786,2026-03-20,Статья 12.18 (Непредоставление преимущества пешеходу),3000,Не оплачен
3335,848,2026-04-30,Статья 12.6 (Непристегнутый ремень безопасности),3500,Не оплачен
3336,137,2026-02-07,Статья 12.19 ч.3 (Остановка на пешеходном переходе),5000,Оплачен
3337,847,2026-04-20,Статья 12.9 ч.2 (Превышение скорости на 20-40 км/ч),1500,Не оплачен
3338,320,2026-05-12,Статья 12.18 (Непредоставление преимущества пешеходу),2500,Не оплачен
3339,526,2026-01-28,Статья 12.19 ч.3 (Остановка на пешеходном переходе),4500,Не оплачен
3340,906,2026-02-11,Статья 12.12 ч.1 (Проезд на красный свет),5000,Не оплачен
3341,998,2026-01-24,Статья 12.16 ч.4 (Выезд на встречную полосу),5000,Оплачен
3342,1125,2026-03-25,Статья 12.19 ч.3 (Остановка на пешеходном переходе),4000,Не оплачен
3343,1158,2026-02-15,Статья 12.18 (Непредоставление преимущества пешеходу),2500,Не оплачен
3344,1186,2026-01-05,Статья 12.18 (Непредоставление преимущества пешеходу),500,Не оплачен
3345,847,2026-04-23,Статья 12.36.1 (Использование телефона за рулем),500,Оплачен
3346,244,2026-03-28,Статья 12.36.1 (Использование телефона за рулем),4500,Не оплачен
3347,148,2026-04-03,Статья 12.19 ч.3 (Остановка на пешеходном переходе),2000,Не оплачен
3348,209,2026-03-05,Статья 12.9 ч.2 (Превышение скорости на 20-40 км/ч),2500,Не оплачен
3349,1162,2026-03-16,Статья 12.12 ч.1 (Проезд на красный свет),4500,Оплачен
3350,112,2026-03-22,Статья 12.8 ч.1 (Управление ТС в состоянии опьянения),3000,Оплачен
3351,1001,2026-05-16,Статья 12.16 ч.4 (Выезд на встречную полосу),4000,Не оплачен
3352,979,2026-02-05,Статья 12.36.1 (Использование телефона за рулем),2500,Не оплачен
3353,140,2026-03-12,Статья 12.16 ч.4 (Выезд на встречную полосу),3000,Оплачен
3354,657,2026-05-08,Статья 12.6 (Непристегнутый ремень безопасности),3000,Не оплачен
3355,1193,2026-01-17,Статья 12.8 ч.1 (Управление ТС в состоянии опьянения),3000,Оплачен
3356,1197,2026-05-23,Статья 12.12 ч.1 (Проезд на красный свет),3000,Оплачен
3357,349,2026-01-02,Статья 12.8 ч.1 (Управление ТС в состоянии опьянения),3000,Оплачен
3358,236,2026-01-21,Статья 12.36.1 (Использование телефона за рулем),3500,Не оплачен
3359,211,2026-05-06,Статья 12.18 (Непредоставление преимущества пешеходу),1000,Оплачен
3360,874,2026-02-18,Статья 12.19 ч.3 (Остановка на пешеходном переходе),4000,Оплачен
3361,256,2026-03-28,Статья 12.36.1 (Использование телефона за рулем),4500,Оплачен
3362,1137,2026-03-24,Статья 12.9 ч.2 (Превышение скорости на 20-40 км/ч),3000,Оплачен
3363,1003,2026-05-22,Статья 12.36.1 (Использование телефона за рулем),1000,Оплачен
3364,174,2026-02-20,Статья 12.9 ч.2 (Превышение скорости на 20-40 км/ч),1000,Не оплачен
3365,741,2026-01-01,Статья 12.19 ч.3 (Остановка на пешеходном переходе),5000,Не оплачен
3366,469,2026-05-20,Статья 12.36.1 (Использование телефона за рулем),2500,Не оплачен
3367,491,2026-01-23,Статья 12.16 ч.4 (Выезд на встречную полосу),4500,Оплачен
3368,66,2026-03-17,Статья 12.18 (Непредоставление преимущества пешеходу),2000,Оплачен
3369,838,2026-01-06,Статья 12.12 ч.1 (Проезд на красный свет),500,Оплачен
3370,368,2026-01-26,Статья 12.36.1 (Использование телефона за рулем),3500,Оплачен
3371,347,2026-05-21,Статья 12.16 ч.4 (Выезд на встречную полосу),2000,Оплачен
3372,862,2026-04-15,Статья 12.8 ч.1 (Управление ТС в состоянии опьянения),3500,Оплачен
3373,1126,2026-02-05,Статья 12.9 ч.2 (Превышение скорости на 20-40 км/ч),3500,Не оплачен
3374,514,2026-05-09,Статья 12.16 ч.4 (Выезд на встречную полосу),1500,Оплачен
3375,793,2026-05-11,Статья 12.18 (Непредоставление преимущества пешеходу),1500,Не оплачен
3376,966,2026-03-12,Статья 12.18 (Непредоставление преимущества пешеходу),4000,Оплачен
3377,422,2026-05-14,Статья 12.9 ч.2 (Превышение скорости на 20-40 км/ч),1500,Оплачен
3378,583,2026-01-03,Статья 12.16 ч.4 (Выезд на встречную полосу),4500,Не оплачен
3379,859,2026-03-01,Статья 12.9 ч.2 (Превышение скорости на 20-40 км/ч),1000,Оплачен
3380,712,2026-02-16,Статья 12.12 ч.1 (Проезд на красный свет),5000,Не оплачен
3381,71,2026-04-04,Статья 12.36.1 (Использование телефона за рулем),4500,Не оплачен
3382,825,2026-03-04,Статья 12.6 (Непристегнутый ремень безопасности),3500,Оплачен
3383,479,2026-05-30,Статья 12.12 ч.1 (Проезд на красный свет),1000,Оплачен
3384,423,2026-01-23,Статья 12.18 (Непредоставление преимущества пешеходу),4500,Не оплачен
3385,934,2026-05-05,Статья 12.19 ч.3 (Остановка на пешеходном переходе),2500,Оплачен
3386,1023,2026-03-27,Статья 12.6 (Непристегнутый ремень безопасности),4000,Оплачен
3387,1164,2026-05-10,Статья 12.36.1 (Использование телефона за рулем),500,Не оплачен
3388,490,2026-02-19,Статья 12.18 (Непредоставление преимущества пешеходу),1500,Оплачен
3389,1145,2026-01-06,Статья 12.8 ч.1 (Управление ТС в состоянии опьянения),1000,Не оплачен
3390,1141,2026-04-06,Статья 12.16 ч.4 (Выезд на встречную полосу),4000,Не оплачен
3391,729,2026-01-29,Статья 12.16 ч.4 (Выезд на встречную полосу),2000,Не оплачен
3392,551,2026-04-29,Статья 12.36.1 (Использование телефона за рулем),2500,Оплачен
3393,919,2026-05-12,Статья 12.8 ч.1 (Управление ТС в состоянии опьянения),500,Не оплачен
3394,738,2026-01-02,Статья 12.6 (Непристегнутый ремень безопасности),3500,Оплачен
3395,207,2026-04-15,Статья 12.19 ч.3 (Остановка на пешеходном переходе),3500,Оплачен
3396,798,2026-04-21,Статья 12.6 (Непристегнутый ремень безопасности),2000,Не оплачен
3397,236,2026-01-21,Статья 12.12 ч.1 (Проезд на красный свет),3500,Оплачен
3398,774,2026-01-20,Статья 12.18 (Непредоставление преимущества пешеходу),3500,Не оплачен
3399,202,2026-05-15,Статья 12.18 (Непредоставление преимущества пешеходу),2000,Оплачен
3400,433,2026-02-10,Статья 12.6 (Непристегнутый ремень безопасности),2000,Не оплачен
3401,1077,2026-04-30,Статья 12.16 ч.4 (Выезд на встречную полосу),500,Не оплачен
3402,704,2026-04-01,Статья 12.16 ч.4 (Выезд на встречную полосу),500,Оплачен
3403,749,2026-02-03,Статья 12.19 ч.3 (Остановка на пешеходном переходе),3500,Не оплачен
3404,117,2026-04-06,Статья 12.8 ч.1 (Управление ТС в состоянии опьянения),1500,Не оплачен
3405,963,2026-05-09,Статья 12.9 ч.2 (Превышение скорости на 20-40 км/ч),3000,Не оплачен
3406,881,2026-01-01,Статья 12.36.1 (Использование телефона за рулем),4500,Оплачен
3407,361,2026-02-26,Статья 12.16 ч.4 (Выезд на встречную полосу),5000,Не оплачен
3408,960,2026-04-10,Статья 12.36.1 (Использование телефона за рулем),5000,Оплачен
3409,844,2026-03-15,Статья 12.36.1 (Использование телефона за рулем),3000,Оплачен
3410,1119,2026-02-12,Статья 12.8 ч.1 (Управление ТС в состоянии опьянения),2500,Оплачен
3411,508,2026-03-29,Статья 12.36.1 (Использование телефона за рулем),500,Оплачен
3412,841,2026-03-03,Статья 12.16 ч.4 (Выезд на встречную полосу),5000,Оплачен
3413,111,2026-01-01,Статья 12.16 ч.4 (Выезд на встречную полосу),3000,Оплачен
3414,245,2026-04-25,Статья 12.19 ч.3 (Остановка на пешеходном переходе),3000,Оплачен
3415,141,2026-02-28,Статья 12.16 ч.4 (Выезд на встречную полосу),500,Оплачен
3416,815,2026-05-29,Статья 12.18 (Непредоставление преимущества пешеходу),500,Не оплачен
3417,374,2026-02-26,Статья 12.6 (Непристегнутый ремень безопасности),4000,Не оплачен
3418,570,2026-01-17,Статья 12.9 ч.2 (Превышение скорости на 20-40 км/ч),1500,Оплачен
3419,5,2026-05-16,Статья 12.12 ч.1 (Проезд на красный свет),2500,Не оплачен
3420,699,2026-03-19,Статья 12.9 ч.2 (Превышение скорости на 20-40 км/ч),4000,Не оплачен
3421,458,2026-01-28,Статья 12.12 ч.1 (Проезд на красный свет),2000,Оплачен
3422,718,2026-02-13,Статья 12.8 ч.1 (Управление ТС в состоянии опьянения),2000,Оплачен
3423,839,2026-02-04,Статья 12.18 (Непредоставление преимущества пешеходу),5000,Оплачен
3424,168,2026-04-19,Статья 12.18 (Непредоставление преимущества пешеходу),1000,Не оплачен
3425,282,2026-01-26,Статья 12.12 ч.1 (Проезд на красный свет),1500,Оплачен
3426,1111,2026-04-22,Статья 12.6 (Непристегнутый ремень безопасности),4000,Не оплачен
3427,259,2026-02-26,Статья 12.36.1 (Использование телефона за рулем),2500,Не оплачен
3428,1058,2026-01-12,Статья 12.36.1 (Использование телефона за рулем),1000,Не оплачен
3429,454,2026-01-20,Статья 12.36.1 (Использование телефона за рулем),5000,Не оплачен
3430,288,2026-01-28,Статья 12.8 ч.1 (Управление ТС в состоянии опьянения),5000,Оплачен
3431,562,2026-05-14,Статья 12.9 ч.2 (Превышение скорости на 20-40 км/ч),1000,Оплачен
3432,241,2026-01-25,Статья 12.8 ч.1 (Управление ТС в состоянии опьянения),5000,Не оплачен
3433,1166,2026-05-28,Статья 12.16 ч.4 (Выезд на встречную полосу),2500,Оплачен
3434,721,2026-05-04,Статья 12.19 ч.3 (Остановка на пешеходном переходе),2000,Оплачен
3435,1083,2026-02-03,Статья 12.36.1 (Использование телефона за рулем),2000,Не оплачен
3436,302,2026-03-29,Статья 12.18 (Непредоставление преимущества пешеходу),5000,Не оплачен
3437,953,2026-04-14,Статья 12.12 ч.1 (Проезд на красный свет),4000,Не оплачен
3438,209,2026-05-21,Статья 12.8 ч.1 (Управление ТС в состоянии опьянения),3500,Не оплачен
3439,755,2026-03-24,Статья 12.36.1 (Использование телефона за рулем),1500,Не оплачен
3440,697,2026-05-21,Статья 12.16 ч.4 (Выезд на встречную полосу),2500,Оплачен
3441,805,2026-05-08,Статья 12.8 ч.1 (Управление ТС в состоянии опьянения),1000,Оплачен
3442,322,2026-05-16,Статья 12.9 ч.2 (Превышение скорости на 20-40 км/ч),4000,Оплачен
3443,754,2026-02-13,Статья 12.36.1 (Использование телефона за рулем),1000,Не оплачен
3444,71,2026-01-29,Статья 12.16 ч.4 (Выезд на встречную полосу),2000,Не оплачен
3445,835,2026-02-05,Статья 12.19 ч.3 (Остановка на пешеходном переходе),4000,Не оплачен
3446,879,2026-01-06,Статья 12.36.1 (Использование телефона за рулем),3000,Оплачен
3447,824,2026-01-21,Статья 12.19 ч.3 (Остановка на пешеходном переходе),3500,Не оплачен
3448,471,2026-04-19,Статья 12.19 ч.3 (Остановка на пешеходном переходе),1000,Оплачен
3449,880,2026-04-29,Статья 12.6 (Непристегнутый ремень безопасности),2500,Не оплачен
3450,903,2026-05-03,Статья 12.18 (Непредоставление преимущества пешеходу),3000,Не оплачен
3451,620,2026-01-13,Статья 12.6 (Непристегнутый ремень безопасности),3000,Не оплачен
3452,2,2026-05-09,Статья 12.6 (Непристегнутый ремень безопасности),3000,Не оплачен
3453,23,2026-01-08,Статья 12.9 ч.2 (Превышение скорости на 20-40 км/ч),3500,Не оплачен
3454,1109,2026-04-26,Статья 12.9 ч.2 (Превышение скорости на 20-40 км/ч),500,Не оплачен
3455,392,2026-04-02,Статья 12.19 ч.3 (Остановка на пешеходном переходе),2500,Не оплачен
3456,923,2026-05-09,Статья 12.12 ч.1 (Проезд на красный свет),5000,Оплачен
3457,191,2026-02-21,Статья 12.16 ч.4 (Выезд на встречную полосу),1500,Оплачен
3458,1134,2026-04-14,Статья 12.18 (Непредоставление преимущества пешеходу),1500,Не оплачен
3459,219,2026-05-27,Статья 12.8 ч.1 (Управление ТС в состоянии опьянения),500,Оплачен
3460,996,2026-01-01,Статья 12.12 ч.1 (Проезд на красный свет),2500,Оплачен
3461,440,2026-04-03,Статья 12.36.1 (Использование телефона за рулем),1000,Не оплачен
3462,1165,2026-03-18,Статья 12.6 (Непристегнутый ремень безопасности),2500,Оплачен
3463,225,2026-02-15,Статья 12.8 ч.1 (Управление ТС в состоянии опьянения),3500,Оплачен
3464,411,2026-04-11,Статья 12.6 (Непристегнутый ремень безопасности),1500,Оплачен
3465,1016,2026-01-28,Статья 12.12 ч.1 (Проезд на красный свет),5000,Не оплачен
3466,831,2026-05-12,Статья 12.19 ч.3 (Остановка на пешеходном переходе),500,Не оплачен
3467,997,2026-05-21,Статья 12.18 (Непредоставление преимущества пешеходу),1500,Оплачен
3468,321,2026-03-24,Статья 12.6 (Непристегнутый ремень безопасности),4500,Оплачен
3469,65,2026-05-02,Статья 12.16 ч.4 (Выезд на встречную полосу),3000,Оплачен
3470,776,2026-05-22,Статья 12.6 (Непристегнутый ремень безопасности),3500,Не оплачен
3471,576,2026-05-12,Статья 12.36.1 (Использование телефона за рулем),4000,Оплачен
3472,1112,2026-04-07,Статья 12.36.1 (Использование телефона за рулем),2500,Оплачен
3473,1142,2026-05-08,Статья 12.19 ч.3 (Остановка на пешеходном переходе),2000,Не оплачен
3474,474,2026-04-19,Статья 12.9 ч.2 (Превышение скорости на 20-40 км/ч),3000,Оплачен
3475,198,2026-04-05,Статья 12.12 ч.1 (Проезд на красный свет),2000,Оплачен
3476,444,2026-02-16,Статья 12.6 (Непристегнутый ремень безопасности),1000,Оплачен
3477,920,2026-04-18,Статья 12.8 ч.1 (Управление ТС в состоянии опьянения),4500,Не оплачен
3478,7,2026-04-05,Статья 12.36.1 (Использование телефона за рулем),4500,Оплачен
3479,434,2026-03-28,Статья 12.6 (Непристегнутый ремень безопасности),4500,Не оплачен
3480,947,2026-05-24,Статья 12.9 ч.2 (Превышение скорости на 20-40 км/ч),500,Оплачен
3481,62,2026-04-30,Статья 12.19 ч.3 (Остановка на пешеходном переходе),1000,Оплачен
3482,864,2026-05-13,Статья 12.36.1 (Использование телефона за рулем),2000,Оплачен
3483,53,2026-03-15,Статья 12.36.1 (Использование телефона за рулем),500,Не оплачен
3484,819,2026-02-06,Статья 12.18 (Непредоставление преимущества пешеходу),2000,Не оплачен
3485,771,2026-04-12,Статья 12.12 ч.1 (Проезд на красный свет),4500,Не оплачен
3486,388,2026-04-01,Статья 12.18 (Непредоставление преимущества пешеходу),4500,Оплачен
3487,426,2026-04-10,Статья 12.18 (Непредоставление преимущества пешеходу),4000,Оплачен
3488,703,2026-05-10,Статья 12.6 (Непристегнутый ремень безопасности),1000,Не оплачен
3489,528,2026-04-25,Статья 12.9 ч.2 (Превышение скорости на 20-40 км/ч),1000,Не оплачен
3490,191,2026-01-17,Статья 12.8 ч.1 (Управление ТС в состоянии опьянения),1500,Оплачен
3491,974,2026-02-12,Статья 12.18 (Непредоставление преимущества пешеходу),2500,Оплачен
3492,10,2026-05-21,Статья 12.6 (Непристегнутый ремень безопасности),2500,Оплачен
3493,537,2026-04-22,Статья 12.9 ч.2 (Превышение скорости на 20-40 км/ч),1000,Оплачен
3494,1001,2026-05-04,Статья 12.36.1 (Использование телефона за рулем),3500,Не оплачен
3495,824,2026-04-16,Статья 12.8 ч.1 (Управление ТС в состоянии опьянения),4500,Оплачен
3496,939,2026-06-01,Статья 12.19 ч.3 (Остановка на пешеходном переходе),500,Оплачен
3497,532,2026-01-12,Статья 12.12 ч.1 (Проезд на красный свет),2000,Оплачен
3498,1181,2026-02-14,Статья 12.18 (Непредоставление преимущества пешеходу),4500,Не оплачен
3499,714,2026-05-24,Статья 12.19 ч.3 (Остановка на пешеходном переходе),4500,Оплачен
3500,106,2026-01-01,Статья 12.9 ч.2 (Превышение скорости на 20-40 км/ч),3000,Оплачен
3501,479,2026-05-21,Статья 12.36.1 (Использование телефона за рулем),4000,Не оплачен
3502,1182,2026-02-15,Статья 12.36.1 (Использование телефона за рулем),4500,Не оплачен
3503,1020,2026-05-29,Статья 12.6 (Непристегнутый ремень безопасности),5000,Оплачен
3504,618,2026-05-04,Статья 12.18 (Непредоставление преимущества пешеходу),1500,Оплачен
3505,334,2026-03-21,Статья 12.36.1 (Использование телефона за рулем),1500,Оплачен
3506,64,2026-05-04,Статья 12.36.1 (Использование телефона за рулем),2000,Оплачен
3507,608,2026-03-03,Статья 12.9 ч.2 (Превышение скорости на 20-40 км/ч),4500,Не оплачен
3508,500,2026-04-12,Статья 12.8 ч.1 (Управление ТС в состоянии опьянения),3500,Не оплачен
3509,1128,2026-02-27,Статья 12.36.1 (Использование телефона за рулем),3000,Оплачен
3510,420,2026-01-23,Статья 12.36.1 (Использование телефона за рулем),1500,Оплачен
3511,1145,2026-04-06,Статья 12.16 ч.4 (Выезд на встречную полосу),4500,Оплачен
3512,664,2026-04-06,Статья 12.16 ч.4 (Выезд на встречную полосу),1500,Оплачен
3513,251,2026-04-04,Статья 12.8 ч.1 (Управление ТС в состоянии опьянения),1000,Не оплачен
3514,543,2026-01-29,Статья 12.9 ч.2 (Превышение скорости на 20-40 км/ч),4000,Не оплачен
3515,1014,2026-01-27,Статья 12.8 ч.1 (Управление ТС в состоянии опьянения),3500,Не оплачен
3516,701,2026-03-17,Статья 12.8 ч.1 (Управление ТС в состоянии опьянения),3500,Оплачен
3517,474,2026-03-07,Статья 12.8 ч.1 (Управление ТС в состоянии опьянения),3500,Оплачен
3518,286,2026-02-25,Статья 12.8 ч.1 (Управление ТС в состоянии опьянения),3000,Оплачен
3519,803,2026-04-09,Статья 12.18 (Непредоставление преимущества пешеходу),5000,Не оплачен
3520,394,2026-04-12,Статья 12.8 ч.1 (Управление ТС в состоянии опьянения),2500,Не оплачен
3521,859,2026-05-28,Статья 12.36.1 (Использование телефона за рулем),1500,Не оплачен
3522,63,2026-04-03,Статья 12.18 (Непредоставление преимущества пешеходу),1500,Не оплачен
3523,95,2026-01-20,Статья 12.6 (Непристегнутый ремень безопасности),2000,Оплачен
3524,517,2026-05-30,Статья 12.16 ч.4 (Выезд на встречную полосу),4000,Оплачен
3525,202,2026-04-21,Статья 12.18 (Непредоставление преимущества пешеходу),2500,Не оплачен
3526,1166,2026-01-20,Статья 12.19 ч.3 (Остановка на пешеходном переходе),4500,Оплачен
3527,997,2026-04-23,Статья 12.8 ч.1 (Управление ТС в состоянии опьянения),3500,Оплачен
3528,1060,2026-04-07,Статья 12.6 (Непристегнутый ремень безопасности),1000,Не оплачен
3529,653,2026-02-27,Статья 12.9 ч.2 (Превышение скорости на 20-40 км/ч),2000,Оплачен
3530,296,2026-03-04,Статья 12.19 ч.3 (Остановка на пешеходном переходе),2000,Не оплачен
3531,90,2026-04-22,Статья 12.6 (Непристегнутый ремень безопасности),4000,Оплачен
3532,1131,2026-04-05,Статья 12.8 ч.1 (Управление ТС в состоянии опьянения),3000,Не оплачен
3533,219,2026-01-15,Статья 12.36.1 (Использование телефона за рулем),4500,Не оплачен
3534,938,2026-04-26,Статья 12.36.1 (Использование телефона за рулем),1500,Оплачен
3535,616,2026-03-09,Статья 12.18 (Непредоставление преимущества пешеходу),4500,Оплачен
3536,170,2026-05-08,Статья 12.36.1 (Использование телефона за рулем),5000,Не оплачен
3537,148,2026-05-16,Статья 12.9 ч.2 (Превышение скорости на 20-40 км/ч),2500,Не оплачен
3538,1044,2026-01-22,Статья 12.19 ч.3 (Остановка на пешеходном переходе),1500,Не оплачен
3539,841,2026-05-05,Статья 12.16 ч.4 (Выезд на встречную полосу),5000,Не оплачен
3540,906,2026-05-25,Статья 12.36.1 (Использование телефона за рулем),3000,Не оплачен
3541,803,2026-04-04,Статья 12.12 ч.1 (Проезд на красный свет),3000,Оплачен
3542,182,2026-05-03,Статья 12.36.1 (Использование телефона за рулем),1000,Не оплачен
3543,926,2026-04-18,Статья 12.8 ч.1 (Управление ТС в состоянии опьянения),4000,Не оплачен
3544,307,2026-01-15,Статья 12.6 (Непристегнутый ремень безопасности),1000,Не оплачен
3545,344,2026-01-04,Статья 12.6 (Непристегнутый ремень безопасности),3500,Не оплачен
3546,269,2026-05-29,Статья 12.19 ч.3 (Остановка на пешеходном переходе),1500,Оплачен
3547,748,2026-03-10,Статья 12.12 ч.1 (Проезд на красный свет),1000,Не оплачен
3548,96,2026-02-18,Статья 12.12 ч.1 (Проезд на красный свет),2000,Оплачен
3549,429,2026-01-31,Статья 12.18 (Непредоставление преимущества пешеходу),2000,Не оплачен
3550,1059,2026-04-09,Статья 12.16 ч.4 (Выезд на встречную полосу),500,Не оплачен
3551,668,2026-01-26,Статья 12.8 ч.1 (Управление ТС в состоянии опьянения),1000,Оплачен
3552,88,2026-04-28,Статья 12.19 ч.3 (Остановка на пешеходном переходе),2500,Оплачен
3553,138,2026-03-30,Статья 12.9 ч.2 (Превышение скорости на 20-40 км/ч),2500,Не оплачен
3554,247,2026-05-03,Статья 12.9 ч.2 (Превышение скорости на 20-40 км/ч),500,Оплачен
3555,505,2026-03-11,Статья 12.8 ч.1 (Управление ТС в состоянии опьянения),2500,Не оплачен
3556,652,2026-01-31,Статья 12.19 ч.3 (Остановка на пешеходном переходе),3500,Не оплачен
3557,1017,2026-03-02,Статья 12.18 (Непредоставление преимущества пешеходу),3000,Не оплачен
3558,919,2026-03-06,Статья 12.18 (Непредоставление преимущества пешеходу),4000,Оплачен
3559,209,2026-03-25,Статья 12.9 ч.2 (Превышение скорости на 20-40 км/ч),4000,Не оплачен
3560,735,2026-03-13,Статья 12.18 (Непредоставление преимущества пешеходу),500,Оплачен
3561,304,2026-03-25,Статья 12.16 ч.4 (Выезд на встречную полосу),3000,Не оплачен
3562,367,2026-03-08,Статья 12.16 ч.4 (Выезд на встречную полосу),3500,Не оплачен
3563,891,2026-01-18,Статья 12.36.1 (Использование телефона за рулем),4000,Оплачен
3564,721,2026-01-28,Статья 12.36.1 (Использование телефона за рулем),4000,Не оплачен
3565,169,2026-05-22,Статья 12.18 (Непредоставление преимущества пешеходу),2500,Не оплачен
3566,488,2026-01-10,Статья 12.12 ч.1 (Проезд на красный свет),5000,Не оплачен
3567,576,2026-04-13,Статья 12.36.1 (Использование телефона за рулем),5000,Оплачен
3568,286,2026-05-16,Статья 12.12 ч.1 (Проезд на красный свет),4500,Оплачен
3569,570,2026-05-05,Статья 12.9 ч.2 (Превышение скорости на 20-40 км/ч),2500,Не оплачен
3570,637,2026-01-22,Статья 12.16 ч.4 (Выезд на встречную полосу),500,Не оплачен
3571,275,2026-04-17,Статья 12.16 ч.4 (Выезд на встречную полосу),1000,Не оплачен
3572,1050,2026-02-13,Статья 12.12 ч.1 (Проезд на красный свет),1500,Не оплачен
3573,1179,2026-02-10,Статья 12.18 (Непредоставление преимущества пешеходу),4000,Не оплачен
3574,1,2026-01-22,Статья 12.19 ч.3 (Остановка на пешеходном переходе),1000,Оплачен
3575,423,2026-04-25,Статья 12.19 ч.3 (Остановка на пешеходном переходе),1500,Не оплачен
3576,263,2026-03-07,Статья 12.18 (Непредоставление преимущества пешеходу),1000,Оплачен
3577,226,2026-03-01,Статья 12.36.1 (Использование телефона за рулем),1500,Оплачен
3578,317,2026-05-30,Статья 12.9 ч.2 (Превышение скорости на 20-40 км/ч),1000,Не оплачен
3579,66,2026-04-10,Статья 12.16 ч.4 (Выезд на встречную полосу),2000,Оплачен
3580,688,2026-02-18,Статья 12.16 ч.4 (Выезд на встречную полосу),3000,Не оплачен
3581,1137,2026-01-10,Статья 12.6 (Непристегнутый ремень безопасности),3000,Не оплачен
3582,614,2026-02-18,Статья 12.9 ч.2 (Превышение скорости на 20-40 км/ч),1000,Оплачен
3583,325,2026-03-07,Статья 12.8 ч.1 (Управление ТС в состоянии опьянения),2000,Оплачен
3584,302,2026-04-10,Статья 12.9 ч.2 (Превышение скорости на 20-40 км/ч),3500,Не оплачен
3585,153,2026-01-26,Статья 12.9 ч.2 (Превышение скорости на 20-40 км/ч),1500,Оплачен
3586,987,2026-05-02,Статья 12.36.1 (Использование телефона за рулем),2500,Не оплачен
3587,968,2026-02-09,Статья 12.18 (Непредоставление преимущества пешеходу),3000,Оплачен
3588,897,2026-01-18,Статья 12.36.1 (Использование телефона за рулем),5000,Не оплачен
3589,1159,2026-04-25,Статья 12.6 (Непристегнутый ремень безопасности),1500,Оплачен
3590,466,2026-03-03,Статья 12.18 (Непредоставление преимущества пешеходу),1500,Не оплачен
3591,895,2026-02-14,Статья 12.8 ч.1 (Управление ТС в состоянии опьянения),2000,Не оплачен
3592,427,2026-05-06,Статья 12.9 ч.2 (Превышение скорости на 20-40 км/ч),500,Оплачен
3593,86,2026-04-24,Статья 12.18 (Непредоставление преимущества пешеходу),5000,Не оплачен
3594,386,2026-03-24,Статья 12.6 (Непристегнутый ремень безопасности),1500,Не оплачен
3595,1183,2026-04-18,Статья 12.12 ч.1 (Проезд на красный свет),4000,Не оплачен
3596,373,2026-03-25,Статья 12.6 (Непристегнутый ремень безопасности),3000,Не оплачен
3597,261,2026-02-13,Статья 12.16 ч.4 (Выезд на встречную полосу),1000,Оплачен
3598,558,2026-03-14,Статья 12.19 ч.3 (Остановка на пешеходном переходе),2000,Не оплачен
3599,917,2026-01-06,Статья 12.6 (Непристегнутый ремень безопасности),4000,Оплачен
3600,617,2026-04-11,Статья 12.36.1 (Использование телефона за рулем),4500,Не оплачен
3601,718,2026-03-08,Статья 12.12 ч.1 (Проезд на красный свет),2000,Не оплачен
3602,609,2026-04-04,Статья 12.6 (Непристегнутый ремень безопасности),2500,Оплачен
3603,967,2026-03-12,Статья 12.6 (Непристегнутый ремень безопасности),4500,Не оплачен
3604,802,2026-01-15,Статья 12.19 ч.3 (Остановка на пешеходном переходе),1500,Оплачен
3605,231,2026-03-15,Статья 12.19 ч.3 (Остановка на пешеходном переходе),5000,Оплачен
3606,705,2026-03-30,Статья 12.8 ч.1 (Управление ТС в состоянии опьянения),1500,Не оплачен
3607,1095,2026-01-26,Статья 12.18 (Непредоставление преимущества пешеходу),2000,Не оплачен
3608,99,2026-03-27,Статья 12.8 ч.1 (Управление ТС в состоянии опьянения),2000,Не оплачен
3609,723,2026-01-15,Статья 12.6 (Непристегнутый ремень безопасности),500,Оплачен
3610,554,2026-05-06,Статья 12.9 ч.2 (Превышение скорости на 20-40 км/ч),4000,Не оплачен
3611,997,2026-02-03,Статья 12.19 ч.3 (Остановка на пешеходном переходе),2000,Не оплачен
3612,146,2026-05-26,Статья 12.16 ч.4 (Выезд на встречную полосу),1500,Не оплачен
3613,1108,2026-02-24,Статья 12.12 ч.1 (Проезд на красный свет),500,Оплачен
3614,132,2026-01-30,Статья 12.18 (Непредоставление преимущества пешеходу),4500,Не оплачен
3615,1155,2026-02-15,Статья 12.6 (Непристегнутый ремень безопасности),4000,Оплачен
3616,254,2026-02-01,Статья 12.19 ч.3 (Остановка на пешеходном переходе),5000,Оплачен
3617,4,2026-04-03,Статья 12.19 ч.3 (Остановка на пешеходном переходе),1500,Оплачен
3618,22,2026-01-22,Статья 12.6 (Непристегнутый ремень безопасности),2000,Оплачен
3619,632,2026-04-02,Статья 12.6 (Непристегнутый ремень безопасности),3000,Не оплачен
3620,560,2026-03-18,Статья 12.6 (Непристегнутый ремень безопасности),4500,Не оплачен
3621,447,2026-04-10,Статья 12.18 (Непредоставление преимущества пешеходу),4500,Не оплачен
3622,334,2026-02-01,Статья 12.18 (Непредоставление преимущества пешеходу),500,Не оплачен
3623,862,2026-01-08,Статья 12.16 ч.4 (Выезд на встречную полосу),5000,Не оплачен
3624,69,2026-04-19,Статья 12.16 ч.4 (Выезд на встречную полосу),3000,Оплачен
3625,19,2026-05-19,Статья 12.6 (Непристегнутый ремень безопасности),1000,Не оплачен
3626,43,2026-05-24,Статья 12.8 ч.1 (Управление ТС в состоянии опьянения),4000,Не оплачен
3627,1148,2026-03-18,Статья 12.9 ч.2 (Превышение скорости на 20-40 км/ч),5000,Оплачен
3628,715,2026-04-15,Статья 12.36.1 (Использование телефона за рулем),1000,Оплачен
3629,184,2026-01-07,Статья 12.16 ч.4 (Выезд на встречную полосу),4000,Оплачен
3630,65,2026-02-25,Статья 12.16 ч.4 (Выезд на встречную полосу),3500,Не оплачен
3631,652,2026-02-09,Статья 12.19 ч.3 (Остановка на пешеходном переходе),1500,Не оплачен
3632,1126,2026-04-04,Статья 12.16 ч.4 (Выезд на встречную полосу),3000,Не оплачен
3633,808,2026-01-02,Статья 12.8 ч.1 (Управление ТС в состоянии опьянения),1500,Не оплачен
3634,329,2026-01-29,Статья 12.6 (Непристегнутый ремень безопасности),1000,Не оплачен
3635,309,2026-02-08,Статья 12.12 ч.1 (Проезд на красный свет),1500,Не оплачен
3636,498,2026-02-21,Статья 12.36.1 (Использование телефона за рулем),5000,Не оплачен
3637,949,2026-05-03,Статья 12.6 (Непристегнутый ремень безопасности),5000,Не оплачен
3638,779,2026-03-08,Статья 12.18 (Непредоставление преимущества пешеходу),500,Не оплачен
3639,1050,2026-04-22,Статья 12.18 (Непредоставление преимущества пешеходу),5000,Оплачен
3640,1066,2026-05-04,Статья 12.8 ч.1 (Управление ТС в состоянии опьянения),1500,Оплачен
3641,140,2026-01-13,Статья 12.36.1 (Использование телефона за рулем),2500,Оплачен
3642,250,2026-05-04,Статья 12.16 ч.4 (Выезд на встречную полосу),3000,Не оплачен
3643,820,2026-04-24,Статья 12.16 ч.4 (Выезд на встречную полосу),4000,Не оплачен
3644,223,2026-04-17,Статья 12.18 (Непредоставление преимущества пешеходу),500,Не оплачен
3645,831,2026-04-28,Статья 12.6 (Непристегнутый ремень безопасности),3500,Оплачен
3646,1165,2026-04-28,Статья 12.8 ч.1 (Управление ТС в состоянии опьянения),3000,Не оплачен
3647,716,2026-05-24,Статья 12.9 ч.2 (Превышение скорости на 20-40 км/ч),500,Оплачен
3648,567,2026-02-08,Статья 12.19 ч.3 (Остановка на пешеходном переходе),4000,Не оплачен
3649,55,2026-05-14,Статья 12.16 ч.4 (Выезд на встречную полосу),3500,Оплачен
3650,1169,2026-04-25,Статья 12.6 (Непристегнутый ремень безопасности),500,Оплачен
3651,346,2026-06-01,Статья 12.12 ч.1 (Проезд на красный свет),4000,Не оплачен
3652,330,2026-04-07,Статья 12.19 ч.3 (Остановка на пешеходном переходе),3500,Оплачен
3653,598,2026-02-15,Статья 12.16 ч.4 (Выезд на встречную полосу),4500,Не оплачен
3654,253,2026-05-13,Статья 12.19 ч.3 (Остановка на пешеходном переходе),2000,Оплачен
3655,25,2026-05-30,Статья 12.16 ч.4 (Выезд на встречную полосу),1500,Не оплачен
3656,367,2026-03-27,Статья 12.6 (Непристегнутый ремень безопасности),1500,Оплачен
3657,1104,2026-05-15,Статья 12.12 ч.1 (Проезд на красный свет),2000,Не оплачен
3658,1079,2026-01-22,Статья 12.12 ч.1 (Проезд на красный свет),5000,Не оплачен
3659,991,2026-04-15,Статья 12.9 ч.2 (Превышение скорости на 20-40 км/ч),5000,Не оплачен
3660,1044,2026-04-01,Статья 12.12 ч.1 (Проезд на красный свет),2000,Не оплачен
3661,256,2026-02-12,Статья 12.36.1 (Использование телефона за рулем),3500,Оплачен
3662,93,2026-02-25,Статья 12.9 ч.2 (Превышение скорости на 20-40 км/ч),3500,Не оплачен
3663,994,2026-05-23,Статья 12.8 ч.1 (Управление ТС в состоянии опьянения),2000,Оплачен
3664,952,2026-01-14,Статья 12.6 (Непристегнутый ремень безопасности),4000,Оплачен
3665,791,2026-04-25,Статья 12.8 ч.1 (Управление ТС в состоянии опьянения),3000,Не оплачен
3666,741,2026-02-02,Статья 12.8 ч.1 (Управление ТС в состоянии опьянения),5000,Оплачен
3667,40,2026-05-07,Статья 12.8 ч.1 (Управление ТС в состоянии опьянения),4500,Не оплачен
3668,116,2026-05-03,Статья 12.6 (Непристегнутый ремень безопасности),500,Оплачен
3669,1186,2026-05-16,Статья 12.9 ч.2 (Превышение скорости на 20-40 км/ч),1000,Оплачен
3670,430,2026-03-28,Статья 12.18 (Непредоставление преимущества пешеходу),5000,Не оплачен
3671,1188,2026-02-13,Статья 12.6 (Непристегнутый ремень безопасности),1000,Оплачен
3672,755,2026-05-16,Статья 12.8 ч.1 (Управление ТС в состоянии опьянения),500,Не оплачен
3673,948,2026-02-14,Статья 12.9 ч.2 (Превышение скорости на 20-40 км/ч),1000,Оплачен
3674,74,2026-02-11,Статья 12.12 ч.1 (Проезд на красный свет),1500,Не оплачен
3675,708,2026-01-20,Статья 12.9 ч.2 (Превышение скорости на 20-40 км/ч),4500,Оплачен
3676,1,2026-05-08,Статья 12.8 ч.1 (Управление ТС в состоянии опьянения),500,Не оплачен
3677,357,2026-02-05,Статья 12.8 ч.1 (Управление ТС в состоянии опьянения),2000,Не оплачен
3678,122,2026-04-05,Статья 12.12 ч.1 (Проезд на красный свет),4000,Оплачен
3679,501,2026-03-29,Статья 12.8 ч.1 (Управление ТС в состоянии опьянения),3000,Оплачен
3680,782,2026-04-12,Статья 12.16 ч.4 (Выезд на встречную полосу),2000,Не оплачен
3681,353,2026-05-16,Статья 12.19 ч.3 (Остановка на пешеходном переходе),3000,Не оплачен
3682,818,2026-05-31,Статья 12.18 (Непредоставление преимущества пешеходу),4000,Оплачен
3683,775,2026-02-14,Статья 12.36.1 (Использование телефона за рулем),3000,Не оплачен
3684,563,2026-03-08,Статья 12.18 (Непредоставление преимущества пешеходу),4500,Оплачен
3685,1105,2026-05-27,Статья 12.16 ч.4 (Выезд на встречную полосу),5000,Не оплачен
3686,1038,2026-05-17,Статья 12.36.1 (Использование телефона за рулем),2000,Оплачен
3687,531,2026-04-02,Статья 12.8 ч.1 (Управление ТС в состоянии опьянения),4500,Не оплачен
3688,221,2026-05-19,Статья 12.9 ч.2 (Превышение скорости на 20-40 км/ч),500,Не оплачен
3689,676,2026-04-23,Статья 12.6 (Непристегнутый ремень безопасности),3000,Оплачен
3690,196,2026-01-01,Статья 12.18 (Непредоставление преимущества пешеходу),2000,Оплачен
3691,1136,2026-02-12,Статья 12.9 ч.2 (Превышение скорости на 20-40 км/ч),5000,Оплачен
3692,1190,2026-05-11,Статья 12.12 ч.1 (Проезд на красный свет),1500,Оплачен
3693,948,2026-05-06,Статья 12.19 ч.3 (Остановка на пешеходном переходе),2000,Оплачен
3694,1120,2026-02-21,Статья 12.36.1 (Использование телефона за рулем),3000,Не оплачен
3695,1167,2026-03-28,Статья 12.36.1 (Использование телефона за рулем),3500,Не оплачен
3696,1030,2026-05-01,Статья 12.9 ч.2 (Превышение скорости на 20-40 км/ч),3500,Не оплачен
3697,633,2026-02-16,Статья 12.16 ч.4 (Выезд на встречную полосу),2000,Не оплачен
3698,237,2026-03-09,Статья 12.16 ч.4 (Выезд на встречную полосу),5000,Оплачен
3699,960,2026-04-10,Статья 12.9 ч.2 (Превышение скорости на 20-40 км/ч),4500,Оплачен
3700,67,2026-02-27,Статья 12.19 ч.3 (Остановка на пешеходном переходе),3500,Оплачен
3701,250,2026-02-13,Статья 12.16 ч.4 (Выезд на встречную полосу),2000,Не оплачен
3702,998,2026-05-15,Статья 12.6 (Непристегнутый ремень безопасности),2000,Оплачен
3703,384,2026-01-30,Статья 12.19 ч.3 (Остановка на пешеходном переходе),3000,Оплачен
3704,35,2026-03-26,Статья 12.19 ч.3 (Остановка на пешеходном переходе),1000,Не оплачен
3705,497,2026-01-26,Статья 12.12 ч.1 (Проезд на красный свет),3500,Не оплачен
3706,1141,2026-04-12,Статья 12.6 (Непристегнутый ремень безопасности),4000,Оплачен
3707,203,2026-01-10,Статья 12.8 ч.1 (Управление ТС в состоянии опьянения),1500,Не оплачен
3708,1194,2026-06-01,Статья 12.18 (Непредоставление преимущества пешеходу),2000,Не оплачен
3709,1089,2026-05-31,Статья 12.6 (Непристегнутый ремень безопасности),3000,Оплачен
3710,36,2026-04-20,Статья 12.12 ч.1 (Проезд на красный свет),5000,Не оплачен
3711,760,2026-03-27,Статья 12.18 (Непредоставление преимущества пешеходу),3500,Оплачен
3712,64,2026-01-25,Статья 12.8 ч.1 (Управление ТС в состоянии опьянения),3500,Оплачен
3713,268,2026-01-16,Статья 12.36.1 (Использование телефона за рулем),1500,Не оплачен
3714,606,2026-01-16,Статья 12.6 (Непристегнутый ремень безопасности),4500,Оплачен
3715,319,2026-05-13,Статья 12.36.1 (Использование телефона за рулем),3500,Оплачен
3716,145,2026-03-18,Статья 12.19 ч.3 (Остановка на пешеходном переходе),1000,Оплачен
3717,1055,2026-04-21,Статья 12.16 ч.4 (Выезд на встречную полосу),2500,Не оплачен
3718,17,2026-02-12,Статья 12.12 ч.1 (Проезд на красный свет),500,Оплачен
3719,537,2026-01-25,Статья 12.12 ч.1 (Проезд на красный свет),2500,Не оплачен
3720,362,2026-05-30,Статья 12.16 ч.4 (Выезд на встречную полосу),1500,Оплачен
3721,32,2026-05-27,Статья 12.36.1 (Использование телефона за рулем),3000,Оплачен
3722,814,2026-03-07,Статья 12.9 ч.2 (Превышение скорости на 20-40 км/ч),2000,Оплачен
3723,648,2026-05-16,Статья 12.36.1 (Использование телефона за рулем),1500,Оплачен
3724,762,2026-02-26,Статья 12.18 (Непредоставление преимущества пешеходу),3000,Оплачен
3725,847,2026-05-17,Статья 12.36.1 (Использование телефона за рулем),4500,Не оплачен
3726,720,2026-02-26,Статья 12.6 (Непристегнутый ремень безопасности),3500,Не оплачен
3727,689,2026-02-03,Статья 12.8 ч.1 (Управление ТС в состоянии опьянения),5000,Не оплачен
3728,620,2026-04-06,Статья 12.19 ч.3 (Остановка на пешеходном переходе),3000,Оплачен
3729,976,2026-05-12,Статья 12.16 ч.4 (Выезд на встречную полосу),1500,Оплачен
3730,13,2026-01-01,Статья 12.6 (Непристегнутый ремень безопасности),2000,Оплачен
3731,311,2026-05-23,Статья 12.9 ч.2 (Превышение скорости на 20-40 км/ч),4500,Оплачен
3732,1144,2026-02-14,Статья 12.36.1 (Использование телефона за рулем),4500,Оплачен
3733,181,2026-04-14,Статья 12.19 ч.3 (Остановка на пешеходном переходе),1500,Оплачен
3734,370,2026-01-30,Статья 12.6 (Непристегнутый ремень безопасности),4000,Не оплачен
3735,681,2026-02-18,Статья 12.19 ч.3 (Остановка на пешеходном переходе),3500,Оплачен
3736,596,2026-05-10,Статья 12.36.1 (Использование телефона за рулем),5000,Не оплачен
3737,429,2026-01-07,Статья 12.6 (Непристегнутый ремень безопасности),1500,Не оплачен
3738,611,2026-02-22,Статья 12.8 ч.1 (Управление ТС в состоянии опьянения),4500,Не оплачен
3739,27,2026-05-05,Статья 12.16 ч.4 (Выезд на встречную полосу),4000,Оплачен
3740,95,2026-01-02,Статья 12.8 ч.1 (Управление ТС в состоянии опьянения),4000,Не оплачен
3741,211,2026-04-12,Статья 12.12 ч.1 (Проезд на красный свет),3000,Не оплачен
3742,546,2026-04-06,Статья 12.6 (Непристегнутый ремень безопасности),4500,Оплачен
3743,111,2026-05-08,Статья 12.16 ч.4 (Выезд на встречную полосу),1500,Не оплачен
3744,355,2026-04-26,Статья 12.18 (Непредоставление преимущества пешеходу),500,Оплачен
3745,1022,2026-04-20,Статья 12.16 ч.4 (Выезд на встречную полосу),1000,Не оплачен
3746,1162,2026-03-28,Статья 12.9 ч.2 (Превышение скорости на 20-40 км/ч),1500,Не оплачен
3747,466,2026-05-10,Статья 12.16 ч.4 (Выезд на встречную полосу),4000,Не оплачен
3748,857,2026-02-10,Статья 12.9 ч.2 (Превышение скорости на 20-40 км/ч),4000,Не оплачен
3749,780,2026-03-01,Статья 12.12 ч.1 (Проезд на красный свет),2500,Оплачен
3750,48,2026-04-21,Статья 12.19 ч.3 (Остановка на пешеходном переходе),2500,Не оплачен
3751,983,2026-03-09,Статья 12.9 ч.2 (Превышение скорости на 20-40 км/ч),4000,Оплачен
3752,857,2026-02-02,Статья 12.9 ч.2 (Превышение скорости на 20-40 км/ч),3500,Не оплачен
3753,116,2026-04-05,Статья 12.19 ч.3 (Остановка на пешеходном переходе),4000,Оплачен
3754,566,2026-05-29,Статья 12.8 ч.1 (Управление ТС в состоянии опьянения),1500,Не оплачен
3755,1064,2026-04-15,Статья 12.9 ч.2 (Превышение скорости на 20-40 км/ч),4500,Оплачен
3756,297,2026-01-30,Статья 12.16 ч.4 (Выезд на встречную полосу),3500,Оплачен
3757,2,2026-04-14,Статья 12.16 ч.4 (Выезд на встречную полосу),2000,Не оплачен
3758,262,2026-04-04,Статья 12.18 (Непредоставление преимущества пешеходу),1500,Не оплачен
3759,128,2026-05-04,Статья 12.19 ч.3 (Остановка на пешеходном переходе),4500,Оплачен
3760,835,2026-02-26,Статья 12.12 ч.1 (Проезд на красный свет),3000,Не оплачен
3761,505,2026-03-14,Статья 12.6 (Непристегнутый ремень безопасности),5000,Не оплачен
3762,503,2026-03-11,Статья 12.12 ч.1 (Проезд на красный свет),3000,Не оплачен
3763,881,2026-04-17,Статья 12.6 (Непристегнутый ремень безопасности),3000,Оплачен
3764,917,2026-04-10,Статья 12.6 (Непристегнутый ремень безопасности),4000,Не оплачен
3765,632,2026-01-19,Статья 12.36.1 (Использование телефона за рулем),500,Оплачен
3766,1115,2026-05-05,Статья 12.16 ч.4 (Выезд на встречную полосу),1000,Оплачен
3767,477,2026-03-06,Статья 12.16 ч.4 (Выезд на встречную полосу),1500,Оплачен
3768,834,2026-05-05,Статья 12.12 ч.1 (Проезд на красный свет),1000,Не оплачен
3769,600,2026-03-05,Статья 12.6 (Непристегнутый ремень безопасности),1500,Оплачен
3770,930,2026-03-01,Статья 12.6 (Непристегнутый ремень безопасности),500,Не оплачен
3771,488,2026-02-17,Статья 12.16 ч.4 (Выезд на встречную полосу),1500,Оплачен
3772,431,2026-03-12,Статья 12.18 (Непредоставление преимущества пешеходу),2000,Не оплачен
3773,1073,2026-02-17,Статья 12.6 (Непристегнутый ремень безопасности),3500,Не оплачен
3774,411,2026-03-02,Статья 12.18 (Непредоставление преимущества пешеходу),5000,Не оплачен
3775,369,2026-02-07,Статья 12.12 ч.1 (Проезд на красный свет),1500,Не оплачен
3776,788,2026-02-24,Статья 12.9 ч.2 (Превышение скорости на 20-40 км/ч),3500,Оплачен
3777,190,2026-03-19,Статья 12.16 ч.4 (Выезд на встречную полосу),4000,Не оплачен
3778,959,2026-01-18,Статья 12.8 ч.1 (Управление ТС в состоянии опьянения),4000,Оплачен
3779,955,2026-01-18,Статья 12.18 (Непредоставление преимущества пешеходу),1500,Не оплачен
3780,879,2026-01-09,Статья 12.9 ч.2 (Превышение скорости на 20-40 км/ч),5000,Не оплачен
3781,1031,2026-03-28,Статья 12.16 ч.4 (Выезд на встречную полосу),1500,Оплачен
3782,285,2026-03-04,Статья 12.9 ч.2 (Превышение скорости на 20-40 км/ч),1000,Не оплачен
3783,423,2026-03-28,Статья 12.19 ч.3 (Остановка на пешеходном переходе),1500,Оплачен
3784,627,2026-04-02,Статья 12.19 ч.3 (Остановка на пешеходном переходе),4500,Не оплачен
3785,986,2026-04-04,Статья 12.6 (Непристегнутый ремень безопасности),1500,Не оплачен
3786,312,2026-05-28,Статья 12.8 ч.1 (Управление ТС в состоянии опьянения),5000,Не оплачен
3787,987,2026-02-12,Статья 12.19 ч.3 (Остановка на пешеходном переходе),2000,Не оплачен
3788,1159,2026-03-30,Статья 12.18 (Непредоставление преимущества пешеходу),1500,Оплачен
3789,112,2026-03-03,Статья 12.12 ч.1 (Проезд на красный свет),2000,Не оплачен
3790,738,2026-01-24,Статья 12.8 ч.1 (Управление ТС в состоянии опьянения),3000,Не оплачен
3791,372,2026-02-17,Статья 12.19 ч.3 (Остановка на пешеходном переходе),2500,Не оплачен
3792,676,2026-01-31,Статья 12.12 ч.1 (Проезд на красный свет),1000,Оплачен
3793,295,2026-04-02,Статья 12.6 (Непристегнутый ремень безопасности),2500,Не оплачен
3794,535,2026-01-27,Статья 12.6 (Непристегнутый ремень безопасности),2000,Оплачен
3795,299,2026-05-19,Статья 12.9 ч.2 (Превышение скорости на 20-40 км/ч),5000,Оплачен
3796,513,2026-01-13,Статья 12.9 ч.2 (Превышение скорости на 20-40 км/ч),1500,Не оплачен
3797,139,2026-03-05,Статья 12.9 ч.2 (Превышение скорости на 20-40 км/ч),4500,Оплачен
3798,779,2026-04-19,Статья 12.6 (Непристегнутый ремень безопасности),2000,Не оплачен
3799,346,2026-02-01,Статья 12.19 ч.3 (Остановка на пешеходном переходе),4000,Оплачен
3800,717,2026-03-17,Статья 12.18 (Непредоставление преимущества пешеходу),4500,Не оплачен
3801,495,2026-04-28,Статья 12.16 ч.4 (Выезд на встречную полосу),1000,Не оплачен
3802,399,2026-03-09,Статья 12.36.1 (Использование телефона за рулем),5000,Не оплачен
3803,240,2026-04-06,Статья 12.16 ч.4 (Выезд на встречную полосу),3000,Не оплачен
3804,100,2026-01-11,Статья 12.18 (Непредоставление преимущества пешеходу),1000,Не оплачен
3805,483,2026-04-23,Статья 12.8 ч.1 (Управление ТС в состоянии опьянения),3000,Не оплачен
3806,937,2026-02-03,Статья 12.12 ч.1 (Проезд на красный свет),1000,Оплачен
3807,104,2026-02-07,Статья 12.18 (Непредоставление преимущества пешеходу),500,Оплачен
3808,1058,2026-04-23,Статья 12.18 (Непредоставление преимущества пешеходу),2500,Оплачен
3809,960,2026-01-09,Статья 12.18 (Непредоставление преимущества пешеходу),2500,Не оплачен
3810,773,2026-01-09,Статья 12.19 ч.3 (Остановка на пешеходном переходе),2000,Не оплачен
3811,944,2026-03-13,Статья 12.6 (Непристегнутый ремень безопасности),2500,Оплачен
3812,474,2026-03-23,Статья 12.6 (Непристегнутый ремень безопасности),500,Не оплачен
3813,926,2026-03-06,Статья 12.9 ч.2 (Превышение скорости на 20-40 км/ч),500,Не оплачен
3814,960,2026-02-28,Статья 12.9 ч.2 (Превышение скорости на 20-40 км/ч),1500,Оплачен
3815,351,2026-04-14,Статья 12.36.1 (Использование телефона за рулем),1000,Оплачен
3816,685,2026-02-25,Статья 12.6 (Непристегнутый ремень безопасности),3500,Оплачен
3817,347,2026-02-12,Статья 12.8 ч.1 (Управление ТС в состоянии опьянения),2500,Не оплачен
3818,1018,2026-06-01,Статья 12.12 ч.1 (Проезд на красный свет),4000,Не оплачен
3819,315,2026-01-06,Статья 12.19 ч.3 (Остановка на пешеходном переходе),3000,Не оплачен
3820,853,2026-02-19,Статья 12.19 ч.3 (Остановка на пешеходном переходе),1500,Оплачен
3821,1034,2026-03-25,Статья 12.16 ч.4 (Выезд на встречную полосу),4500,Не оплачен
3822,346,2026-04-16,Статья 12.18 (Непредоставление преимущества пешеходу),500,Не оплачен
3823,65,2026-05-28,Статья 12.16 ч.4 (Выезд на встречную полосу),500,Не оплачен
3824,270,2026-03-07,Статья 12.19 ч.3 (Остановка на пешеходном переходе),3000,Не оплачен
3825,1144,2026-04-23,Статья 12.16 ч.4 (Выезд на встречную полосу),2000,Оплачен
3826,78,2026-04-11,Статья 12.8 ч.1 (Управление ТС в состоянии опьянения),2500,Оплачен
3827,1084,2026-02-25,Статья 12.8 ч.1 (Управление ТС в состоянии опьянения),3500,Не оплачен
3828,26,2026-02-17,Статья 12.19 ч.3 (Остановка на пешеходном переходе),2000,Оплачен
3829,903,2026-04-20,Статья 12.36.1 (Использование телефона за рулем),5000,Оплачен
3830,646,2026-03-24,Статья 12.8 ч.1 (Управление ТС в состоянии опьянения),4500,Не оплачен
3831,842,2026-05-19,Статья 12.18 (Непредоставление преимущества пешеходу),2500,Не оплачен
3832,332,2026-01-09,Статья 12.8 ч.1 (Управление ТС в состоянии опьянения),3500,Оплачен
3833,1120,2026-04-14,Статья 12.16 ч.4 (Выезд на встречную полосу),2000,Не оплачен
3834,23,2026-01-17,Статья 12.19 ч.3 (Остановка на пешеходном переходе),1000,Не оплачен
3835,395,2026-05-09,Статья 12.6 (Непристегнутый ремень безопасности),1500,Не оплачен
3836,422,2026-02-28,Статья 12.36.1 (Использование телефона за рулем),2500,Не оплачен
3837,588,2026-03-26,Статья 12.36.1 (Использование телефона за рулем),5000,Оплачен
3838,694,2026-05-10,Статья 12.16 ч.4 (Выезд на встречную полосу),5000,Оплачен
3839,877,2026-02-27,Статья 12.12 ч.1 (Проезд на красный свет),3000,Оплачен
3840,1094,2026-05-27,Статья 12.8 ч.1 (Управление ТС в состоянии опьянения),2500,Оплачен
3841,698,2026-04-12,Статья 12.12 ч.1 (Проезд на красный свет),5000,Не оплачен
3842,179,2026-02-26,Статья 12.36.1 (Использование телефона за рулем),3000,Оплачен
3843,107,2026-03-10,Статья 12.18 (Непредоставление преимущества пешеходу),3500,Не оплачен
3844,469,2026-03-01,Статья 12.6 (Непристегнутый ремень безопасности),2000,Не оплачен
3845,184,2026-03-07,Статья 12.8 ч.1 (Управление ТС в состоянии опьянения),3000,Не оплачен
3846,798,2026-05-08,Статья 12.19 ч.3 (Остановка на пешеходном переходе),4500,Не оплачен
3847,783,2026-01-31,Статья 12.19 ч.3 (Остановка на пешеходном переходе),2000,Не оплачен
3848,1070,2026-02-27,Статья 12.9 ч.2 (Превышение скорости на 20-40 км/ч),5000,Не оплачен
3849,607,2026-05-14,Статья 12.36.1 (Использование телефона за рулем),500,Не оплачен
3850,103,2026-04-11,Статья 12.16 ч.4 (Выезд на встречную полосу),4000,Не оплачен
3851,15,2026-05-14,Статья 12.16 ч.4 (Выезд на встречную полосу),2000,Не оплачен
3852,589,2026-01-20,Статья 12.18 (Непредоставление преимущества пешеходу),4000,Не оплачен
3853,908,2026-04-29,Статья 12.18 (Непредоставление преимущества пешеходу),1000,Не оплачен
3854,1007,2026-03-03,Статья 12.36.1 (Использование телефона за рулем),5000,Оплачен
3855,887,2026-01-22,Статья 12.6 (Непристегнутый ремень безопасности),2500,Оплачен
3856,611,2026-01-15,Статья 12.16 ч.4 (Выезд на встречную полосу),2500,Оплачен
3857,295,2026-04-05,Статья 12.6 (Непристегнутый ремень безопасности),1000,Оплачен
3858,616,2026-04-06,Статья 12.6 (Непристегнутый ремень безопасности),2000,Оплачен
3859,211,2026-01-14,Статья 12.16 ч.4 (Выезд на встречную полосу),2000,Оплачен
3860,447,2026-02-04,Статья 12.18 (Непредоставление преимущества пешеходу),3000,Оплачен
3861,701,2026-02-28,Статья 12.16 ч.4 (Выезд на встречную полосу),1000,Оплачен
3862,660,2026-05-25,Статья 12.18 (Непредоставление преимущества пешеходу),500,Не оплачен
3863,634,2026-05-29,Статья 12.36.1 (Использование телефона за рулем),2500,Не оплачен
3864,1010,2026-03-05,Статья 12.12 ч.1 (Проезд на красный свет),4500,Не оплачен
3865,1118,2026-02-05,Статья 12.19 ч.3 (Остановка на пешеходном переходе),4500,Не оплачен
3866,123,2026-04-03,Статья 12.36.1 (Использование телефона за рулем),1000,Оплачен
3867,954,2026-02-27,Статья 12.6 (Непристегнутый ремень безопасности),1000,Оплачен
3868,703,2026-04-14,Статья 12.36.1 (Использование телефона за рулем),3000,Не оплачен
3869,223,2026-05-08,Статья 12.8 ч.1 (Управление ТС в состоянии опьянения),2500,Оплачен
3870,346,2026-05-22,Статья 12.36.1 (Использование телефона за рулем),4000,Не оплачен
3871,698,2026-05-18,Статья 12.18 (Непредоставление преимущества пешеходу),2000,Не оплачен
3872,476,2026-03-17,Статья 12.16 ч.4 (Выезд на встречную полосу),4000,Не оплачен
3873,369,2026-03-17,Статья 12.6 (Непристегнутый ремень безопасности),500,Не оплачен
3874,556,2026-01-25,Статья 12.16 ч.4 (Выезд на встречную полосу),4000,Оплачен
3875,63,2026-04-30,Статья 12.12 ч.1 (Проезд на красный свет),1000,Оплачен
3876,1056,2026-01-30,Статья 12.18 (Непредоставление преимущества пешеходу),1000,Не оплачен
3877,558,2026-02-26,Статья 12.36.1 (Использование телефона за рулем),3000,Не оплачен
3878,74,2026-03-09,Статья 12.19 ч.3 (Остановка на пешеходном переходе),4500,Оплачен
3879,174,2026-01-12,Статья 12.19 ч.3 (Остановка на пешеходном переходе),3500,Оплачен
3880,1114,2026-02-09,Статья 12.8 ч.1 (Управление ТС в состоянии опьянения),4000,Не оплачен
3881,537,2026-04-17,Статья 12.19 ч.3 (Остановка на пешеходном переходе),3500,Оплачен
3882,1047,2026-03-04,Статья 12.16 ч.4 (Выезд на встречную полосу),4500,Оплачен
3883,340,2026-04-16,Статья 12.16 ч.4 (Выезд на встречную полосу),4500,Оплачен
3884,48,2026-04-23,Статья 12.16 ч.4 (Выезд на встречную полосу),3000,Оплачен
3885,783,2026-05-26,Статья 12.6 (Непристегнутый ремень безопасности),4000,Оплачен
3886,65,2026-04-06,Статья 12.9 ч.2 (Превышение скорости на 20-40 км/ч),3000,Не оплачен
3887,902,2026-03-05,Статья 12.36.1 (Использование телефона за рулем),5000,Не оплачен
3888,720,2026-01-05,Статья 12.19 ч.3 (Остановка на пешеходном переходе),3000,Оплачен
3889,886,2026-01-24,Статья 12.16 ч.4 (Выезд на встречную полосу),1000,Не оплачен
3890,810,2026-03-02,Статья 12.19 ч.3 (Остановка на пешеходном переходе),2000,Оплачен
3891,996,2026-05-24,Статья 12.36.1 (Использование телефона за рулем),3500,Не оплачен
3892,910,2026-04-11,Статья 12.36.1 (Использование телефона за рулем),1500,Не оплачен
3893,254,2026-05-27,Статья 12.6 (Непристегнутый ремень безопасности),1500,Не оплачен
3894,540,2026-05-05,Статья 12.18 (Непредоставление преимущества пешеходу),4500,Не оплачен
3895,761,2026-02-08,Статья 12.19 ч.3 (Остановка на пешеходном переходе),500,Оплачен
3896,616,2026-05-20,Статья 12.8 ч.1 (Управление ТС в состоянии опьянения),4500,Не оплачен
3897,10,2026-04-18,Статья 12.9 ч.2 (Превышение скорости на 20-40 км/ч),3500,Не оплачен
3898,647,2026-05-04,Статья 12.19 ч.3 (Остановка на пешеходном переходе),2500,Не оплачен
3899,467,2026-02-21,Статья 12.18 (Непредоставление преимущества пешеходу),2000,Не оплачен
3900,504,2026-03-10,Статья 12.36.1 (Использование телефона за рулем),1000,Не оплачен
3901,676,2026-02-10,Статья 12.19 ч.3 (Остановка на пешеходном переходе),2500,Оплачен
3902,1163,2026-02-09,Статья 12.9 ч.2 (Превышение скорости на 20-40 км/ч),1000,Оплачен
3903,386,2026-05-30,Статья 12.19 ч.3 (Остановка на пешеходном переходе),4500,Не оплачен
3904,733,2026-03-11,Статья 12.18 (Непредоставление преимущества пешеходу),500,Не оплачен
3905,917,2026-02-11,Статья 12.19 ч.3 (Остановка на пешеходном переходе),2000,Оплачен
3906,1127,2026-04-20,Статья 12.19 ч.3 (Остановка на пешеходном переходе),3000,Оплачен
3907,123,2026-01-28,Статья 12.19 ч.3 (Остановка на пешеходном переходе),4500,Не оплачен
3908,555,2026-01-15,Статья 12.16 ч.4 (Выезд на встречную полосу),1000,Оплачен
3909,1100,2026-05-02,Статья 12.18 (Непредоставление преимущества пешеходу),2500,Не оплачен
3910,524,2026-04-07,Статья 12.6 (Непристегнутый ремень безопасности),1500,Не оплачен
3911,1072,2026-01-04,Статья 12.12 ч.1 (Проезд на красный свет),4000,Не оплачен
3912,1035,2026-04-01,Статья 12.18 (Непредоставление преимущества пешеходу),4000,Оплачен
3913,614,2026-05-20,Статья 12.16 ч.4 (Выезд на встречную полосу),1500,Оплачен
3914,1147,2026-05-20,Статья 12.36.1 (Использование телефона за рулем),2500,Оплачен
3915,760,2026-03-14,Статья 12.9 ч.2 (Превышение скорости на 20-40 км/ч),5000,Не оплачен
3916,433,2026-05-03,Статья 12.12 ч.1 (Проезд на красный свет),5000,Не оплачен
3917,987,2026-05-27,Статья 12.8 ч.1 (Управление ТС в состоянии опьянения),4500,Оплачен
3918,1076,2026-02-07,Статья 12.12 ч.1 (Проезд на красный свет),1000,Оплачен
3919,384,2026-03-20,Статья 12.36.1 (Использование телефона за рулем),4000,Не оплачен
3920,54,2026-04-26,Статья 12.16 ч.4 (Выезд на встречную полосу),2500,Оплачен
3921,720,2026-03-16,Статья 12.6 (Непристегнутый ремень безопасности),2000,Оплачен
3922,1102,2026-01-02,Статья 12.6 (Непристегнутый ремень безопасности),1000,Оплачен
3923,571,2026-04-07,Статья 12.36.1 (Использование телефона за рулем),2000,Оплачен
3924,835,2026-04-24,Статья 12.36.1 (Использование телефона за рулем),2000,Не оплачен
3925,791,2026-02-23,Статья 12.18 (Непредоставление преимущества пешеходу),2500,Оплачен
3926,677,2026-04-27,Статья 12.19 ч.3 (Остановка на пешеходном переходе),4500,Оплачен
3927,730,2026-05-28,Статья 12.18 (Непредоставление преимущества пешеходу),3000,Не оплачен
3928,566,2026-01-02,Статья 12.8 ч.1 (Управление ТС в состоянии опьянения),1000,Не оплачен
3929,83,2026-01-30,Статья 12.18 (Непредоставление преимущества пешеходу),3000,Не оплачен
3930,204,2026-02-07,Статья 12.16 ч.4 (Выезд на встречную полосу),2500,Не оплачен
3931,1097,2026-05-30,Статья 12.12 ч.1 (Проезд на красный свет),2500,Не оплачен
3932,734,2026-04-12,Статья 12.8 ч.1 (Управление ТС в состоянии опьянения),1500,Оплачен
3933,792,2026-03-22,Статья 12.8 ч.1 (Управление ТС в состоянии опьянения),4500,Оплачен
3934,166,2026-02-19,Статья 12.36.1 (Использование телефона за рулем),1000,Не оплачен
3935,982,2026-04-02,Статья 12.16 ч.4 (Выезд на встречную полосу),1500,Не оплачен
3936,244,2026-01-31,Статья 12.12 ч.1 (Проезд на красный свет),4500,Оплачен
3937,540,2026-04-13,Статья 12.9 ч.2 (Превышение скорости на 20-40 км/ч),4500,Оплачен
3938,695,2026-01-09,Статья 12.16 ч.4 (Выезд на встречную полосу),2000,Не оплачен
3939,589,2026-03-28,Статья 12.12 ч.1 (Проезд на красный свет),2500,Оплачен
3940,155,2026-04-15,Статья 12.8 ч.1 (Управление ТС в состоянии опьянения),5000,Не оплачен
3941,610,2026-02-16,Статья 12.9 ч.2 (Превышение скорости на 20-40 км/ч),1000,Оплачен
3942,1182,2026-04-04,Статья 12.12 ч.1 (Проезд на красный свет),3500,Не оплачен
3943,1111,2026-05-25,Статья 12.18 (Непредоставление преимущества пешеходу),3500,Оплачен
3944,986,2026-02-25,Статья 12.18 (Непредоставление преимущества пешеходу),3500,Оплачен
3945,957,2026-04-23,Статья 12.19 ч.3 (Остановка на пешеходном переходе),3000,Оплачен
3946,80,2026-01-14,Статья 12.8 ч.1 (Управление ТС в состоянии опьянения),1500,Не оплачен
3947,67,2026-01-07,Статья 12.6 (Непристегнутый ремень безопасности),3500,Не оплачен
3948,415,2026-01-30,Статья 12.8 ч.1 (Управление ТС в состоянии опьянения),2500,Не оплачен
3949,935,2026-05-24,Статья 12.16 ч.4 (Выезд на встречную полосу),2000,Оплачен
3950,841,2026-05-07,Статья 12.6 (Непристегнутый ремень безопасности),1500,Оплачен
3951,45,2026-03-31,Статья 12.36.1 (Использование телефона за рулем),5000,Не оплачен
3952,380,2026-05-13,Статья 12.8 ч.1 (Управление ТС в состоянии опьянения),500,Не оплачен
3953,528,2026-03-22,Статья 12.6 (Непристегнутый ремень безопасности),4000,Оплачен
3954,783,2026-02-02,Статья 12.19 ч.3 (Остановка на пешеходном переходе),1000,Не оплачен
3955,691,2026-04-16,Статья 12.9 ч.2 (Превышение скорости на 20-40 км/ч),2500,Не оплачен
3956,343,2026-04-27,Статья 12.16 ч.4 (Выезд на встречную полосу),1500,Оплачен
3957,377,2026-05-22,Статья 12.12 ч.1 (Проезд на красный свет),1500,Не оплачен
3958,404,2026-01-09,Статья 12.18 (Непредоставление преимущества пешеходу),5000,Оплачен
3959,922,2026-02-15,Статья 12.19 ч.3 (Остановка на пешеходном переходе),3000,Оплачен
3960,574,2026-02-10,Статья 12.19 ч.3 (Остановка на пешеходном переходе),1000,Не оплачен
3961,632,2026-05-22,Статья 12.18 (Непредоставление преимущества пешеходу),2000,Не оплачен
3962,913,2026-01-12,Статья 12.36.1 (Использование телефона за рулем),4000,Не оплачен
3963,1100,2026-03-03,Статья 12.36.1 (Использование телефона за рулем),500,Не оплачен
3964,713,2026-04-08,Статья 12.6 (Непристегнутый ремень безопасности),2000,Не оплачен
3965,270,2026-04-13,Статья 12.8 ч.1 (Управление ТС в состоянии опьянения),3500,Не оплачен
3966,738,2026-01-31,Статья 12.8 ч.1 (Управление ТС в состоянии опьянения),500,Не оплачен
3967,1119,2026-01-01,Статья 12.9 ч.2 (Превышение скорости на 20-40 км/ч),3500,Не оплачен
3968,555,2026-01-31,Статья 12.12 ч.1 (Проезд на красный свет),1000,Оплачен
3969,320,2026-02-13,Статья 12.16 ч.4 (Выезд на встречную полосу),2500,Не оплачен
3970,369,2026-02-23,Статья 12.36.1 (Использование телефона за рулем),5000,Оплачен
3971,764,2026-03-29,Статья 12.8 ч.1 (Управление ТС в состоянии опьянения),2500,Не оплачен
3972,484,2026-03-05,Статья 12.6 (Непристегнутый ремень безопасности),500,Не оплачен
3973,282,2026-04-06,Статья 12.16 ч.4 (Выезд на встречную полосу),3500,Не оплачен
3974,440,2026-04-25,Статья 12.18 (Непредоставление преимущества пешеходу),2500,Не оплачен
3975,576,2026-05-09,Статья 12.18 (Непредоставление преимущества пешеходу),2000,Не оплачен
3976,920,2026-01-02,Статья 12.12 ч.1 (Проезд на красный свет),5000,Оплачен
3977,920,2026-04-30,Статья 12.36.1 (Использование телефона за рулем),3000,Оплачен
3978,1,2026-04-30,Статья 12.16 ч.4 (Выезд на встречную полосу),3500,Не оплачен
3979,390,2026-03-20,Статья 12.9 ч.2 (Превышение скорости на 20-40 км/ч),1500,Не оплачен
3980,224,2026-05-20,Статья 12.19 ч.3 (Остановка на пешеходном переходе),5000,Не оплачен
3981,705,2026-02-17,Статья 12.16 ч.4 (Выезд на встречную полосу),2500,Не оплачен
3982,227,2026-04-10,Статья 12.19 ч.3 (Остановка на пешеходном переходе),3500,Оплачен
3983,453,2026-05-17,Статья 12.8 ч.1 (Управление ТС в состоянии опьянения),1000,Оплачен
3984,834,2026-06-01,Статья 12.19 ч.3 (Остановка на пешеходном переходе),2000,Не оплачен
3985,471,2026-04-14,Статья 12.9 ч.2 (Превышение скорости на 20-40 км/ч),500,Не оплачен
3986,370,2026-03-21,Статья 12.9 ч.2 (Превышение скорости на 20-40 км/ч),500,Не оплачен
3987,761,2026-04-19,Статья 12.9 ч.2 (Превышение скорости на 20-40 км/ч),3000,Оплачен
3988,301,2026-02-24,Статья 12.19 ч.3 (Остановка на пешеходном переходе),3000,Не оплачен
3989,236,2026-04-18,Статья 12.9 ч.2 (Превышение скорости на 20-40 км/ч),3500,Не оплачен
3990,1040,2026-02-08,Статья 12.18 (Непредоставление преимущества пешеходу),2000,Оплачен
3991,226,2026-04-20,Статья 12.12 ч.1 (Проезд на красный свет),1000,Не оплачен
3992,485,2026-01-09,Статья 12.36.1 (Использование телефона за рулем),3500,Не оплачен
3993,20,2026-02-15,Статья 12.18 (Непредоставление преимущества пешеходу),1500,Оплачен
3994,334,2026-03-31,Статья 12.6 (Непристегнутый ремень безопасности),1000,Оплачен
3995,65,2026-03-18,Статья 12.36.1 (Использование телефона за рулем),4000,Оплачен
3996,915,2026-01-11,Статья 12.36.1 (Использование телефона за рулем),4500,Не оплачен
3997,459,2026-02-02,Статья 12.8 ч.1 (Управление ТС в состоянии опьянения),3500,Оплачен
3998,732,2026-04-02,Статья 12.19 ч.3 (Остановка на пешеходном переходе),3000,Не оплачен
3999,1162,2026-04-26,Статья 12.16 ч.4 (Выезд на встречную полосу),4500,Оплачен
4000,1192,2026-03-11,Статья 12.12 ч.1 (Проезд на красный свет),3000,Оплачен
4001,888,2026-04-15,Статья 12.8 ч.1 (Управление ТС в состоянии опьянения),2000,Не оплачен
4002,1045,2026-02-21,Статья 12.6 (Непристегнутый ремень безопасности),3500,Не оплачен
4003,473,2026-02-12,Статья 12.16 ч.4 (Выезд на встречную полосу),1000,Не оплачен
4004,96,2026-05-12,Статья 12.8 ч.1 (Управление ТС в состоянии опьянения),4500,Оплачен
4005,137,2026-02-09,Статья 12.19 ч.3 (Остановка на пешеходном переходе),3500,Не оплачен
4006,354,2026-02-10,Статья 12.12 ч.1 (Проезд на красный свет),3000,Не оплачен
4007,343,2026-04-30,Статья 12.36.1 (Использование телефона за рулем),4500,Не оплачен
4008,1130,2026-03-24,Статья 12.19 ч.3 (Остановка на пешеходном переходе),3500,Оплачен
4009,120,2026-04-24,Статья 12.12 ч.1 (Проезд на красный свет),1000,Оплачен
4010,1009,2026-04-29,Статья 12.9 ч.2 (Превышение скорости на 20-40 км/ч),2500,Не оплачен
4011,8,2026-01-04,Статья 12.16 ч.4 (Выезд на встречную полосу),1500,Оплачен
4012,810,2026-05-11,Статья 12.12 ч.1 (Проезд на красный свет),2500,Оплачен
4013,154,2026-03-08,Статья 12.9 ч.2 (Превышение скорости на 20-40 км/ч),1500,Не оплачен
4014,1049,2026-05-04,Статья 12.19 ч.3 (Остановка на пешеходном переходе),1000,Не оплачен
4015,531,2026-04-10,Статья 12.8 ч.1 (Управление ТС в состоянии опьянения),5000,Не оплачен
4016,537,2026-05-27,Статья 12.12 ч.1 (Проезд на красный свет),1000,Не оплачен
4017,382,2026-03-31,Статья 12.18 (Непредоставление преимущества пешеходу),4000,Оплачен
4018,1191,2026-04-02,Статья 12.8 ч.1 (Управление ТС в состоянии опьянения),500,Оплачен
4019,142,2026-01-21,Статья 12.8 ч.1 (Управление ТС в состоянии опьянения),3000,Не оплачен
4020,23,2026-01-12,Статья 12.8 ч.1 (Управление ТС в состоянии опьянения),4500,Не оплачен
4021,1147,2026-02-12,Статья 12.9 ч.2 (Превышение скорости на 20-40 км/ч),5000,Не оплачен
4022,369,2026-02-23,Статья 12.18 (Непредоставление преимущества пешеходу),5000,Не оплачен
4023,553,2026-04-14,Статья 12.8 ч.1 (Управление ТС в состоянии опьянения),2500,Оплачен
4024,186,2026-04-08,Статья 12.36.1 (Использование телефона за рулем),500,Оплачен
4025,94,2026-01-26,Статья 12.6 (Непристегнутый ремень безопасности),5000,Оплачен
4026,660,2026-02-14,Статья 12.8 ч.1 (Управление ТС в состоянии опьянения),5000,Оплачен
4027,845,2026-04-22,Статья 12.16 ч.4 (Выезд на встречную полосу),3000,Не оплачен
4028,767,2026-03-03,Статья 12.18 (Непредоставление преимущества пешеходу),2500,Не оплачен
4029,485,2026-02-04,Статья 12.9 ч.2 (Превышение скорости на 20-40 км/ч),3000,Не оплачен
4030,484,2026-02-02,Статья 12.36.1 (Использование телефона за рулем),3500,Не оплачен
4031,1109,2026-02-24,Статья 12.8 ч.1 (Управление ТС в состоянии опьянения),3500,Оплачен
4032,1052,2026-01-22,Статья 12.18 (Непредоставление преимущества пешеходу),4500,Не оплачен
4033,172,2026-05-20,Статья 12.9 ч.2 (Превышение скорости на 20-40 км/ч),1000,Не оплачен
4034,936,2026-03-04,Статья 12.6 (Непристегнутый ремень безопасности),4000,Не оплачен
4035,1005,2026-05-07,Статья 12.12 ч.1 (Проезд на красный свет),1500,Оплачен
4036,45,2026-04-04,Статья 12.16 ч.4 (Выезд на встречную полосу),4000,Оплачен
4037,1083,2026-03-08,Статья 12.19 ч.3 (Остановка на пешеходном переходе),500,Не оплачен
4038,842,2026-05-14,Статья 12.12 ч.1 (Проезд на красный свет),2000,Оплачен
4039,375,2026-05-28,Статья 12.16 ч.4 (Выезд на встречную полосу),3000,Не оплачен
4040,1080,2026-02-06,Статья 12.8 ч.1 (Управление ТС в состоянии опьянения),3000,Не оплачен
4041,249,2026-04-25,Статья 12.6 (Непристегнутый ремень безопасности),3500,Оплачен
4042,735,2026-01-31,Статья 12.9 ч.2 (Превышение скорости на 20-40 км/ч),1000,Оплачен
4043,807,2026-05-13,Статья 12.19 ч.3 (Остановка на пешеходном переходе),3500,Оплачен
4044,19,2026-05-07,Статья 12.6 (Непристегнутый ремень безопасности),2500,Не оплачен
4045,262,2026-03-02,Статья 12.9 ч.2 (Превышение скорости на 20-40 км/ч),2500,Не оплачен
4046,1072,2026-04-06,Статья 12.18 (Непредоставление преимущества пешеходу),1000,Оплачен
4047,808,2026-03-01,Статья 12.36.1 (Использование телефона за рулем),2000,Не оплачен
4048,382,2026-04-27,Статья 12.8 ч.1 (Управление ТС в состоянии опьянения),1500,Оплачен
4049,849,2026-02-20,Статья 12.8 ч.1 (Управление ТС в состоянии опьянения),3000,Не оплачен
4050,77,2026-01-07,Статья 12.9 ч.2 (Превышение скорости на 20-40 км/ч),5000,Не оплачен
4051,1193,2026-04-21,Статья 12.18 (Непредоставление преимущества пешеходу),500,Оплачен
4052,389,2026-05-17,Статья 12.18 (Непредоставление преимущества пешеходу),500,Не оплачен
4053,622,2026-05-01,Статья 12.18 (Непредоставление преимущества пешеходу),500,Оплачен
4054,958,2026-02-20,Статья 12.9 ч.2 (Превышение скорости на 20-40 км/ч),1000,Не оплачен
4055,1049,2026-01-06,Статья 12.19 ч.3 (Остановка на пешеходном переходе),3500,Не оплачен
4056,720,2026-04-18,Статья 12.18 (Непредоставление преимущества пешеходу),2000,Оплачен
4057,532,2026-02-11,Статья 12.8 ч.1 (Управление ТС в состоянии опьянения),4000,Оплачен
4058,793,2026-01-19,Статья 12.6 (Непристегнутый ремень безопасности),1500,Не оплачен
4059,698,2026-05-10,Статья 12.8 ч.1 (Управление ТС в состоянии опьянения),500,Не оплачен
4060,448,2026-01-24,Статья 12.12 ч.1 (Проезд на красный свет),1000,Оплачен
4061,993,2026-01-27,Статья 12.18 (Непредоставление преимущества пешеходу),4000,Оплачен
4062,1038,2026-04-21,Статья 12.19 ч.3 (Остановка на пешеходном переходе),5000,Оплачен
4063,777,2026-03-03,Статья 12.18 (Непредоставление преимущества пешеходу),2500,Не оплачен
4064,228,2026-01-19,Статья 12.8 ч.1 (Управление ТС в состоянии опьянения),4000,Не оплачен
4065,1053,2026-02-06,Статья 12.16 ч.4 (Выезд на встречную полосу),1500,Не оплачен
4066,1084,2026-05-04,Статья 12.9 ч.2 (Превышение скорости на 20-40 км/ч),5000,Оплачен
4067,321,2026-02-06,Статья 12.8 ч.1 (Управление ТС в состоянии опьянения),500,Оплачен
4068,996,2026-05-26,Статья 12.6 (Непристегнутый ремень безопасности),1000,Не оплачен
4069,1023,2026-01-14,Статья 12.18 (Непредоставление преимущества пешеходу),4500,Не оплачен
4070,828,2026-05-02,Статья 12.36.1 (Использование телефона за рулем),2500,Оплачен
4071,1191,2026-01-03,Статья 12.8 ч.1 (Управление ТС в состоянии опьянения),3000,Оплачен
4072,686,2026-05-30,Статья 12.16 ч.4 (Выезд на встречную полосу),500,Не оплачен
4073,981,2026-03-16,Статья 12.16 ч.4 (Выезд на встречную полосу),1500,Оплачен
4074,228,2026-04-04,Статья 12.12 ч.1 (Проезд на красный свет),2000,Оплачен
4075,289,2026-05-05,Статья 12.19 ч.3 (Остановка на пешеходном переходе),3500,Оплачен
4076,54,2026-02-03,Статья 12.18 (Непредоставление преимущества пешеходу),3000,Оплачен
4077,488,2026-03-23,Статья 12.16 ч.4 (Выезд на встречную полосу),5000,Не оплачен
4078,614,2026-01-01,Статья 12.36.1 (Использование телефона за рулем),1500,Оплачен
4079,457,2026-03-18,Статья 12.19 ч.3 (Остановка на пешеходном переходе),5000,Оплачен
4080,445,2026-03-22,Статья 12.12 ч.1 (Проезд на красный свет),2500,Не оплачен
4081,943,2026-03-10,Статья 12.18 (Непредоставление преимущества пешеходу),4000,Не оплачен
4082,872,2026-01-21,Статья 12.18 (Непредоставление преимущества пешеходу),4000,Оплачен
4083,463,2026-04-12,Статья 12.6 (Непристегнутый ремень безопасности),500,Не оплачен
4084,193,2026-03-19,Статья 12.8 ч.1 (Управление ТС в состоянии опьянения),5000,Оплачен
4085,821,2026-01-06,Статья 12.18 (Непредоставление преимущества пешеходу),2000,Оплачен
4086,416,2026-05-30,Статья 12.6 (Непристегнутый ремень безопасности),4000,Оплачен
4087,131,2026-02-26,Статья 12.8 ч.1 (Управление ТС в состоянии опьянения),2500,Оплачен
4088,123,2026-02-17,Статья 12.6 (Непристегнутый ремень безопасности),5000,Не оплачен
4089,1012,2026-04-15,Статья 12.6 (Непристегнутый ремень безопасности),3000,Не оплачен
4090,475,2026-05-14,Статья 12.12 ч.1 (Проезд на красный свет),4000,Оплачен
4091,302,2026-02-05,Статья 12.9 ч.2 (Превышение скорости на 20-40 км/ч),3500,Не оплачен
4092,795,2026-01-19,Статья 12.8 ч.1 (Управление ТС в состоянии опьянения),4000,Не оплачен
4093,1095,2026-05-09,Статья 12.6 (Непристегнутый ремень безопасности),2500,Оплачен
4094,609,2026-03-13,Статья 12.16 ч.4 (Выезд на встречную полосу),4000,Не оплачен
4095,468,2026-04-08,Статья 12.8 ч.1 (Управление ТС в состоянии опьянения),1500,Оплачен
4096,210,2026-04-17,Статья 12.9 ч.2 (Превышение скорости на 20-40 км/ч),4000,Оплачен
4097,1015,2026-03-14,Статья 12.36.1 (Использование телефона за рулем),4000,Оплачен
4098,303,2026-01-03,Статья 12.19 ч.3 (Остановка на пешеходном переходе),1500,Оплачен
4099,311,2026-05-26,Статья 12.8 ч.1 (Управление ТС в состоянии опьянения),5000,Оплачен
4100,801,2026-03-29,Статья 12.16 ч.4 (Выезд на встречную полосу),4500,Не оплачен
4101,664,2026-01-07,Статья 12.19 ч.3 (Остановка на пешеходном переходе),500,Оплачен
4102,1014,2026-03-29,Статья 12.9 ч.2 (Превышение скорости на 20-40 км/ч),2500,Оплачен
4103,596,2026-03-12,Статья 12.6 (Непристегнутый ремень безопасности),1500,Оплачен
4104,833,2026-02-10,Статья 12.36.1 (Использование телефона за рулем),5000,Не оплачен
4105,612,2026-04-08,Статья 12.16 ч.4 (Выезд на встречную полосу),4000,Не оплачен
4106,15,2026-02-19,Статья 12.19 ч.3 (Остановка на пешеходном переходе),1500,Не оплачен
4107,226,2026-05-03,Статья 12.9 ч.2 (Превышение скорости на 20-40 км/ч),3000,Оплачен
4108,524,2026-04-27,Статья 12.8 ч.1 (Управление ТС в состоянии опьянения),3000,Не оплачен
4109,580,2026-02-12,Статья 12.18 (Непредоставление преимущества пешеходу),4500,Не оплачен
4110,871,2026-05-25,Статья 12.36.1 (Использование телефона за рулем),2000,Не оплачен
4111,464,2026-05-22,Статья 12.18 (Непредоставление преимущества пешеходу),500,Не оплачен
4112,45,2026-05-20,Статья 12.36.1 (Использование телефона за рулем),500,Оплачен
4113,229,2026-03-03,Статья 12.9 ч.2 (Превышение скорости на 20-40 км/ч),2000,Оплачен
4114,1026,2026-04-13,Статья 12.19 ч.3 (Остановка на пешеходном переходе),1000,Оплачен
4115,442,2026-05-23,Статья 12.18 (Непредоставление преимущества пешеходу),3500,Не оплачен
4116,716,2026-02-25,Статья 12.19 ч.3 (Остановка на пешеходном переходе),3000,Оплачен
4117,638,2026-04-09,Статья 12.6 (Непристегнутый ремень безопасности),4000,Оплачен
4118,946,2026-05-08,Статья 12.8 ч.1 (Управление ТС в состоянии опьянения),1500,Не оплачен
4119,151,2026-02-01,Статья 12.19 ч.3 (Остановка на пешеходном переходе),3000,Не оплачен
4120,1087,2026-03-01,Статья 12.16 ч.4 (Выезд на встречную полосу),5000,Не оплачен
4121,1079,2026-03-03,Статья 12.18 (Непредоставление преимущества пешеходу),3000,Оплачен
4122,663,2026-05-26,Статья 12.9 ч.2 (Превышение скорости на 20-40 км/ч),4500,Не оплачен
4123,1004,2026-01-03,Статья 12.9 ч.2 (Превышение скорости на 20-40 км/ч),500,Не оплачен
4124,132,2026-04-16,Статья 12.36.1 (Использование телефона за рулем),5000,Не оплачен
4125,584,2026-01-12,Статья 12.19 ч.3 (Остановка на пешеходном переходе),3500,Не оплачен
4126,414,2026-02-06,Статья 12.18 (Непредоставление преимущества пешеходу),2500,Не оплачен
4127,231,2026-01-25,Статья 12.6 (Непристегнутый ремень безопасности),1500,Не оплачен
4128,1095,2026-01-11,Статья 12.18 (Непредоставление преимущества пешеходу),3000,Не оплачен
4129,1057,2026-01-29,Статья 12.18 (Непредоставление преимущества пешеходу),4000,Не оплачен
4130,416,2026-02-04,Статья 12.9 ч.2 (Превышение скорости на 20-40 км/ч),1500,Оплачен
4131,71,2026-03-02,Статья 12.18 (Непредоставление преимущества пешеходу),3000,Оплачен
4132,651,2026-01-25,Статья 12.16 ч.4 (Выезд на встречную полосу),4500,Оплачен
4133,609,2026-03-18,Статья 12.18 (Непредоставление преимущества пешеходу),1000,Оплачен
4134,224,2026-03-09,Статья 12.19 ч.3 (Остановка на пешеходном переходе),500,Не оплачен
4135,228,2026-06-01,Статья 12.18 (Непредоставление преимущества пешеходу),4500,Не оплачен
4136,802,2026-01-06,Статья 12.18 (Непредоставление преимущества пешеходу),4500,Не оплачен
4137,828,2026-01-14,Статья 12.36.1 (Использование телефона за рулем),5000,Не оплачен
4138,367,2026-04-01,Статья 12.8 ч.1 (Управление ТС в состоянии опьянения),2500,Не оплачен
4139,1179,2026-01-07,Статья 12.18 (Непредоставление преимущества пешеходу),4000,Не оплачен
4140,26,2026-02-22,Статья 12.36.1 (Использование телефона за рулем),2000,Не оплачен
4141,376,2026-02-01,Статья 12.16 ч.4 (Выезд на встречную полосу),3000,Не оплачен
4142,1173,2026-04-24,Статья 12.8 ч.1 (Управление ТС в состоянии опьянения),2500,Оплачен
4143,548,2026-05-28,Статья 12.19 ч.3 (Остановка на пешеходном переходе),5000,Не оплачен
4144,990,2026-01-07,Статья 12.18 (Непредоставление преимущества пешеходу),4500,Оплачен
4145,480,2026-01-23,Статья 12.9 ч.2 (Превышение скорости на 20-40 км/ч),5000,Оплачен
4146,172,2026-04-20,Статья 12.18 (Непредоставление преимущества пешеходу),1500,Не оплачен
4147,175,2026-02-22,Статья 12.9 ч.2 (Превышение скорости на 20-40 км/ч),5000,Не оплачен
4148,799,2026-03-22,Статья 12.12 ч.1 (Проезд на красный свет),1500,Не оплачен
4149,425,2026-01-02,Статья 12.6 (Непристегнутый ремень безопасности),2500,Не оплачен
4150,1023,2026-01-21,Статья 12.8 ч.1 (Управление ТС в состоянии опьянения),1000,Не оплачен
4151,1137,2026-05-16,Статья 12.36.1 (Использование телефона за рулем),1500,Не оплачен
4152,555,2026-03-26,Статья 12.6 (Непристегнутый ремень безопасности),3000,Оплачен
4153,689,2026-05-04,Статья 12.8 ч.1 (Управление ТС в состоянии опьянения),2500,Оплачен
4154,333,2026-05-19,Статья 12.16 ч.4 (Выезд на встречную полосу),1000,Оплачен
4155,576,2026-04-06,Статья 12.18 (Непредоставление преимущества пешеходу),4000,Не оплачен
4156,550,2026-04-11,Статья 12.8 ч.1 (Управление ТС в состоянии опьянения),5000,Не оплачен
4157,959,2026-03-21,Статья 12.8 ч.1 (Управление ТС в состоянии опьянения),2000,Оплачен
4158,894,2026-03-26,Статья 12.6 (Непристегнутый ремень безопасности),500,Не оплачен
4159,770,2026-02-03,Статья 12.36.1 (Использование телефона за рулем),4500,Не оплачен
4160,290,2026-01-25,Статья 12.36.1 (Использование телефона за рулем),3000,Оплачен
4161,940,2026-05-04,Статья 12.6 (Непристегнутый ремень безопасности),2500,Не оплачен
4162,636,2026-05-14,Статья 12.12 ч.1 (Проезд на красный свет),3000,Оплачен
4163,292,2026-05-01,Статья 12.19 ч.3 (Остановка на пешеходном переходе),4000,Оплачен
4164,517,2026-04-07,Статья 12.8 ч.1 (Управление ТС в состоянии опьянения),2000,Не оплачен
4165,585,2026-03-17,Статья 12.8 ч.1 (Управление ТС в состоянии опьянения),5000,Не оплачен
4166,413,2026-02-22,Статья 12.36.1 (Использование телефона за рулем),4000,Оплачен
4167,187,2026-03-10,Статья 12.9 ч.2 (Превышение скорости на 20-40 км/ч),4000,Не оплачен
4168,898,2026-01-30,Статья 12.19 ч.3 (Остановка на пешеходном переходе),2000,Оплачен
4169,322,2026-05-02,Статья 12.6 (Непристегнутый ремень безопасности),4500,Не оплачен
4170,276,2026-04-14,Статья 12.9 ч.2 (Превышение скорости на 20-40 км/ч),3500,Не оплачен
4171,900,2026-02-10,Статья 12.9 ч.2 (Превышение скорости на 20-40 км/ч),2000,Оплачен
4172,724,2026-02-27,Статья 12.9 ч.2 (Превышение скорости на 20-40 км/ч),3000,Оплачен
4173,89,2026-05-21,Статья 12.12 ч.1 (Проезд на красный свет),2500,Не оплачен
4174,33,2026-03-15,Статья 12.9 ч.2 (Превышение скорости на 20-40 км/ч),1000,Оплачен
4175,61,2026-05-22,Статья 12.16 ч.4 (Выезд на встречную полосу),5000,Оплачен
4176,1183,2026-03-02,Статья 12.16 ч.4 (Выезд на встречную полосу),4000,Оплачен
4177,463,2026-01-20,Статья 12.9 ч.2 (Превышение скорости на 20-40 км/ч),2000,Оплачен
4178,38,2026-02-01,Статья 12.6 (Непристегнутый ремень безопасности),3500,Оплачен
4179,1059,2026-05-31,Статья 12.36.1 (Использование телефона за рулем),4500,Не оплачен
4180,258,2026-04-23,Статья 12.18 (Непредоставление преимущества пешеходу),5000,Не оплачен
4181,1153,2026-02-01,Статья 12.19 ч.3 (Остановка на пешеходном переходе),2500,Не оплачен
4182,550,2026-01-03,Статья 12.19 ч.3 (Остановка на пешеходном переходе),4000,Не оплачен
4183,675,2026-05-17,Статья 12.12 ч.1 (Проезд на красный свет),4000,Не оплачен
4184,229,2026-05-26,Статья 12.6 (Непристегнутый ремень безопасности),2000,Не оплачен
4185,1067,2026-05-01,Статья 12.8 ч.1 (Управление ТС в состоянии опьянения),1500,Оплачен
4186,294,2026-02-14,Статья 12.12 ч.1 (Проезд на красный свет),1000,Не оплачен
4187,310,2026-03-07,Статья 12.18 (Непредоставление преимущества пешеходу),1500,Не оплачен
4188,1004,2026-05-28,Статья 12.18 (Непредоставление преимущества пешеходу),2500,Не оплачен
4189,733,2026-02-05,Статья 12.8 ч.1 (Управление ТС в состоянии опьянения),3000,Оплачен
4190,917,2026-04-11,Статья 12.19 ч.3 (Остановка на пешеходном переходе),2500,Не оплачен
4191,656,2026-01-03,Статья 12.8 ч.1 (Управление ТС в состоянии опьянения),3000,Не оплачен
4192,374,2026-03-20,Статья 12.9 ч.2 (Превышение скорости на 20-40 км/ч),5000,Оплачен
4193,350,2026-01-26,Статья 12.6 (Непристегнутый ремень безопасности),2000,Не оплачен
4194,774,2026-04-13,Статья 12.9 ч.2 (Превышение скорости на 20-40 км/ч),500,Оплачен
4195,955,2026-01-05,Статья 12.19 ч.3 (Остановка на пешеходном переходе),4500,Оплачен
4196,838,2026-02-10,Статья 12.36.1 (Использование телефона за рулем),4000,Оплачен
4197,440,2026-04-22,Статья 12.6 (Непристегнутый ремень безопасности),4000,Не оплачен
4198,794,2026-02-21,Статья 12.36.1 (Использование телефона за рулем),3000,Оплачен
4199,542,2026-02-22,Статья 12.16 ч.4 (Выезд на встречную полосу),4000,Оплачен
4200,565,2026-01-25,Статья 12.18 (Непредоставление преимущества пешеходу),5000,Не оплачен
4201,893,2026-02-07,Статья 12.16 ч.4 (Выезд на встречную полосу),4000,Не оплачен
4202,1097,2026-04-07,Статья 12.8 ч.1 (Управление ТС в состоянии опьянения),3000,Оплачен
4203,1057,2026-03-23,Статья 12.16 ч.4 (Выезд на встречную полосу),2000,Оплачен
4204,238,2026-03-14,Статья 12.16 ч.4 (Выезд на встречную полосу),500,Не оплачен
4205,177,2026-02-08,Статья 12.18 (Непредоставление преимущества пешеходу),2000,Не оплачен
4206,1070,2026-01-15,Статья 12.18 (Непредоставление преимущества пешеходу),1500,Не оплачен
4207,218,2026-03-30,Статья 12.8 ч.1 (Управление ТС в состоянии опьянения),1500,Оплачен
4208,565,2026-02-05,Статья 12.18 (Непредоставление преимущества пешеходу),3000,Не оплачен
4209,1025,2026-03-24,Статья 12.16 ч.4 (Выезд на встречную полосу),1500,Не оплачен
4210,544,2026-02-22,Статья 12.18 (Непредоставление преимущества пешеходу),3000,Оплачен
4211,744,2026-02-12,Статья 12.6 (Непристегнутый ремень безопасности),2000,Не оплачен
4212,528,2026-04-30,Статья 12.9 ч.2 (Превышение скорости на 20-40 км/ч),3500,Оплачен
4213,458,2026-05-08,Статья 12.6 (Непристегнутый ремень безопасности),500,Оплачен
4214,841,2026-03-31,Статья 12.16 ч.4 (Выезд на встречную полосу),4000,Не оплачен
4215,215,2026-04-21,Статья 12.6 (Непристегнутый ремень безопасности),3000,Оплачен
4216,567,2026-04-24,Статья 12.12 ч.1 (Проезд на красный свет),3500,Не оплачен
4217,413,2026-03-31,Статья 12.6 (Непристегнутый ремень безопасности),5000,Не оплачен
4218,135,2026-02-05,Статья 12.18 (Непредоставление преимущества пешеходу),3500,Не оплачен
4219,8,2026-05-14,Статья 12.18 (Непредоставление преимущества пешеходу),3500,Оплачен
4220,613,2026-03-21,Статья 12.9 ч.2 (Превышение скорости на 20-40 км/ч),1500,Оплачен
4221,341,2026-05-07,Статья 12.9 ч.2 (Превышение скорости на 20-40 км/ч),3000,Оплачен
4222,876,2026-05-06,Статья 12.16 ч.4 (Выезд на встречную полосу),3000,Не оплачен
4223,893,2026-05-19,Статья 12.6 (Непристегнутый ремень безопасности),5000,Оплачен
4224,918,2026-01-05,Статья 12.19 ч.3 (Остановка на пешеходном переходе),1500,Оплачен
4225,870,2026-04-19,Статья 12.36.1 (Использование телефона за рулем),5000,Оплачен
4226,514,2026-02-25,Статья 12.6 (Непристегнутый ремень безопасности),3500,Оплачен
4227,759,2026-04-19,Статья 12.16 ч.4 (Выезд на встречную полосу),1000,Оплачен
4228,131,2026-02-03,Статья 12.36.1 (Использование телефона за рулем),1000,Не оплачен
4229,466,2026-03-29,Статья 12.19 ч.3 (Остановка на пешеходном переходе),4500,Оплачен
4230,943,2026-04-11,Статья 12.12 ч.1 (Проезд на красный свет),4500,Не оплачен
4231,1023,2026-04-21,Статья 12.16 ч.4 (Выезд на встречную полосу),1000,Оплачен
4232,464,2026-03-25,Статья 12.18 (Непредоставление преимущества пешеходу),2500,Не оплачен
4233,64,2026-02-24,Статья 12.19 ч.3 (Остановка на пешеходном переходе),2500,Оплачен
4234,256,2026-02-27,Статья 12.19 ч.3 (Остановка на пешеходном переходе),4500,Оплачен
4235,933,2026-04-26,Статья 12.36.1 (Использование телефона за рулем),500,Оплачен
4236,356,2026-05-26,Статья 12.9 ч.2 (Превышение скорости на 20-40 км/ч),500,Не оплачен
4237,810,2026-04-30,Статья 12.9 ч.2 (Превышение скорости на 20-40 км/ч),2500,Оплачен
4238,785,2026-05-26,Статья 12.18 (Непредоставление преимущества пешеходу),500,Не оплачен
4239,1181,2026-05-11,Статья 12.18 (Непредоставление преимущества пешеходу),3000,Оплачен
4240,115,2026-04-18,Статья 12.9 ч.2 (Превышение скорости на 20-40 км/ч),1000,Оплачен
4241,989,2026-01-28,Статья 12.12 ч.1 (Проезд на красный свет),1500,Не оплачен
4242,1195,2026-01-07,Статья 12.9 ч.2 (Превышение скорости на 20-40 км/ч),4500,Не оплачен
4243,559,2026-03-20,Статья 12.18 (Непредоставление преимущества пешеходу),2000,Оплачен
4244,452,2026-04-02,Статья 12.9 ч.2 (Превышение скорости на 20-40 км/ч),1500,Не оплачен
4245,189,2026-03-04,Статья 12.36.1 (Использование телефона за рулем),5000,Не оплачен
4246,36,2026-05-29,Статья 12.9 ч.2 (Превышение скорости на 20-40 км/ч),500,Не оплачен
4247,240,2026-02-14,Статья 12.8 ч.1 (Управление ТС в состоянии опьянения),3500,Оплачен
4248,136,2026-05-06,Статья 12.18 (Непредоставление преимущества пешеходу),4000,Не оплачен
4249,521,2026-03-21,Статья 12.18 (Непредоставление преимущества пешеходу),500,Оплачен
4250,703,2026-04-06,Статья 12.16 ч.4 (Выезд на встречную полосу),1000,Оплачен
4251,666,2026-05-16,Статья 12.16 ч.4 (Выезд на встречную полосу),2000,Оплачен
4252,720,2026-02-15,Статья 12.36.1 (Использование телефона за рулем),4000,Оплачен
4253,530,2026-01-30,Статья 12.19 ч.3 (Остановка на пешеходном переходе),1500,Не оплачен
4254,926,2026-04-25,Статья 12.18 (Непредоставление преимущества пешеходу),1000,Оплачен
4255,457,2026-04-29,Статья 12.18 (Непредоставление преимущества пешеходу),2000,Оплачен
4256,552,2026-03-20,Статья 12.16 ч.4 (Выезд на встречную полосу),1000,Не оплачен
4257,343,2026-05-31,Статья 12.8 ч.1 (Управление ТС в состоянии опьянения),5000,Не оплачен
4258,610,2026-05-20,Статья 12.8 ч.1 (Управление ТС в состоянии опьянения),1000,Оплачен
4259,107,2026-02-25,Статья 12.36.1 (Использование телефона за рулем),2500,Оплачен
4260,6,2026-05-22,Статья 12.36.1 (Использование телефона за рулем),3000,Оплачен
4261,731,2026-03-04,Статья 12.8 ч.1 (Управление ТС в состоянии опьянения),1000,Оплачен
4262,846,2026-02-08,Статья 12.16 ч.4 (Выезд на встречную полосу),3500,Не оплачен
4263,992,2026-05-01,Статья 12.8 ч.1 (Управление ТС в состоянии опьянения),3500,Оплачен
4264,911,2026-04-06,Статья 12.9 ч.2 (Превышение скорости на 20-40 км/ч),500,Не оплачен
4265,738,2026-05-23,Статья 12.18 (Непредоставление преимущества пешеходу),2500,Оплачен
4266,405,2026-04-15,Статья 12.9 ч.2 (Превышение скорости на 20-40 км/ч),5000,Оплачен
4267,817,2026-03-17,Статья 12.19 ч.3 (Остановка на пешеходном переходе),1000,Не оплачен
4268,3,2026-01-07,Статья 12.16 ч.4 (Выезд на встречную полосу),3000,Не оплачен
4269,129,2026-04-29,Статья 12.36.1 (Использование телефона за рулем),3000,Оплачен
4270,203,2026-04-29,Статья 12.16 ч.4 (Выезд на встречную полосу),3500,Не оплачен
4271,154,2026-05-26,Статья 12.16 ч.4 (Выезд на встречную полосу),1000,Оплачен
4272,1113,2026-04-10,Статья 12.16 ч.4 (Выезд на встречную полосу),4000,Оплачен
4273,810,2026-05-03,Статья 12.12 ч.1 (Проезд на красный свет),3000,Не оплачен
4274,734,2026-03-26,Статья 12.18 (Непредоставление преимущества пешеходу),3500,Оплачен
4275,1070,2026-02-22,Статья 12.6 (Непристегнутый ремень безопасности),4000,Не оплачен
4276,826,2026-04-15,Статья 12.18 (Непредоставление преимущества пешеходу),2000,Оплачен
4277,252,2026-04-17,Статья 12.36.1 (Использование телефона за рулем),1000,Не оплачен
4278,901,2026-02-08,Статья 12.36.1 (Использование телефона за рулем),3500,Не оплачен
4279,548,2026-04-30,Статья 12.9 ч.2 (Превышение скорости на 20-40 км/ч),2500,Не оплачен
4280,80,2026-03-31,Статья 12.19 ч.3 (Остановка на пешеходном переходе),1500,Оплачен
4281,269,2026-02-26,Статья 12.18 (Непредоставление преимущества пешеходу),4000,Оплачен
4282,963,2026-01-29,Статья 12.18 (Непредоставление преимущества пешеходу),1500,Не оплачен
4283,24,2026-02-09,Статья 12.36.1 (Использование телефона за рулем),3000,Не оплачен
4284,465,2026-01-17,Статья 12.9 ч.2 (Превышение скорости на 20-40 км/ч),3500,Оплачен
4285,934,2026-03-25,Статья 12.19 ч.3 (Остановка на пешеходном переходе),5000,Оплачен
4286,124,2026-03-26,Статья 12.16 ч.4 (Выезд на встречную полосу),2000,Оплачен
4287,168,2026-02-09,Статья 12.9 ч.2 (Превышение скорости на 20-40 км/ч),4000,Не оплачен
4288,641,2026-03-28,Статья 12.6 (Непристегнутый ремень безопасности),2500,Не оплачен
4289,35,2026-01-15,Статья 12.8 ч.1 (Управление ТС в состоянии опьянения),4000,Не оплачен
4290,138,2026-03-19,Статья 12.19 ч.3 (Остановка на пешеходном переходе),5000,Оплачен
4291,353,2026-01-31,Статья 12.12 ч.1 (Проезд на красный свет),2000,Не оплачен
4292,238,2026-04-28,Статья 12.16 ч.4 (Выезд на встречную полосу),5000,Не оплачен
4293,526,2026-01-07,Статья 12.16 ч.4 (Выезд на встречную полосу),2500,Оплачен
4294,280,2026-03-21,Статья 12.8 ч.1 (Управление ТС в состоянии опьянения),4500,Не оплачен
4295,277,2026-03-15,Статья 12.36.1 (Использование телефона за рулем),5000,Не оплачен
4296,726,2026-04-27,Статья 12.18 (Непредоставление преимущества пешеходу),500,Не оплачен
4297,144,2026-03-02,Статья 12.16 ч.4 (Выезд на встречную полосу),1000,Не оплачен
4298,767,2026-04-02,Статья 12.12 ч.1 (Проезд на красный свет),3000,Оплачен
4299,465,2026-02-09,Статья 12.36.1 (Использование телефона за рулем),3500,Не оплачен
4300,400,2026-02-27,Статья 12.9 ч.2 (Превышение скорости на 20-40 км/ч),4500,Не оплачен
4301,1128,2026-03-25,Статья 12.6 (Непристегнутый ремень безопасности),2500,Оплачен
4302,371,2026-02-12,Статья 12.36.1 (Использование телефона за рулем),1500,Оплачен
4303,1118,2026-01-13,Статья 12.16 ч.4 (Выезд на встречную полосу),1000,Оплачен
4304,528,2026-02-18,Статья 12.19 ч.3 (Остановка на пешеходном переходе),3000,Не оплачен
4305,1052,2026-03-17,Статья 12.9 ч.2 (Превышение скорости на 20-40 км/ч),500,Оплачен
4306,1039,2026-02-09,Статья 12.6 (Непристегнутый ремень безопасности),2000,Не оплачен
4307,434,2026-04-11,Статья 12.16 ч.4 (Выезд на встречную полосу),3500,Не оплачен
4308,495,2026-05-17,Статья 12.9 ч.2 (Превышение скорости на 20-40 км/ч),3500,Не оплачен
4309,675,2026-04-13,Статья 12.12 ч.1 (Проезд на красный свет),3000,Оплачен
4310,805,2026-04-26,Статья 12.12 ч.1 (Проезд на красный свет),3000,Не оплачен
4311,721,2026-05-27,Статья 12.6 (Непристегнутый ремень безопасности),4000,Оплачен
4312,1036,2026-04-28,Статья 12.9 ч.2 (Превышение скорости на 20-40 км/ч),1000,Не оплачен
4313,194,2026-04-19,Статья 12.8 ч.1 (Управление ТС в состоянии опьянения),5000,Оплачен
4314,10,2026-01-05,Статья 12.12 ч.1 (Проезд на красный свет),2500,Оплачен
4315,417,2026-03-02,Статья 12.8 ч.1 (Управление ТС в состоянии опьянения),1000,Не оплачен
4316,267,2026-01-30,Статья 12.12 ч.1 (Проезд на красный свет),1000,Оплачен
4317,1173,2026-01-20,Статья 12.8 ч.1 (Управление ТС в состоянии опьянения),4500,Оплачен
4318,163,2026-05-18,Статья 12.9 ч.2 (Превышение скорости на 20-40 км/ч),1500,Не оплачен
4319,4,2026-05-09,Статья 12.18 (Непредоставление преимущества пешеходу),2000,Не оплачен
4320,119,2026-03-06,Статья 12.18 (Непредоставление преимущества пешеходу),500,Оплачен
4321,788,2026-05-22,Статья 12.12 ч.1 (Проезд на красный свет),5000,Оплачен
4322,332,2026-01-05,Статья 12.6 (Непристегнутый ремень безопасности),4500,Оплачен
4323,700,2026-05-23,Статья 12.16 ч.4 (Выезд на встречную полосу),500,Оплачен
4324,854,2026-02-21,Статья 12.18 (Непредоставление преимущества пешеходу),1500,Оплачен
4325,643,2026-04-25,Статья 12.16 ч.4 (Выезд на встречную полосу),5000,Оплачен
4326,33,2026-04-14,Статья 12.18 (Непредоставление преимущества пешеходу),1000,Не оплачен
4327,887,2026-05-24,Статья 12.9 ч.2 (Превышение скорости на 20-40 км/ч),1500,Оплачен
4328,777,2026-03-24,Статья 12.16 ч.4 (Выезд на встречную полосу),4500,Не оплачен
4329,942,2026-03-05,Статья 12.16 ч.4 (Выезд на встречную полосу),2000,Не оплачен
4330,589,2026-05-09,Статья 12.19 ч.3 (Остановка на пешеходном переходе),2500,Оплачен
4331,372,2026-02-20,Статья 12.9 ч.2 (Превышение скорости на 20-40 км/ч),4500,Оплачен
4332,875,2026-03-25,Статья 12.8 ч.1 (Управление ТС в состоянии опьянения),4500,Оплачен
4333,1004,2026-03-05,Статья 12.6 (Непристегнутый ремень безопасности),1500,Оплачен
4334,15,2026-03-11,Статья 12.8 ч.1 (Управление ТС в состоянии опьянения),4000,Оплачен
4335,894,2026-02-02,Статья 12.16 ч.4 (Выезд на встречную полосу),1500,Не оплачен
4336,91,2026-05-08,Статья 12.18 (Непредоставление преимущества пешеходу),5000,Не оплачен
4337,1000,2026-01-05,Статья 12.6 (Непристегнутый ремень безопасности),500,Оплачен
4338,17,2026-05-20,Статья 12.19 ч.3 (Остановка на пешеходном переходе),3500,Оплачен
4339,704,2026-05-12,Статья 12.18 (Непредоставление преимущества пешеходу),5000,Оплачен
4340,122,2026-01-17,Статья 12.8 ч.1 (Управление ТС в состоянии опьянения),500,Оплачен
4341,34,2026-04-13,Статья 12.8 ч.1 (Управление ТС в состоянии опьянения),3500,Оплачен
4342,801,2026-01-26,Статья 12.9 ч.2 (Превышение скорости на 20-40 км/ч),500,Оплачен
4343,701,2026-02-18,Статья 12.16 ч.4 (Выезд на встречную полосу),2000,Оплачен
4344,702,2026-03-07,Статья 12.36.1 (Использование телефона за рулем),1000,Не оплачен
4345,320,2026-02-24,Статья 12.16 ч.4 (Выезд на встречную полосу),3000,Не оплачен
4346,777,2026-02-11,Статья 12.16 ч.4 (Выезд на встречную полосу),2500,Оплачен
4347,368,2026-04-03,Статья 12.16 ч.4 (Выезд на встречную полосу),5000,Оплачен
4348,370,2026-05-26,Статья 12.36.1 (Использование телефона за рулем),1500,Не оплачен
4349,446,2026-05-11,Статья 12.6 (Непристегнутый ремень безопасности),3000,Не оплачен
4350,159,2026-02-15,Статья 12.36.1 (Использование телефона за рулем),2500,Не оплачен
4351,852,2026-02-10,Статья 12.16 ч.4 (Выезд на встречную полосу),4500,Не оплачен
4352,553,2026-04-18,Статья 12.19 ч.3 (Остановка на пешеходном переходе),3000,Не оплачен
4353,970,2026-03-24,Статья 12.6 (Непристегнутый ремень безопасности),4000,Не оплачен
4354,1198,2026-02-22,Статья 12.19 ч.3 (Остановка на пешеходном переходе),3000,Оплачен
4355,945,2026-04-01,Статья 12.19 ч.3 (Остановка на пешеходном переходе),1500,Не оплачен
4356,179,2026-03-04,Статья 12.16 ч.4 (Выезд на встречную полосу),2000,Оплачен
4357,508,2026-01-31,Статья 12.6 (Непристегнутый ремень безопасности),5000,Не оплачен
4358,165,2026-01-25,Статья 12.18 (Непредоставление преимущества пешеходу),3000,Оплачен
4359,197,2026-04-23,Статья 12.6 (Непристегнутый ремень безопасности),500,Оплачен
4360,940,2026-05-24,Статья 12.18 (Непредоставление преимущества пешеходу),5000,Оплачен
4361,442,2026-05-01,Статья 12.6 (Непристегнутый ремень безопасности),2500,Оплачен
4362,322,2026-05-20,Статья 12.8 ч.1 (Управление ТС в состоянии опьянения),3500,Не оплачен
4363,222,2026-05-07,Статья 12.19 ч.3 (Остановка на пешеходном переходе),1000,Оплачен
4364,125,2026-03-31,Статья 12.18 (Непредоставление преимущества пешеходу),500,Оплачен
4365,691,2026-01-09,Статья 12.19 ч.3 (Остановка на пешеходном переходе),5000,Не оплачен
4366,1003,2026-01-22,Статья 12.16 ч.4 (Выезд на встречную полосу),500,Не оплачен
4367,1092,2026-02-03,Статья 12.18 (Непредоставление преимущества пешеходу),1000,Оплачен
4368,995,2026-01-17,Статья 12.18 (Непредоставление преимущества пешеходу),3500,Оплачен
4369,959,2026-02-26,Статья 12.6 (Непристегнутый ремень безопасности),1500,Не оплачен
4370,932,2026-03-05,Статья 12.16 ч.4 (Выезд на встречную полосу),1500,Оплачен
4371,696,2026-05-29,Статья 12.19 ч.3 (Остановка на пешеходном переходе),5000,Оплачен
4372,719,2026-01-30,Статья 12.36.1 (Использование телефона за рулем),2000,Оплачен
4373,8,2026-04-15,Статья 12.6 (Непристегнутый ремень безопасности),3500,Не оплачен
4374,205,2026-03-19,Статья 12.19 ч.3 (Остановка на пешеходном переходе),2500,Не оплачен
4375,416,2026-02-12,Статья 12.6 (Непристегнутый ремень безопасности),1000,Не оплачен
4376,1165,2026-04-18,Статья 12.6 (Непристегнутый ремень безопасности),3500,Не оплачен
4377,664,2026-02-07,Статья 12.6 (Непристегнутый ремень безопасности),3500,Не оплачен
4378,447,2026-05-21,Статья 12.19 ч.3 (Остановка на пешеходном переходе),4000,Оплачен
4379,438,2026-04-30,Статья 12.6 (Непристегнутый ремень безопасности),4500,Оплачен
4380,292,2026-01-28,Статья 12.16 ч.4 (Выезд на встречную полосу),3500,Оплачен
4381,711,2026-02-11,Статья 12.36.1 (Использование телефона за рулем),3000,Не оплачен
4382,558,2026-04-17,Статья 12.9 ч.2 (Превышение скорости на 20-40 км/ч),2000,Оплачен
4383,522,2026-04-25,Статья 12.18 (Непредоставление преимущества пешеходу),4500,Не оплачен
4384,522,2026-05-21,Статья 12.9 ч.2 (Превышение скорости на 20-40 км/ч),4000,Оплачен
4385,284,2026-05-26,Статья 12.18 (Непредоставление преимущества пешеходу),2500,Не оплачен
4386,885,2026-04-24,Статья 12.6 (Непристегнутый ремень безопасности),1000,Не оплачен
4387,839,2026-04-20,Статья 12.6 (Непристегнутый ремень безопасности),4000,Не оплачен
4388,89,2026-01-16,Статья 12.6 (Непристегнутый ремень безопасности),500,Не оплачен
4389,1074,2026-01-21,Статья 12.6 (Непристегнутый ремень безопасности),500,Не оплачен
4390,616,2026-03-29,Статья 12.18 (Непредоставление преимущества пешеходу),1500,Не оплачен
4391,1074,2026-05-20,Статья 12.18 (Непредоставление преимущества пешеходу),5000,Не оплачен
4392,859,2026-04-04,Статья 12.9 ч.2 (Превышение скорости на 20-40 км/ч),5000,Не оплачен
4393,407,2026-04-24,Статья 12.18 (Непредоставление преимущества пешеходу),4000,Не оплачен
4394,864,2026-05-31,Статья 12.19 ч.3 (Остановка на пешеходном переходе),1000,Не оплачен
4395,110,2026-05-24,Статья 12.6 (Непристегнутый ремень безопасности),3500,Оплачен
4396,916,2026-03-18,Статья 12.36.1 (Использование телефона за рулем),3000,Не оплачен
4397,880,2026-01-11,Статья 12.16 ч.4 (Выезд на встречную полосу),1500,Оплачен
4398,285,2026-02-10,Статья 12.36.1 (Использование телефона за рулем),1500,Не оплачен
4399,481,2026-05-18,Статья 12.36.1 (Использование телефона за рулем),1500,Не оплачен
4400,851,2026-03-09,Статья 12.36.1 (Использование телефона за рулем),5000,Оплачен
4401,41,2026-03-12,Статья 12.8 ч.1 (Управление ТС в состоянии опьянения),3000,Оплачен
4402,1180,2026-01-19,Статья 12.12 ч.1 (Проезд на красный свет),5000,Не оплачен
4403,845,2026-01-31,Статья 12.19 ч.3 (Остановка на пешеходном переходе),4000,Не оплачен
4404,1001,2026-04-15,Статья 12.36.1 (Использование телефона за рулем),2500,Не оплачен
4405,1058,2026-04-04,Статья 12.16 ч.4 (Выезд на встречную полосу),5000,Оплачен
4406,1142,2026-01-31,Статья 12.8 ч.1 (Управление ТС в состоянии опьянения),1500,Оплачен
4407,401,2026-01-08,Статья 12.18 (Непредоставление преимущества пешеходу),3500,Оплачен
4408,1107,2026-05-01,Статья 12.19 ч.3 (Остановка на пешеходном переходе),4000,Оплачен
4409,242,2026-01-22,Статья 12.36.1 (Использование телефона за рулем),2000,Оплачен
4410,723,2026-04-22,Статья 12.19 ч.3 (Остановка на пешеходном переходе),1000,Оплачен
4411,898,2026-03-12,Статья 12.36.1 (Использование телефона за рулем),500,Оплачен
4412,274,2026-04-25,Статья 12.12 ч.1 (Проезд на красный свет),3500,Не оплачен
4413,1199,2026-05-14,Статья 12.36.1 (Использование телефона за рулем),5000,Не оплачен
4414,1019,2026-01-17,Статья 12.36.1 (Использование телефона за рулем),1500,Не оплачен
4415,1018,2026-03-20,Статья 12.36.1 (Использование телефона за рулем),2500,Оплачен
4416,1100,2026-03-29,Статья 12.36.1 (Использование телефона за рулем),4000,Оплачен
4417,827,2026-03-28,Статья 12.18 (Непредоставление преимущества пешеходу),3500,Не оплачен
4418,681,2026-03-26,Статья 12.36.1 (Использование телефона за рулем),3500,Оплачен
4419,743,2026-04-15,Статья 12.36.1 (Использование телефона за рулем),2500,Оплачен
4420,476,2026-02-12,Статья 12.19 ч.3 (Остановка на пешеходном переходе),5000,Не оплачен
4421,1092,2026-04-28,Статья 12.36.1 (Использование телефона за рулем),1000,Не оплачен
4422,975,2026-04-19,Статья 12.18 (Непредоставление преимущества пешеходу),2500,Не оплачен
4423,1192,2026-02-10,Статья 12.6 (Непристегнутый ремень безопасности),3000,Оплачен
4424,972,2026-05-08,Статья 12.18 (Непредоставление преимущества пешеходу),5000,Оплачен
4425,15,2026-03-07,Статья 12.9 ч.2 (Превышение скорости на 20-40 км/ч),2000,Оплачен
4426,687,2026-04-19,Статья 12.8 ч.1 (Управление ТС в состоянии опьянения),3500,Оплачен
4427,211,2026-01-07,Статья 12.19 ч.3 (Остановка на пешеходном переходе),4000,Не оплачен
4428,235,2026-03-19,Статья 12.36.1 (Использование телефона за рулем),2500,Оплачен
4429,166,2026-05-18,Статья 12.8 ч.1 (Управление ТС в состоянии опьянения),3000,Оплачен
4430,202,2026-02-20,Статья 12.16 ч.4 (Выезд на встречную полосу),4500,Оплачен
4431,806,2026-03-26,Статья 12.12 ч.1 (Проезд на красный свет),3500,Не оплачен
4432,854,2026-04-22,Статья 12.18 (Непредоставление преимущества пешеходу),3500,Оплачен
4433,775,2026-04-24,Статья 12.18 (Непредоставление преимущества пешеходу),2500,Не оплачен
4434,744,2026-03-12,Статья 12.6 (Непристегнутый ремень безопасности),3000,Оплачен
4435,698,2026-04-07,Статья 12.19 ч.3 (Остановка на пешеходном переходе),3000,Оплачен
4436,882,2026-02-02,Статья 12.16 ч.4 (Выезд на встречную полосу),3500,Оплачен
4437,166,2026-04-09,Статья 12.19 ч.3 (Остановка на пешеходном переходе),1000,Не оплачен
4438,656,2026-01-10,Статья 12.6 (Непристегнутый ремень безопасности),5000,Оплачен
4439,855,2026-05-21,Статья 12.12 ч.1 (Проезд на красный свет),4500,Оплачен
4440,784,2026-04-28,Статья 12.16 ч.4 (Выезд на встречную полосу),1000,Оплачен
4441,316,2026-05-01,Статья 12.6 (Непристегнутый ремень безопасности),2000,Не оплачен
4442,681,2026-04-28,Статья 12.36.1 (Использование телефона за рулем),1000,Не оплачен
4443,1046,2026-03-25,Статья 12.16 ч.4 (Выезд на встречную полосу),5000,Не оплачен
4444,331,2026-01-25,Статья 12.18 (Непредоставление преимущества пешеходу),3000,Не оплачен
4445,753,2026-01-01,Статья 12.6 (Непристегнутый ремень безопасности),3500,Оплачен
4446,538,2026-04-03,Статья 12.8 ч.1 (Управление ТС в состоянии опьянения),5000,Не оплачен
4447,457,2026-02-25,Статья 12.19 ч.3 (Остановка на пешеходном переходе),2500,Не оплачен
4448,1050,2026-02-08,Статья 12.19 ч.3 (Остановка на пешеходном переходе),3000,Оплачен
4449,1128,2026-04-04,Статья 12.9 ч.2 (Превышение скорости на 20-40 км/ч),1500,Оплачен
4450,456,2026-03-18,Статья 12.6 (Непристегнутый ремень безопасности),1500,Оплачен
4451,578,2026-03-01,Статья 12.16 ч.4 (Выезд на встречную полосу),2500,Оплачен
4452,355,2026-03-13,Статья 12.19 ч.3 (Остановка на пешеходном переходе),1500,Не оплачен
4453,739,2026-02-21,Статья 12.19 ч.3 (Остановка на пешеходном переходе),1000,Не оплачен
4454,966,2026-03-10,Статья 12.9 ч.2 (Превышение скорости на 20-40 км/ч),3000,Оплачен
4455,308,2026-02-04,Статья 12.16 ч.4 (Выезд на встречную полосу),2000,Оплачен
4456,789,2026-03-21,Статья 12.16 ч.4 (Выезд на встречную полосу),4500,Не оплачен
4457,153,2026-03-04,Статья 12.12 ч.1 (Проезд на красный свет),4500,Не оплачен
4458,382,2026-03-20,Статья 12.9 ч.2 (Превышение скорости на 20-40 км/ч),2000,Не оплачен
4459,617,2026-02-17,Статья 12.9 ч.2 (Превышение скорости на 20-40 км/ч),3000,Не оплачен
4460,19,2026-02-22,Статья 12.9 ч.2 (Превышение скорости на 20-40 км/ч),4000,Не оплачен
4461,797,2026-04-09,Статья 12.12 ч.1 (Проезд на красный свет),2000,Оплачен
4462,489,2026-04-25,Статья 12.36.1 (Использование телефона за рулем),2500,Оплачен
4463,77,2026-05-06,Статья 12.36.1 (Использование телефона за рулем),5000,Оплачен
4464,917,2026-04-13,Статья 12.12 ч.1 (Проезд на красный свет),3000,Оплачен
4465,122,2026-05-05,Статья 12.36.1 (Использование телефона за рулем),5000,Не оплачен
4466,632,2026-05-30,Статья 12.16 ч.4 (Выезд на встречную полосу),3000,Оплачен
4467,1140,2026-06-01,Статья 12.6 (Непристегнутый ремень безопасности),1000,Не оплачен
4468,813,2026-01-31,Статья 12.16 ч.4 (Выезд на встречную полосу),500,Не оплачен
4469,612,2026-05-15,Статья 12.18 (Непредоставление преимущества пешеходу),4000,Не оплачен
4470,169,2026-03-16,Статья 12.9 ч.2 (Превышение скорости на 20-40 км/ч),2500,Оплачен
4471,47,2026-01-29,Статья 12.19 ч.3 (Остановка на пешеходном переходе),4500,Оплачен
4472,719,2026-01-27,Статья 12.6 (Непристегнутый ремень безопасности),2500,Оплачен
4473,474,2026-03-02,Статья 12.6 (Непристегнутый ремень безопасности),2500,Не оплачен
4474,1104,2026-02-16,Статья 12.16 ч.4 (Выезд на встречную полосу),1500,Оплачен
4475,49,2026-01-08,Статья 12.8 ч.1 (Управление ТС в состоянии опьянения),2500,Не оплачен
4476,614,2026-01-15,Статья 12.16 ч.4 (Выезд на встречную полосу),3000,Оплачен
4477,986,2026-04-07,Статья 12.8 ч.1 (Управление ТС в состоянии опьянения),2000,Оплачен
4478,11,2026-02-17,Статья 12.8 ч.1 (Управление ТС в состоянии опьянения),3500,Оплачен
4479,230,2026-03-27,Статья 12.16 ч.4 (Выезд на встречную полосу),4000,Оплачен
4480,414,2026-05-27,Статья 12.16 ч.4 (Выезд на встречную полосу),3000,Не оплачен
4481,787,2026-04-27,Статья 12.9 ч.2 (Превышение скорости на 20-40 км/ч),500,Не оплачен
4482,843,2026-01-23,Статья 12.6 (Непристегнутый ремень безопасности),500,Оплачен
4483,897,2026-03-21,Статья 12.19 ч.3 (Остановка на пешеходном переходе),2000,Не оплачен
4484,1072,2026-01-22,Статья 12.18 (Непредоставление преимущества пешеходу),1500,Не оплачен
4485,755,2026-03-13,Статья 12.36.1 (Использование телефона за рулем),5000,Оплачен
4486,850,2026-02-24,Статья 12.6 (Непристегнутый ремень безопасности),4500,Оплачен
4487,1149,2026-03-30,Статья 12.8 ч.1 (Управление ТС в состоянии опьянения),4000,Оплачен
4488,1135,2026-03-28,Статья 12.18 (Непредоставление преимущества пешеходу),1000,Не оплачен
4489,174,2026-01-20,Статья 12.36.1 (Использование телефона за рулем),4500,Оплачен
4490,113,2026-02-17,Статья 12.16 ч.4 (Выезд на встречную полосу),1000,Не оплачен
4491,501,2026-05-31,Статья 12.9 ч.2 (Превышение скорости на 20-40 км/ч),4000,Не оплачен
4492,1086,2026-03-19,Статья 12.36.1 (Использование телефона за рулем),2000,Оплачен
4493,1064,2026-05-05,Статья 12.6 (Непристегнутый ремень безопасности),4500,Оплачен
4494,244,2026-02-09,Статья 12.18 (Непредоставление преимущества пешеходу),1500,Не оплачен
4495,1035,2026-02-11,Статья 12.19 ч.3 (Остановка на пешеходном переходе),1000,Не оплачен
4496,1092,2026-03-22,Статья 12.12 ч.1 (Проезд на красный свет),1000,Оплачен
4497,253,2026-04-25,Статья 12.9 ч.2 (Превышение скорости на 20-40 км/ч),5000,Оплачен
4498,257,2026-03-27,Статья 12.19 ч.3 (Остановка на пешеходном переходе),3500,Оплачен
4499,701,2026-03-07,Статья 12.8 ч.1 (Управление ТС в состоянии опьянения),3500,Не оплачен
4500,136,2026-05-03,Статья 12.6 (Непристегнутый ремень безопасности),4000,Не оплачен
4501,863,2026-01-02,Статья 12.16 ч.4 (Выезд на встречную полосу),5000,Не оплачен
4502,67,2026-05-27,Статья 12.6 (Непристегнутый ремень безопасности),1000,Не оплачен
4503,687,2026-01-23,Статья 12.12 ч.1 (Проезд на красный свет),3500,Не оплачен
4504,1023,2026-05-15,Статья 12.8 ч.1 (Управление ТС в состоянии опьянения),3500,Не оплачен
4505,297,2026-03-09,Статья 12.36.1 (Использование телефона за рулем),3500,Не оплачен
4506,653,2026-01-06,Статья 12.8 ч.1 (Управление ТС в состоянии опьянения),2500,Не оплачен
4507,667,2026-03-29,Статья 12.36.1 (Использование телефона за рулем),5000,Не оплачен
4508,75,2026-02-27,Статья 12.18 (Непредоставление преимущества пешеходу),2500,Не оплачен
4509,541,2026-05-31,Статья 12.9 ч.2 (Превышение скорости на 20-40 км/ч),2000,Не оплачен
4510,205,2026-03-06,Статья 12.36.1 (Использование телефона за рулем),4500,Оплачен
4511,887,2026-04-25,Статья 12.6 (Непристегнутый ремень безопасности),2500,Оплачен
4512,668,2026-01-24,Статья 12.12 ч.1 (Проезд на красный свет),500,Оплачен
4513,989,2026-05-31,Статья 12.12 ч.1 (Проезд на красный свет),500,Не оплачен
4514,158,2026-04-06,Статья 12.19 ч.3 (Остановка на пешеходном переходе),5000,Не оплачен
4515,754,2026-04-30,Статья 12.9 ч.2 (Превышение скорости на 20-40 км/ч),1000,Оплачен
4516,239,2026-05-13,Статья 12.6 (Непристегнутый ремень безопасности),4000,Не оплачен
4517,284,2026-02-23,Статья 12.6 (Непристегнутый ремень безопасности),1000,Не оплачен
4518,827,2026-01-24,Статья 12.16 ч.4 (Выезд на встречную полосу),4000,Оплачен
4519,328,2026-02-14,Статья 12.19 ч.3 (Остановка на пешеходном переходе),4500,Не оплачен
4520,213,2026-03-12,Статья 12.18 (Непредоставление преимущества пешеходу),5000,Оплачен
4521,153,2026-05-02,Статья 12.8 ч.1 (Управление ТС в состоянии опьянения),2500,Не оплачен
4522,408,2026-05-08,Статья 12.36.1 (Использование телефона за рулем),4000,Оплачен
4523,1032,2026-05-25,Статья 12.9 ч.2 (Превышение скорости на 20-40 км/ч),1500,Оплачен
4524,206,2026-04-20,Статья 12.18 (Непредоставление преимущества пешеходу),1000,Не оплачен
4525,700,2026-05-20,Статья 12.12 ч.1 (Проезд на красный свет),3000,Не оплачен
4526,974,2026-03-06,Статья 12.6 (Непристегнутый ремень безопасности),500,Оплачен
4527,386,2026-05-21,Статья 12.36.1 (Использование телефона за рулем),3500,Оплачен
4528,741,2026-02-09,Статья 12.18 (Непредоставление преимущества пешеходу),2000,Не оплачен
4529,126,2026-05-20,Статья 12.18 (Непредоставление преимущества пешеходу),2000,Не оплачен
4530,1030,2026-05-14,Статья 12.9 ч.2 (Превышение скорости на 20-40 км/ч),500,Оплачен
4531,1179,2026-05-22,Статья 12.16 ч.4 (Выезд на встречную полосу),1500,Не оплачен
4532,1023,2026-03-05,Статья 12.19 ч.3 (Остановка на пешеходном переходе),4000,Оплачен
4533,1035,2026-03-17,Статья 12.16 ч.4 (Выезд на встречную полосу),5000,Не оплачен
4534,763,2026-05-21,Статья 12.18 (Непредоставление преимущества пешеходу),1500,Не оплачен
4535,873,2026-03-08,Статья 12.19 ч.3 (Остановка на пешеходном переходе),2500,Оплачен
4536,486,2026-01-08,Статья 12.36.1 (Использование телефона за рулем),4000,Оплачен
4537,1091,2026-01-08,Статья 12.36.1 (Использование телефона за рулем),3000,Оплачен
4538,707,2026-05-06,Статья 12.6 (Непристегнутый ремень безопасности),3500,Не оплачен
4539,806,2026-03-28,Статья 12.16 ч.4 (Выезд на встречную полосу),4000,Оплачен
4540,405,2026-05-20,Статья 12.12 ч.1 (Проезд на красный свет),500,Оплачен
4541,581,2026-05-25,Статья 12.8 ч.1 (Управление ТС в состоянии опьянения),4500,Оплачен
4542,841,2026-02-26,Статья 12.12 ч.1 (Проезд на красный свет),3500,Оплачен
4543,424,2026-04-19,Статья 12.36.1 (Использование телефона за рулем),500,Не оплачен
4544,756,2026-02-25,Статья 12.36.1 (Использование телефона за рулем),5000,Оплачен
4545,474,2026-04-29,Статья 12.16 ч.4 (Выезд на встречную полосу),500,Оплачен
4546,637,2026-02-23,Статья 12.16 ч.4 (Выезд на встречную полосу),4500,Не оплачен
4547,16,2026-05-19,Статья 12.36.1 (Использование телефона за рулем),1000,Оплачен
4548,913,2026-05-14,Статья 12.16 ч.4 (Выезд на встречную полосу),1500,Не оплачен
4549,337,2026-05-25,Статья 12.18 (Непредоставление преимущества пешеходу),500,Оплачен
4550,1032,2026-01-20,Статья 12.18 (Непредоставление преимущества пешеходу),3000,Не оплачен
4551,485,2026-02-22,Статья 12.18 (Непредоставление преимущества пешеходу),3000,Не оплачен
4552,905,2026-04-17,Статья 12.18 (Непредоставление преимущества пешеходу),1500,Не оплачен
4553,911,2026-03-26,Статья 12.19 ч.3 (Остановка на пешеходном переходе),1500,Не оплачен
4554,42,2026-04-15,Статья 12.19 ч.3 (Остановка на пешеходном переходе),4000,Не оплачен
4555,586,2026-03-11,Статья 12.6 (Непристегнутый ремень безопасности),2000,Не оплачен
4556,659,2026-05-29,Статья 12.9 ч.2 (Превышение скорости на 20-40 км/ч),3000,Не оплачен
4557,172,2026-03-14,Статья 12.12 ч.1 (Проезд на красный свет),3000,Не оплачен
4558,363,2026-04-28,Статья 12.19 ч.3 (Остановка на пешеходном переходе),3000,Оплачен
4559,741,2026-05-09,Статья 12.6 (Непристегнутый ремень безопасности),2500,Не оплачен
4560,276,2026-04-15,Статья 12.6 (Непристегнутый ремень безопасности),1000,Оплачен
4561,362,2026-05-26,Статья 12.16 ч.4 (Выезд на встречную полосу),2500,Оплачен
4562,261,2026-02-23,Статья 12.19 ч.3 (Остановка на пешеходном переходе),4500,Не оплачен
4563,209,2026-05-22,Статья 12.12 ч.1 (Проезд на красный свет),4500,Оплачен
4564,147,2026-04-08,Статья 12.9 ч.2 (Превышение скорости на 20-40 км/ч),3500,Оплачен
4565,130,2026-04-04,Статья 12.18 (Непредоставление преимущества пешеходу),5000,Оплачен
4566,280,2026-04-15,Статья 12.9 ч.2 (Превышение скорости на 20-40 км/ч),3000,Не оплачен
4567,1046,2026-04-20,Статья 12.18 (Непредоставление преимущества пешеходу),1500,Оплачен
4568,453,2026-03-13,Статья 12.18 (Непредоставление преимущества пешеходу),2500,Не оплачен
4569,897,2026-05-05,Статья 12.9 ч.2 (Превышение скорости на 20-40 км/ч),3000,Не оплачен
4570,535,2026-01-13,Статья 12.36.1 (Использование телефона за рулем),4500,Оплачен
4571,717,2026-03-27,Статья 12.16 ч.4 (Выезд на встречную полосу),5000,Оплачен
4572,878,2026-05-02,Статья 12.9 ч.2 (Превышение скорости на 20-40 км/ч),3500,Оплачен
4573,109,2026-05-20,Статья 12.6 (Непристегнутый ремень безопасности),3500,Не оплачен
4574,347,2026-03-18,Статья 12.6 (Непристегнутый ремень безопасности),3000,Не оплачен
4575,938,2026-01-14,Статья 12.6 (Непристегнутый ремень безопасности),1500,Не оплачен
4576,690,2026-03-25,Статья 12.36.1 (Использование телефона за рулем),2500,Оплачен
4577,761,2026-04-30,Статья 12.19 ч.3 (Остановка на пешеходном переходе),2500,Не оплачен
4578,788,2026-03-22,Статья 12.8 ч.1 (Управление ТС в состоянии опьянения),1000,Не оплачен
4579,585,2026-05-18,Статья 12.8 ч.1 (Управление ТС в состоянии опьянения),1500,Оплачен
4580,1153,2026-01-22,Статья 12.16 ч.4 (Выезд на встречную полосу),2500,Оплачен
4581,632,2026-04-02,Статья 12.36.1 (Использование телефона за рулем),2500,Не оплачен
4582,761,2026-03-12,Статья 12.9 ч.2 (Превышение скорости на 20-40 км/ч),1500,Оплачен
4583,467,2026-02-10,Статья 12.36.1 (Использование телефона за рулем),3500,Не оплачен
4584,191,2026-03-18,Статья 12.8 ч.1 (Управление ТС в состоянии опьянения),2500,Оплачен
4585,1128,2026-03-12,Статья 12.6 (Непристегнутый ремень безопасности),2500,Оплачен
4586,913,2026-03-29,Статья 12.8 ч.1 (Управление ТС в состоянии опьянения),1000,Не оплачен
4587,66,2026-03-14,Статья 12.6 (Непристегнутый ремень безопасности),1000,Не оплачен
4588,743,2026-02-22,Статья 12.18 (Непредоставление преимущества пешеходу),500,Не оплачен
4589,163,2026-03-03,Статья 12.19 ч.3 (Остановка на пешеходном переходе),3500,Не оплачен
4590,928,2026-05-07,Статья 12.36.1 (Использование телефона за рулем),5000,Не оплачен
4591,973,2026-01-27,Статья 12.36.1 (Использование телефона за рулем),2000,Не оплачен
4592,1200,2026-01-17,Статья 12.8 ч.1 (Управление ТС в состоянии опьянения),1500,Не оплачен
4593,1144,2026-05-25,Статья 12.18 (Непредоставление преимущества пешеходу),5000,Не оплачен
4594,465,2026-05-06,Статья 12.9 ч.2 (Превышение скорости на 20-40 км/ч),4500,Не оплачен
4595,1105,2026-02-09,Статья 12.19 ч.3 (Остановка на пешеходном переходе),500,Оплачен
4596,683,2026-03-16,Статья 12.18 (Непредоставление преимущества пешеходу),3500,Не оплачен
4597,32,2026-04-30,Статья 12.19 ч.3 (Остановка на пешеходном переходе),500,Оплачен
4598,67,2026-04-30,Статья 12.8 ч.1 (Управление ТС в состоянии опьянения),5000,Не оплачен
4599,418,2026-04-25,Статья 12.18 (Непредоставление преимущества пешеходу),4500,Не оплачен
4600,263,2026-01-07,Статья 12.9 ч.2 (Превышение скорости на 20-40 км/ч),2500,Не оплачен
4601,994,2026-04-10,Статья 12.12 ч.1 (Проезд на красный свет),1000,Не оплачен
4602,473,2026-05-17,Статья 12.8 ч.1 (Управление ТС в состоянии опьянения),4500,Оплачен
4603,654,2026-03-20,Статья 12.19 ч.3 (Остановка на пешеходном переходе),2000,Не оплачен
4604,275,2026-05-03,Статья 12.8 ч.1 (Управление ТС в состоянии опьянения),2000,Не оплачен
4605,970,2026-01-06,Статья 12.18 (Непредоставление преимущества пешеходу),1000,Оплачен
4606,202,2026-01-09,Статья 12.12 ч.1 (Проезд на красный свет),4500,Оплачен
4607,53,2026-05-17,Статья 12.36.1 (Использование телефона за рулем),1000,Оплачен
4608,207,2026-05-21,Статья 12.36.1 (Использование телефона за рулем),5000,Не оплачен
4609,1002,2026-05-16,Статья 12.9 ч.2 (Превышение скорости на 20-40 км/ч),5000,Не оплачен
4610,472,2026-05-22,Статья 12.16 ч.4 (Выезд на встречную полосу),4500,Не оплачен
4611,181,2026-06-01,Статья 12.36.1 (Использование телефона за рулем),1000,Оплачен
4612,906,2026-05-14,Статья 12.18 (Непредоставление преимущества пешеходу),4500,Оплачен
4613,720,2026-05-21,Статья 12.6 (Непристегнутый ремень безопасности),2000,Оплачен
4614,820,2026-02-15,Статья 12.18 (Непредоставление преимущества пешеходу),1500,Оплачен
4615,25,2026-05-09,Статья 12.6 (Непристегнутый ремень безопасности),2500,Не оплачен
4616,322,2026-03-31,Статья 12.12 ч.1 (Проезд на красный свет),3000,Не оплачен
4617,476,2026-01-09,Статья 12.36.1 (Использование телефона за рулем),5000,Не оплачен
4618,508,2026-05-01,Статья 12.36.1 (Использование телефона за рулем),3500,Не оплачен
4619,1175,2026-03-11,Статья 12.18 (Непредоставление преимущества пешеходу),1000,Не оплачен
4620,164,2026-02-14,Статья 12.12 ч.1 (Проезд на красный свет),3500,Оплачен
4621,807,2026-02-03,Статья 12.16 ч.4 (Выезд на встречную полосу),5000,Не оплачен
4622,770,2026-05-02,Статья 12.8 ч.1 (Управление ТС в состоянии опьянения),4500,Не оплачен
4623,155,2026-03-18,Статья 12.18 (Непредоставление преимущества пешеходу),2000,Оплачен
4624,979,2026-03-09,Статья 12.6 (Непристегнутый ремень безопасности),2500,Не оплачен
4625,791,2026-04-09,Статья 12.16 ч.4 (Выезд на встречную полосу),2500,Не оплачен
4626,1046,2026-01-21,Статья 12.9 ч.2 (Превышение скорости на 20-40 км/ч),2500,Не оплачен
4627,29,2026-02-06,Статья 12.18 (Непредоставление преимущества пешеходу),2000,Оплачен
4628,364,2026-04-21,Статья 12.12 ч.1 (Проезд на красный свет),1500,Оплачен
4629,249,2026-05-17,Статья 12.8 ч.1 (Управление ТС в состоянии опьянения),500,Оплачен
4630,474,2026-03-13,Статья 12.18 (Непредоставление преимущества пешеходу),3000,Не оплачен
4631,879,2026-06-01,Статья 12.9 ч.2 (Превышение скорости на 20-40 км/ч),1000,Не оплачен
4632,823,2026-05-28,Статья 12.6 (Непристегнутый ремень безопасности),2500,Не оплачен
4633,781,2026-03-01,Статья 12.8 ч.1 (Управление ТС в состоянии опьянения),4500,Не оплачен
4634,1145,2026-01-03,Статья 12.6 (Непристегнутый ремень безопасности),4000,Оплачен
4635,1103,2026-02-26,Статья 12.16 ч.4 (Выезд на встречную полосу),4500,Оплачен
4636,868,2026-03-03,Статья 12.6 (Непристегнутый ремень безопасности),2500,Не оплачен
4637,1133,2026-04-18,Статья 12.16 ч.4 (Выезд на встречную полосу),4000,Оплачен
4638,739,2026-05-18,Статья 12.16 ч.4 (Выезд на встречную полосу),4000,Не оплачен
4639,259,2026-01-24,Статья 12.9 ч.2 (Превышение скорости на 20-40 км/ч),3000,Не оплачен
4640,539,2026-04-05,Статья 12.12 ч.1 (Проезд на красный свет),2000,Оплачен
4641,1154,2026-03-03,Статья 12.6 (Непристегнутый ремень безопасности),3500,Не оплачен
4642,1076,2026-03-31,Статья 12.36.1 (Использование телефона за рулем),1000,Оплачен
4643,591,2026-05-16,Статья 12.19 ч.3 (Остановка на пешеходном переходе),5000,Не оплачен
4644,396,2026-02-28,Статья 12.18 (Непредоставление преимущества пешеходу),3000,Оплачен
4645,458,2026-01-08,Статья 12.9 ч.2 (Превышение скорости на 20-40 км/ч),2000,Не оплачен
4646,783,2026-01-15,Статья 12.8 ч.1 (Управление ТС в состоянии опьянения),3000,Не оплачен
4647,691,2026-06-01,Статья 12.12 ч.1 (Проезд на красный свет),4000,Не оплачен
4648,138,2026-02-13,Статья 12.16 ч.4 (Выезд на встречную полосу),4000,Оплачен
4649,649,2026-05-13,Статья 12.19 ч.3 (Остановка на пешеходном переходе),3000,Не оплачен
4650,184,2026-02-08,Статья 12.36.1 (Использование телефона за рулем),4500,Оплачен
4651,961,2026-03-19,Статья 12.16 ч.4 (Выезд на встречную полосу),1000,Оплачен
4652,924,2026-03-17,Статья 12.8 ч.1 (Управление ТС в состоянии опьянения),2000,Не оплачен
4653,781,2026-02-04,Статья 12.19 ч.3 (Остановка на пешеходном переходе),2000,Оплачен
4654,16,2026-01-23,Статья 12.6 (Непристегнутый ремень безопасности),1000,Оплачен
4655,500,2026-04-01,Статья 12.6 (Непристегнутый ремень безопасности),500,Оплачен
4656,619,2026-03-01,Статья 12.16 ч.4 (Выезд на встречную полосу),4500,Не оплачен
4657,371,2026-01-20,Статья 12.18 (Непредоставление преимущества пешеходу),5000,Оплачен
4658,125,2026-03-18,Статья 12.18 (Непредоставление преимущества пешеходу),4500,Оплачен
4659,246,2026-01-13,Статья 12.19 ч.3 (Остановка на пешеходном переходе),500,Не оплачен
4660,990,2026-01-03,Статья 12.12 ч.1 (Проезд на красный свет),3500,Не оплачен
4661,73,2026-01-19,Статья 12.19 ч.3 (Остановка на пешеходном переходе),5000,Оплачен
4662,297,2026-03-01,Статья 12.9 ч.2 (Превышение скорости на 20-40 км/ч),2000,Оплачен
4663,526,2026-03-21,Статья 12.9 ч.2 (Превышение скорости на 20-40 км/ч),4500,Не оплачен
4664,312,2026-02-20,Статья 12.36.1 (Использование телефона за рулем),5000,Оплачен
4665,1139,2026-02-25,Статья 12.6 (Непристегнутый ремень безопасности),1000,Оплачен
4666,531,2026-01-11,Статья 12.19 ч.3 (Остановка на пешеходном переходе),4000,Не оплачен
4667,924,2026-04-23,Статья 12.9 ч.2 (Превышение скорости на 20-40 км/ч),2000,Не оплачен
4668,252,2026-05-21,Статья 12.6 (Непристегнутый ремень безопасности),2500,Не оплачен
4669,785,2026-01-29,Статья 12.9 ч.2 (Превышение скорости на 20-40 км/ч),3500,Оплачен
4670,586,2026-03-07,Статья 12.12 ч.1 (Проезд на красный свет),3000,Оплачен
4671,979,2026-03-17,Статья 12.9 ч.2 (Превышение скорости на 20-40 км/ч),3500,Не оплачен
4672,554,2026-05-15,Статья 12.9 ч.2 (Превышение скорости на 20-40 км/ч),2000,Не оплачен
4673,1127,2026-02-12,Статья 12.12 ч.1 (Проезд на красный свет),4000,Оплачен
4674,241,2026-03-21,Статья 12.19 ч.3 (Остановка на пешеходном переходе),3500,Не оплачен
4675,1110,2026-03-21,Статья 12.19 ч.3 (Остановка на пешеходном переходе),2500,Оплачен
4676,865,2026-04-17,Статья 12.19 ч.3 (Остановка на пешеходном переходе),2000,Оплачен
4677,917,2026-05-17,Статья 12.9 ч.2 (Превышение скорости на 20-40 км/ч),1000,Не оплачен
4678,1074,2026-02-15,Статья 12.36.1 (Использование телефона за рулем),3500,Не оплачен
4679,912,2026-04-15,Статья 12.16 ч.4 (Выезд на встречную полосу),2500,Оплачен
4680,294,2026-05-16,Статья 12.19 ч.3 (Остановка на пешеходном переходе),5000,Оплачен
4681,754,2026-04-03,Статья 12.18 (Непредоставление преимущества пешеходу),5000,Не оплачен
4682,174,2026-03-17,Статья 12.19 ч.3 (Остановка на пешеходном переходе),4000,Оплачен
4683,708,2026-01-18,Статья 12.18 (Непредоставление преимущества пешеходу),2000,Оплачен
4684,251,2026-02-02,Статья 12.9 ч.2 (Превышение скорости на 20-40 км/ч),1000,Оплачен
4685,817,2026-03-28,Статья 12.9 ч.2 (Превышение скорости на 20-40 км/ч),4500,Не оплачен
4686,909,2026-04-30,Статья 12.18 (Непредоставление преимущества пешеходу),1000,Не оплачен
4687,1000,2026-01-23,Статья 12.18 (Непредоставление преимущества пешеходу),3000,Не оплачен
4688,420,2026-04-26,Статья 12.6 (Непристегнутый ремень безопасности),5000,Оплачен
4689,414,2026-03-26,Статья 12.19 ч.3 (Остановка на пешеходном переходе),1000,Не оплачен
4690,566,2026-01-24,Статья 12.19 ч.3 (Остановка на пешеходном переходе),5000,Не оплачен
4691,458,2026-04-26,Статья 12.16 ч.4 (Выезд на встречную полосу),2000,Не оплачен
4692,69,2026-04-05,Статья 12.8 ч.1 (Управление ТС в состоянии опьянения),1000,Не оплачен
4693,24,2026-04-17,Статья 12.6 (Непристегнутый ремень безопасности),1000,Оплачен
4694,613,2026-05-09,Статья 12.16 ч.4 (Выезд на встречную полосу),2000,Оплачен
4695,1198,2026-02-18,Статья 12.6 (Непристегнутый ремень безопасности),4500,Оплачен
4696,837,2026-01-15,Статья 12.9 ч.2 (Превышение скорости на 20-40 км/ч),1000,Оплачен
4697,1163,2026-01-31,Статья 12.6 (Непристегнутый ремень безопасности),2500,Оплачен
4698,1090,2026-03-22,Статья 12.12 ч.1 (Проезд на красный свет),4500,Не оплачен
4699,514,2026-01-08,Статья 12.12 ч.1 (Проезд на красный свет),1000,Оплачен
4700,549,2026-05-21,Статья 12.16 ч.4 (Выезд на встречную полосу),1500,Оплачен
4701,511,2026-02-13,Статья 12.8 ч.1 (Управление ТС в состоянии опьянения),1000,Не оплачен
4702,56,2026-02-12,Статья 12.12 ч.1 (Проезд на красный свет),5000,Не оплачен
4703,668,2026-05-02,Статья 12.12 ч.1 (Проезд на красный свет),500,Не оплачен
4704,114,2026-02-20,Статья 12.6 (Непристегнутый ремень безопасности),4000,Оплачен
4705,235,2026-02-15,Статья 12.19 ч.3 (Остановка на пешеходном переходе),1000,Не оплачен
4706,477,2026-02-19,Статья 12.18 (Непредоставление преимущества пешеходу),1500,Не оплачен
4707,1199,2026-01-30,Статья 12.8 ч.1 (Управление ТС в состоянии опьянения),1000,Не оплачен
4708,683,2026-02-14,Статья 12.16 ч.4 (Выезд на встречную полосу),1500,Не оплачен
4709,1044,2026-01-18,Статья 12.12 ч.1 (Проезд на красный свет),4000,Оплачен
4710,636,2026-01-31,Статья 12.36.1 (Использование телефона за рулем),2000,Не оплачен
4711,808,2026-05-30,Статья 12.9 ч.2 (Превышение скорости на 20-40 км/ч),4500,Оплачен
4712,390,2026-04-05,Статья 12.36.1 (Использование телефона за рулем),2000,Не оплачен
4713,1101,2026-05-04,Статья 12.16 ч.4 (Выезд на встречную полосу),4500,Не оплачен
4714,1137,2026-01-06,Статья 12.16 ч.4 (Выезд на встречную полосу),4000,Оплачен
4715,731,2026-05-10,Статья 12.12 ч.1 (Проезд на красный свет),2000,Оплачен
4716,844,2026-04-21,Статья 12.6 (Непристегнутый ремень безопасности),2000,Оплачен
4717,286,2026-02-15,Статья 12.9 ч.2 (Превышение скорости на 20-40 км/ч),3000,Оплачен
4718,1052,2026-04-04,Статья 12.18 (Непредоставление преимущества пешеходу),500,Оплачен
4719,282,2026-01-18,Статья 12.16 ч.4 (Выезд на встречную полосу),500,Не оплачен
4720,847,2026-04-13,Статья 12.36.1 (Использование телефона за рулем),3000,Оплачен
4721,510,2026-01-02,Статья 12.6 (Непристегнутый ремень безопасности),3000,Оплачен
4722,123,2026-03-13,Статья 12.12 ч.1 (Проезд на красный свет),3500,Оплачен
4723,165,2026-01-15,Статья 12.6 (Непристегнутый ремень безопасности),1500,Оплачен
4724,705,2026-05-05,Статья 12.18 (Непредоставление преимущества пешеходу),1500,Оплачен
4725,835,2026-03-11,Статья 12.36.1 (Использование телефона за рулем),3000,Не оплачен
4726,430,2026-03-27,Статья 12.16 ч.4 (Выезд на встречную полосу),500,Не оплачен
4727,693,2026-03-17,Статья 12.6 (Непристегнутый ремень безопасности),3500,Не оплачен
4728,529,2026-02-24,Статья 12.19 ч.3 (Остановка на пешеходном переходе),2000,Оплачен
4729,408,2026-01-31,Статья 12.12 ч.1 (Проезд на красный свет),2500,Оплачен
4730,703,2026-02-28,Статья 12.18 (Непредоставление преимущества пешеходу),1500,Не оплачен
4731,969,2026-01-02,Статья 12.16 ч.4 (Выезд на встречную полосу),500,Оплачен
4732,180,2026-02-11,Статья 12.12 ч.1 (Проезд на красный свет),3500,Не оплачен
4733,82,2026-04-28,Статья 12.36.1 (Использование телефона за рулем),2000,Оплачен
4734,1087,2026-02-17,Статья 12.16 ч.4 (Выезд на встречную полосу),1500,Не оплачен
4735,44,2026-05-31,Статья 12.19 ч.3 (Остановка на пешеходном переходе),2500,Оплачен
4736,1096,2026-02-21,Статья 12.18 (Непредоставление преимущества пешеходу),3000,Оплачен
4737,16,2026-04-03,Статья 12.16 ч.4 (Выезд на встречную полосу),500,Не оплачен
4738,3,2026-01-22,Статья 12.19 ч.3 (Остановка на пешеходном переходе),1500,Оплачен
4739,593,2026-05-11,Статья 12.9 ч.2 (Превышение скорости на 20-40 км/ч),5000,Не оплачен
4740,1114,2026-02-04,Статья 12.9 ч.2 (Превышение скорости на 20-40 км/ч),1000,Не оплачен
4741,425,2026-02-02,Статья 12.6 (Непристегнутый ремень безопасности),2500,Не оплачен
4742,599,2026-02-01,Статья 12.8 ч.1 (Управление ТС в состоянии опьянения),1500,Не оплачен
4743,47,2026-05-18,Статья 12.16 ч.4 (Выезд на встречную полосу),4500,Не оплачен
4744,224,2026-05-10,Статья 12.8 ч.1 (Управление ТС в состоянии опьянения),2000,Оплачен
4745,66,2026-04-15,Статья 12.6 (Непристегнутый ремень безопасности),4000,Не оплачен
4746,262,2026-05-13,Статья 12.36.1 (Использование телефона за рулем),2500,Оплачен
4747,16,2026-01-31,Статья 12.18 (Непредоставление преимущества пешеходу),1500,Оплачен
4748,92,2026-01-23,Статья 12.36.1 (Использование телефона за рулем),1500,Не оплачен
4749,207,2026-02-17,Статья 12.6 (Непристегнутый ремень безопасности),4500,Не оплачен
4750,23,2026-03-28,Статья 12.16 ч.4 (Выезд на встречную полосу),4500,Не оплачен
4751,246,2026-03-14,Статья 12.36.1 (Использование телефона за рулем),4500,Не оплачен
4752,1062,2026-05-25,Статья 12.8 ч.1 (Управление ТС в состоянии опьянения),5000,Оплачен
4753,30,2026-01-25,Статья 12.12 ч.1 (Проезд на красный свет),4000,Не оплачен
4754,1049,2026-01-25,Статья 12.9 ч.2 (Превышение скорости на 20-40 км/ч),1500,Оплачен
4755,23,2026-05-18,Статья 12.36.1 (Использование телефона за рулем),4500,Оплачен
4756,384,2026-02-17,Статья 12.16 ч.4 (Выезд на встречную полосу),1500,Не оплачен
4757,1122,2026-01-12,Статья 12.9 ч.2 (Превышение скорости на 20-40 км/ч),3500,Оплачен
4758,771,2026-04-09,Статья 12.18 (Непредоставление преимущества пешеходу),3000,Оплачен
4759,287,2026-04-07,Статья 12.12 ч.1 (Проезд на красный свет),2500,Не оплачен
4760,428,2026-02-06,Статья 12.36.1 (Использование телефона за рулем),3000,Оплачен
4761,697,2026-04-01,Статья 12.16 ч.4 (Выезд на встречную полосу),5000,Не оплачен
4762,829,2026-05-21,Статья 12.36.1 (Использование телефона за рулем),4500,Не оплачен
4763,1167,2026-01-08,Статья 12.12 ч.1 (Проезд на красный свет),500,Оплачен
4764,852,2026-03-30,Статья 12.6 (Непристегнутый ремень безопасности),5000,Не оплачен
4765,326,2026-04-29,Статья 12.12 ч.1 (Проезд на красный свет),500,Оплачен
4766,904,2026-05-31,Статья 12.6 (Непристегнутый ремень безопасности),1500,Оплачен
4767,539,2026-04-20,Статья 12.19 ч.3 (Остановка на пешеходном переходе),500,Не оплачен
4768,182,2026-03-19,Статья 12.18 (Непредоставление преимущества пешеходу),500,Не оплачен
4769,786,2026-02-05,Статья 12.19 ч.3 (Остановка на пешеходном переходе),1500,Не оплачен
4770,797,2026-02-17,Статья 12.12 ч.1 (Проезд на красный свет),500,Не оплачен
4771,1039,2026-05-23,Статья 12.6 (Непристегнутый ремень безопасности),2000,Не оплачен
4772,275,2026-01-21,Статья 12.8 ч.1 (Управление ТС в состоянии опьянения),500,Не оплачен
4773,330,2026-03-15,Статья 12.36.1 (Использование телефона за рулем),4500,Оплачен
4774,221,2026-01-03,Статья 12.18 (Непредоставление преимущества пешеходу),3000,Не оплачен
4775,1116,2026-05-21,Статья 12.8 ч.1 (Управление ТС в состоянии опьянения),2000,Не оплачен
4776,244,2026-02-23,Статья 12.19 ч.3 (Остановка на пешеходном переходе),1500,Не оплачен
4777,536,2026-03-19,Статья 12.8 ч.1 (Управление ТС в состоянии опьянения),1500,Оплачен
4778,946,2026-04-30,Статья 12.19 ч.3 (Остановка на пешеходном переходе),2500,Оплачен
4779,64,2026-04-03,Статья 12.6 (Непристегнутый ремень безопасности),2500,Не оплачен
4780,715,2026-01-04,Статья 12.6 (Непристегнутый ремень безопасности),3500,Не оплачен
4781,1031,2026-03-08,Статья 12.12 ч.1 (Проезд на красный свет),500,Оплачен
4782,387,2026-02-09,Статья 12.18 (Непредоставление преимущества пешеходу),2000,Оплачен
4783,182,2026-01-12,Статья 12.16 ч.4 (Выезд на встречную полосу),4500,Оплачен
4784,784,2026-05-31,Статья 12.18 (Непредоставление преимущества пешеходу),4500,Не оплачен
4785,830,2026-03-17,Статья 12.19 ч.3 (Остановка на пешеходном переходе),4000,Не оплачен
4786,42,2026-03-26,Статья 12.12 ч.1 (Проезд на красный свет),3500,Оплачен
4787,222,2026-03-01,Статья 12.6 (Непристегнутый ремень безопасности),2500,Оплачен
4788,1130,2026-03-17,Статья 12.12 ч.1 (Проезд на красный свет),4500,Не оплачен
4789,851,2026-05-04,Статья 12.8 ч.1 (Управление ТС в состоянии опьянения),2500,Не оплачен
4790,554,2026-03-07,Статья 12.36.1 (Использование телефона за рулем),1500,Оплачен
4791,1019,2026-02-03,Статья 12.18 (Непредоставление преимущества пешеходу),5000,Оплачен
4792,611,2026-03-16,Статья 12.9 ч.2 (Превышение скорости на 20-40 км/ч),1000,Не оплачен
4793,469,2026-04-03,Статья 12.19 ч.3 (Остановка на пешеходном переходе),3500,Не оплачен
4794,432,2026-02-09,Статья 12.19 ч.3 (Остановка на пешеходном переходе),500,Оплачен
4795,78,2026-01-11,Статья 12.9 ч.2 (Превышение скорости на 20-40 км/ч),2000,Оплачен
4796,503,2026-02-20,Статья 12.8 ч.1 (Управление ТС в состоянии опьянения),3500,Не оплачен
4797,42,2026-05-20,Статья 12.19 ч.3 (Остановка на пешеходном переходе),5000,Не оплачен
4798,631,2026-04-06,Статья 12.8 ч.1 (Управление ТС в состоянии опьянения),3000,Не оплачен
4799,719,2026-04-09,Статья 12.18 (Непредоставление преимущества пешеходу),5000,Не оплачен
4800,1073,2026-01-17,Статья 12.36.1 (Использование телефона за рулем),1000,Оплачен
4801,242,2026-05-18,Статья 12.12 ч.1 (Проезд на красный свет),4000,Оплачен
4802,1115,2026-02-14,Статья 12.9 ч.2 (Превышение скорости на 20-40 км/ч),2000,Не оплачен
4803,711,2026-02-15,Статья 12.18 (Непредоставление преимущества пешеходу),1500,Не оплачен
4804,645,2026-03-15,Статья 12.8 ч.1 (Управление ТС в состоянии опьянения),5000,Оплачен
4805,259,2026-02-13,Статья 12.6 (Непристегнутый ремень безопасности),2000,Оплачен
4806,22,2026-01-04,Статья 12.36.1 (Использование телефона за рулем),4000,Не оплачен
4807,599,2026-01-06,Статья 12.12 ч.1 (Проезд на красный свет),1500,Не оплачен
4808,272,2026-04-23,Статья 12.6 (Непристегнутый ремень безопасности),5000,Не оплачен
4809,1093,2026-04-15,Статья 12.6 (Непристегнутый ремень безопасности),500,Оплачен
4810,520,2026-04-30,Статья 12.12 ч.1 (Проезд на красный свет),3000,Не оплачен
4811,788,2026-02-20,Статья 12.8 ч.1 (Управление ТС в состоянии опьянения),2500,Не оплачен
4812,821,2026-02-11,Статья 12.16 ч.4 (Выезд на встречную полосу),2500,Не оплачен
4813,1000,2026-01-02,Статья 12.16 ч.4 (Выезд на встречную полосу),2000,Не оплачен
4814,776,2026-04-26,Статья 12.16 ч.4 (Выезд на встречную полосу),1000,Не оплачен
4815,739,2026-02-06,Статья 12.36.1 (Использование телефона за рулем),4000,Не оплачен
4816,401,2026-02-20,Статья 12.9 ч.2 (Превышение скорости на 20-40 км/ч),3000,Оплачен
4817,63,2026-04-07,Статья 12.19 ч.3 (Остановка на пешеходном переходе),3500,Не оплачен
4818,1158,2026-06-01,Статья 12.36.1 (Использование телефона за рулем),1500,Оплачен
4819,731,2026-03-12,Статья 12.19 ч.3 (Остановка на пешеходном переходе),3000,Оплачен
4820,1190,2026-01-02,Статья 12.8 ч.1 (Управление ТС в состоянии опьянения),2000,Не оплачен
4821,580,2026-02-28,Статья 12.6 (Непристегнутый ремень безопасности),2500,Не оплачен
4822,829,2026-01-03,Статья 12.18 (Непредоставление преимущества пешеходу),1000,Не оплачен
4823,1184,2026-02-25,Статья 12.16 ч.4 (Выезд на встречную полосу),2500,Оплачен
4824,948,2026-01-09,Статья 12.19 ч.3 (Остановка на пешеходном переходе),2000,Оплачен
4825,758,2026-04-28,Статья 12.9 ч.2 (Превышение скорости на 20-40 км/ч),1500,Оплачен
4826,1135,2026-01-16,Статья 12.12 ч.1 (Проезд на красный свет),3000,Не оплачен
4827,157,2026-05-03,Статья 12.16 ч.4 (Выезд на встречную полосу),2500,Не оплачен
4828,1050,2026-05-28,Статья 12.19 ч.3 (Остановка на пешеходном переходе),1000,Не оплачен
4829,738,2026-04-05,Статья 12.19 ч.3 (Остановка на пешеходном переходе),1000,Не оплачен
4830,463,2026-02-25,Статья 12.16 ч.4 (Выезд на встречную полосу),2000,Оплачен
4831,137,2026-03-09,Статья 12.19 ч.3 (Остановка на пешеходном переходе),2000,Оплачен
4832,907,2026-03-26,Статья 12.12 ч.1 (Проезд на красный свет),4000,Оплачен
4833,109,2026-01-15,Статья 12.6 (Непристегнутый ремень безопасности),2500,Оплачен
4834,814,2026-03-15,Статья 12.19 ч.3 (Остановка на пешеходном переходе),4500,Не оплачен
4835,452,2026-04-24,Статья 12.16 ч.4 (Выезд на встречную полосу),2500,Не оплачен
4836,996,2026-01-01,Статья 12.16 ч.4 (Выезд на встречную полосу),3500,Не оплачен
4837,415,2026-04-04,Статья 12.18 (Непредоставление преимущества пешеходу),2000,Не оплачен
4838,132,2026-03-21,Статья 12.9 ч.2 (Превышение скорости на 20-40 км/ч),5000,Не оплачен
4839,813,2026-03-13,Статья 12.19 ч.3 (Остановка на пешеходном переходе),4500,Оплачен
4840,42,2026-03-09,Статья 12.19 ч.3 (Остановка на пешеходном переходе),3000,Оплачен
4841,299,2026-04-10,Статья 12.6 (Непристегнутый ремень безопасности),1500,Не оплачен
4842,834,2026-01-12,Статья 12.9 ч.2 (Превышение скорости на 20-40 км/ч),4000,Оплачен
4843,683,2026-04-14,Статья 12.16 ч.4 (Выезд на встречную полосу),3000,Оплачен
4844,854,2026-01-18,Статья 12.6 (Непристегнутый ремень безопасности),500,Не оплачен
4845,1102,2026-04-23,Статья 12.19 ч.3 (Остановка на пешеходном переходе),2500,Оплачен
4846,399,2026-02-14,Статья 12.9 ч.2 (Превышение скорости на 20-40 км/ч),4500,Оплачен
4847,1030,2026-05-24,Статья 12.36.1 (Использование телефона за рулем),3000,Не оплачен
4848,1103,2026-04-24,Статья 12.8 ч.1 (Управление ТС в состоянии опьянения),3000,Оплачен
4849,440,2026-03-06,Статья 12.36.1 (Использование телефона за рулем),5000,Не оплачен
4850,1196,2026-02-02,Статья 12.36.1 (Использование телефона за рулем),4500,Не оплачен
4851,659,2026-02-07,Статья 12.18 (Непредоставление преимущества пешеходу),500,Не оплачен
4852,780,2026-04-08,Статья 12.36.1 (Использование телефона за рулем),4500,Оплачен
4853,675,2026-03-22,Статья 12.18 (Непредоставление преимущества пешеходу),500,Оплачен
4854,832,2026-03-20,Статья 12.8 ч.1 (Управление ТС в состоянии опьянения),4500,Не оплачен
4855,950,2026-02-05,Статья 12.12 ч.1 (Проезд на красный свет),2000,Оплачен
4856,606,2026-05-09,Статья 12.18 (Непредоставление преимущества пешеходу),3500,Оплачен
4857,152,2026-05-07,Статья 12.6 (Непристегнутый ремень безопасности),2500,Не оплачен
4858,829,2026-05-27,Статья 12.16 ч.4 (Выезд на встречную полосу),4500,Оплачен
4859,42,2026-01-07,Статья 12.8 ч.1 (Управление ТС в состоянии опьянения),3000,Оплачен
4860,626,2026-03-11,Статья 12.8 ч.1 (Управление ТС в состоянии опьянения),1000,Оплачен
4861,265,2026-05-09,Статья 12.12 ч.1 (Проезд на красный свет),3000,Не оплачен
4862,408,2026-05-10,Статья 12.6 (Непристегнутый ремень безопасности),1000,Оплачен
4863,601,2026-03-25,Статья 12.19 ч.3 (Остановка на пешеходном переходе),2500,Оплачен
4864,728,2026-03-05,Статья 12.8 ч.1 (Управление ТС в состоянии опьянения),5000,Не оплачен
4865,1138,2026-04-30,Статья 12.12 ч.1 (Проезд на красный свет),1500,Оплачен
4866,222,2026-04-27,Статья 12.16 ч.4 (Выезд на встречную полосу),1000,Оплачен
4867,287,2026-04-15,Статья 12.6 (Непристегнутый ремень безопасности),2500,Не оплачен
4868,319,2026-04-18,Статья 12.8 ч.1 (Управление ТС в состоянии опьянения),3500,Не оплачен
4869,945,2026-05-21,Статья 12.19 ч.3 (Остановка на пешеходном переходе),1500,Не оплачен
4870,564,2026-04-22,Статья 12.8 ч.1 (Управление ТС в состоянии опьянения),1500,Не оплачен
4871,583,2026-03-16,Статья 12.8 ч.1 (Управление ТС в состоянии опьянения),2500,Оплачен
4872,148,2026-01-15,Статья 12.8 ч.1 (Управление ТС в состоянии опьянения),500,Оплачен
4873,843,2026-04-13,Статья 12.36.1 (Использование телефона за рулем),3500,Не оплачен
4874,364,2026-03-24,Статья 12.36.1 (Использование телефона за рулем),3000,Не оплачен
4875,103,2026-03-11,Статья 12.16 ч.4 (Выезд на встречную полосу),2000,Оплачен
4876,880,2026-01-29,Статья 12.19 ч.3 (Остановка на пешеходном переходе),500,Не оплачен
4877,70,2026-04-28,Статья 12.16 ч.4 (Выезд на встречную полосу),1000,Оплачен
4878,783,2026-01-30,Статья 12.8 ч.1 (Управление ТС в состоянии опьянения),2000,Оплачен
4879,813,2026-04-15,Статья 12.16 ч.4 (Выезд на встречную полосу),5000,Не оплачен
4880,830,2026-02-21,Статья 12.16 ч.4 (Выезд на встречную полосу),1500,Оплачен
4881,1083,2026-05-21,Статья 12.19 ч.3 (Остановка на пешеходном переходе),1000,Не оплачен
4882,1007,2026-05-07,Статья 12.16 ч.4 (Выезд на встречную полосу),500,Не оплачен
4883,1172,2026-05-06,Статья 12.8 ч.1 (Управление ТС в состоянии опьянения),500,Не оплачен
4884,756,2026-03-03,Статья 12.19 ч.3 (Остановка на пешеходном переходе),3500,Оплачен
4885,310,2026-04-09,Статья 12.8 ч.1 (Управление ТС в состоянии опьянения),1500,Не оплачен
4886,709,2026-02-27,Статья 12.36.1 (Использование телефона за рулем),2500,Оплачен
4887,570,2026-05-11,Статья 12.18 (Непредоставление преимущества пешеходу),4500,Не оплачен
4888,1122,2026-02-08,Статья 12.9 ч.2 (Превышение скорости на 20-40 км/ч),3000,Оплачен
4889,863,2026-04-23,Статья 12.6 (Непристегнутый ремень безопасности),3500,Не оплачен
4890,1119,2026-01-30,Статья 12.18 (Непредоставление преимущества пешеходу),1500,Оплачен
4891,970,2026-01-02,Статья 12.16 ч.4 (Выезд на встречную полосу),3000,Оплачен
4892,472,2026-04-22,Статья 12.8 ч.1 (Управление ТС в состоянии опьянения),1000,Не оплачен
4893,600,2026-04-05,Статья 12.9 ч.2 (Превышение скорости на 20-40 км/ч),1500,Оплачен
4894,817,2026-05-22,Статья 12.16 ч.4 (Выезд на встречную полосу),2500,Оплачен
4895,563,2026-01-25,Статья 12.12 ч.1 (Проезд на красный свет),3500,Не оплачен
4896,773,2026-03-03,Статья 12.18 (Непредоставление преимущества пешеходу),1000,Оплачен
4897,487,2026-03-03,Статья 12.16 ч.4 (Выезд на встречную полосу),2500,Не оплачен
4898,1151,2026-01-04,Статья 12.9 ч.2 (Превышение скорости на 20-40 км/ч),4500,Не оплачен
4899,1116,2026-04-09,Статья 12.16 ч.4 (Выезд на встречную полосу),2000,Не оплачен
4900,900,2026-03-16,Статья 12.18 (Непредоставление преимущества пешеходу),4000,Оплачен
4901,560,2026-04-04,Статья 12.18 (Непредоставление преимущества пешеходу),1500,Не оплачен
4902,138,2026-03-18,Статья 12.8 ч.1 (Управление ТС в состоянии опьянения),500,Не оплачен
4903,677,2026-03-05,Статья 12.19 ч.3 (Остановка на пешеходном переходе),3500,Оплачен
4904,587,2026-01-13,Статья 12.6 (Непристегнутый ремень безопасности),500,Не оплачен
4905,577,2026-04-06,Статья 12.12 ч.1 (Проезд на красный свет),2000,Оплачен
4906,465,2026-04-19,Статья 12.12 ч.1 (Проезд на красный свет),3000,Оплачен
4907,349,2026-04-20,Статья 12.12 ч.1 (Проезд на красный свет),4000,Оплачен
4908,47,2026-01-05,Статья 12.16 ч.4 (Выезд на встречную полосу),500,Оплачен
4909,499,2026-05-11,Статья 12.19 ч.3 (Остановка на пешеходном переходе),1000,Оплачен
4910,301,2026-04-17,Статья 12.36.1 (Использование телефона за рулем),4500,Оплачен
4911,59,2026-04-17,Статья 12.6 (Непристегнутый ремень безопасности),2500,Оплачен
4912,964,2026-01-27,Статья 12.9 ч.2 (Превышение скорости на 20-40 км/ч),3000,Не оплачен
4913,298,2026-03-03,Статья 12.12 ч.1 (Проезд на красный свет),3000,Оплачен
4914,343,2026-04-20,Статья 12.18 (Непредоставление преимущества пешеходу),3500,Не оплачен
4915,96,2026-03-19,Статья 12.8 ч.1 (Управление ТС в состоянии опьянения),4500,Оплачен
4916,698,2026-01-01,Статья 12.8 ч.1 (Управление ТС в состоянии опьянения),2500,Не оплачен
4917,166,2026-03-08,Статья 12.12 ч.1 (Проезд на красный свет),2500,Не оплачен
4918,369,2026-04-26,Статья 12.9 ч.2 (Превышение скорости на 20-40 км/ч),4500,Оплачен
4919,463,2026-05-13,Статья 12.18 (Непредоставление преимущества пешеходу),1000,Не оплачен
4920,1134,2026-04-22,Статья 12.8 ч.1 (Управление ТС в состоянии опьянения),1500,Не оплачен
4921,960,2026-05-07,Статья 12.36.1 (Использование телефона за рулем),3000,Оплачен
4922,861,2026-04-27,Статья 12.18 (Непредоставление преимущества пешеходу),2000,Оплачен
4923,1037,2026-01-09,Статья 12.9 ч.2 (Превышение скорости на 20-40 км/ч),2500,Не оплачен
4924,880,2026-01-12,Статья 12.8 ч.1 (Управление ТС в состоянии опьянения),2000,Оплачен
4925,564,2026-01-17,Статья 12.16 ч.4 (Выезд на встречную полосу),2000,Не оплачен
4926,189,2026-05-16,Статья 12.6 (Непристегнутый ремень безопасности),4000,Не оплачен
4927,841,2026-01-26,Статья 12.12 ч.1 (Проезд на красный свет),3000,Не оплачен
4928,1198,2026-03-07,Статья 12.19 ч.3 (Остановка на пешеходном переходе),4500,Не оплачен
4929,360,2026-04-08,Статья 12.19 ч.3 (Остановка на пешеходном переходе),2000,Не оплачен
4930,789,2026-03-21,Статья 12.16 ч.4 (Выезд на встречную полосу),5000,Не оплачен
4931,84,2026-04-17,Статья 12.36.1 (Использование телефона за рулем),3500,Не оплачен
4932,134,2026-03-09,Статья 12.12 ч.1 (Проезд на красный свет),2500,Не оплачен
4933,741,2026-01-27,Статья 12.36.1 (Использование телефона за рулем),4500,Не оплачен
4934,271,2026-05-26,Статья 12.36.1 (Использование телефона за рулем),4500,Оплачен
4935,431,2026-04-09,Статья 12.6 (Непристегнутый ремень безопасности),2500,Не оплачен
4936,1057,2026-02-22,Статья 12.19 ч.3 (Остановка на пешеходном переходе),4000,Оплачен
4937,230,2026-03-22,Статья 12.16 ч.4 (Выезд на встречную полосу),4000,Не оплачен
4938,139,2026-03-06,Статья 12.36.1 (Использование телефона за рулем),2500,Не оплачен
4939,1150,2026-05-29,Статья 12.16 ч.4 (Выезд на встречную полосу),4000,Не оплачен
4940,609,2026-03-22,Статья 12.9 ч.2 (Превышение скорости на 20-40 км/ч),5000,Оплачен
4941,480,2026-01-20,Статья 12.8 ч.1 (Управление ТС в состоянии опьянения),3500,Оплачен
4942,1120,2026-01-03,Статья 12.8 ч.1 (Управление ТС в состоянии опьянения),2000,Не оплачен
4943,769,2026-04-15,Статья 12.18 (Непредоставление преимущества пешеходу),3500,Оплачен
4944,586,2026-01-23,Статья 12.16 ч.4 (Выезд на встречную полосу),1500,Не оплачен
4945,56,2026-02-19,Статья 12.12 ч.1 (Проезд на красный свет),500,Не оплачен
4946,881,2026-03-06,Статья 12.36.1 (Использование телефона за рулем),2000,Оплачен
4947,965,2026-01-07,Статья 12.6 (Непристегнутый ремень безопасности),3500,Оплачен
4948,308,2026-04-07,Статья 12.12 ч.1 (Проезд на красный свет),3500,Не оплачен
4949,811,2026-03-23,Статья 12.9 ч.2 (Превышение скорости на 20-40 км/ч),1500,Не оплачен
4950,671,2026-01-17,Статья 12.19 ч.3 (Остановка на пешеходном переходе),3000,Не оплачен
4951,1125,2026-01-29,Статья 12.16 ч.4 (Выезд на встречную полосу),4000,Оплачен
4952,664,2026-05-18,Статья 12.36.1 (Использование телефона за рулем),2000,Не оплачен
4953,426,2026-05-20,Статья 12.6 (Непристегнутый ремень безопасности),500,Оплачен
4954,515,2026-03-14,Статья 12.9 ч.2 (Превышение скорости на 20-40 км/ч),3500,Не оплачен
4955,149,2026-03-21,Статья 12.12 ч.1 (Проезд на красный свет),3500,Оплачен
4956,475,2026-05-23,Статья 12.9 ч.2 (Превышение скорости на 20-40 км/ч),3000,Не оплачен
4957,712,2026-05-22,Статья 12.8 ч.1 (Управление ТС в состоянии опьянения),3000,Не оплачен
4958,61,2026-04-10,Статья 12.19 ч.3 (Остановка на пешеходном переходе),3500,Оплачен
4959,398,2026-05-23,Статья 12.12 ч.1 (Проезд на красный свет),2500,Оплачен
4960,584,2026-01-12,Статья 12.18 (Непредоставление преимущества пешеходу),3500,Не оплачен
4961,500,2026-01-22,Статья 12.9 ч.2 (Превышение скорости на 20-40 км/ч),3500,Оплачен
4962,34,2026-01-14,Статья 12.6 (Непристегнутый ремень безопасности),2500,Не оплачен
4963,451,2026-02-10,Статья 12.19 ч.3 (Остановка на пешеходном переходе),1000,Оплачен
4964,181,2026-01-31,Статья 12.36.1 (Использование телефона за рулем),4000,Оплачен
4965,755,2026-04-28,Статья 12.16 ч.4 (Выезд на встречную полосу),1500,Не оплачен
4966,1018,2026-04-14,Статья 12.18 (Непредоставление преимущества пешеходу),1500,Оплачен
4967,482,2026-05-04,Статья 12.36.1 (Использование телефона за рулем),2500,Оплачен
4968,1052,2026-02-23,Статья 12.9 ч.2 (Превышение скорости на 20-40 км/ч),1000,Оплачен
4969,45,2026-01-20,Статья 12.12 ч.1 (Проезд на красный свет),5000,Не оплачен
4970,310,2026-05-06,Статья 12.6 (Непристегнутый ремень безопасности),4500,Оплачен
4971,325,2026-01-10,Статья 12.9 ч.2 (Превышение скорости на 20-40 км/ч),2500,Не оплачен
4972,525,2026-01-05,Статья 12.12 ч.1 (Проезд на красный свет),3500,Оплачен
4973,133,2026-05-02,Статья 12.9 ч.2 (Превышение скорости на 20-40 км/ч),1500,Оплачен
4974,643,2026-02-11,Статья 12.36.1 (Использование телефона за рулем),1500,Оплачен
4975,648,2026-01-28,Статья 12.9 ч.2 (Превышение скорости на 20-40 км/ч),5000,Не оплачен
4976,82,2026-05-12,Статья 12.6 (Непристегнутый ремень безопасности),4000,Не оплачен
4977,86,2026-04-21,Статья 12.18 (Непредоставление преимущества пешеходу),3000,Оплачен
4978,766,2026-04-17,Статья 12.6 (Непристегнутый ремень безопасности),2500,Не оплачен
4979,433,2026-01-06,Статья 12.8 ч.1 (Управление ТС в состоянии опьянения),2000,Не оплачен
4980,1008,2026-05-20,Статья 12.36.1 (Использование телефона за рулем),3500,Оплачен
4981,133,2026-01-13,Статья 12.6 (Непристегнутый ремень безопасности),3500,Оплачен
4982,632,2026-04-03,Статья 12.36.1 (Использование телефона за рулем),5000,Не оплачен
4983,532,2026-04-21,Статья 12.12 ч.1 (Проезд на красный свет),4500,Оплачен
4984,21,2026-01-18,Статья 12.19 ч.3 (Остановка на пешеходном переходе),1500,Не оплачен
4985,986,2026-03-18,Статья 12.6 (Непристегнутый ремень безопасности),2000,Оплачен
4986,760,2026-03-19,Статья 12.19 ч.3 (Остановка на пешеходном переходе),3000,Оплачен
4987,90,2026-02-26,Статья 12.6 (Непристегнутый ремень безопасности),5000,Не оплачен
4988,636,2026-01-19,Статья 12.19 ч.3 (Остановка на пешеходном переходе),4000,Оплачен
4989,240,2026-05-28,Статья 12.6 (Непристегнутый ремень безопасности),3000,Не оплачен
4990,616,2026-01-10,Статья 12.6 (Непристегнутый ремень безопасности),500,Оплачен
4991,414,2026-05-14,Статья 12.18 (Непредоставление преимущества пешеходу),5000,Не оплачен
4992,1193,2026-05-24,Статья 12.9 ч.2 (Превышение скорости на 20-40 км/ч),2500,Не оплачен
4993,508,2026-02-19,Статья 12.19 ч.3 (Остановка на пешеходном переходе),500,Оплачен
4994,671,2026-04-11,Статья 12.9 ч.2 (Превышение скорости на 20-40 км/ч),500,Оплачен
4995,557,2026-02-16,Статья 12.36.1 (Использование телефона за рулем),3500,Оплачен
4996,1052,2026-01-26,Статья 12.19 ч.3 (Остановка на пешеходном переходе),3500,Не оплачен
4997,253,2026-01-25,Статья 12.16 ч.4 (Выезд на встречную полосу),5000,Оплачен
4998,714,2026-05-10,Статья 12.6 (Непристегнутый ремень безопасности),4500,Оплачен
4999,533,2026-01-10,Статья 12.18 (Непредоставление преимущества пешеходу),4500,Оплачен
5000,684,2026-01-12,Статья 12.36.1 (Использование телефона за рулем),5000,Не оплачен
