policy_id,car_id,company,start_date,end_date,cost
1,482,РЕСО-Гарантия,2026-05-24 07:31:49.978191,2027-05-24 07:31:49.978191,13851
2,305,Ингосстрах,2025-04-25 22:26:01.698827,2026-04-25 22:26:01.698827,11042
3,305,Росгосстрах,2026-04-25 22:26:01.698827,2027-04-25 22:26:01.698827,14772
4,938,РЕСО-Гарантия,2025-10-28 00:46:21.399353,2026-10-28 00:46:21.399353,24676
5,193,Росгосстрах,2026-02-28 19:45:04.806319,2027-02-28 19:45:04.806319,12703
6,577,ВСК,2023-09-09 09:15:16.426193,2024-09-08 09:15:16.426193,9385
7,577,Т-Страхование,2024-09-08 09:15:16.426193,2025-09-08 09:15:16.426193,23140
8,577,АльфаСтрахование,2025-09-08 09:15:16.426193,2026-09-08 09:15:16.426193,17776
9,745,Т-Страхование,2026-05-29 04:55:13.772077,2027-05-29 04:55:13.772077,18577
10,1146,АльфаСтрахование,2025-07-10 11:11:58.545766,2026-07-10 11:11:58.545766,24653
11,826,АльфаСтрахование,2024-11-01 19:05:11.919482,2025-11-01 19:05:11.919482,24859
12,826,Росгосстрах,2025-11-01 19:05:11.919482,2026-11-01 19:05:11.919482,8498
13,802,РЕСО-Гарантия,2024-05-15 09:40:59.641840,2025-05-15 09:40:59.641840,7231
14,802,Т-Страхование,2025-05-15 09:40:59.641840,2026-05-15 09:40:59.641840,11558
15,711,Росгосстрах,2025-12-11 05:32:02.954527,2026-12-11 05:32:02.954527,14618
16,490,РЕСО-Гарантия,2025-12-20 09:29:04.897914,2026-12-20 09:29:04.897914,21450
17,738,Росгосстрах,2025-08-05 07:09:43.335593,2026-08-05 07:09:43.335593,23555
18,656,АльфаСтрахование,2025-05-02 02:18:05.792162,2026-05-02 02:18:05.792162,12200
19,427,АльфаСтрахование,2025-12-31 08:58:22.950149,2026-12-31 08:58:22.950149,5687
20,390,Росгосстрах,2025-06-05 15:57:21.791027,2026-06-05 15:57:21.791027,22546
21,980,Росгосстрах,2025-12-26 20:15:23.086942,2026-12-26 20:15:23.086942,23184
22,519,РЕСО-Гарантия,2022-08-04 00:44:25.588560,2023-08-04 00:44:25.588560,24819
23,519,ВСК,2023-08-04 00:44:25.588560,2024-08-03 00:44:25.588560,21723
24,519,РЕСО-Гарантия,2024-08-03 00:44:25.588560,2025-08-03 00:44:25.588560,8579
25,519,Т-Страхование,2025-08-03 00:44:25.588560,2026-08-03 00:44:25.588560,8808
26,608,Т-Страхование,2026-04-28 05:58:51.167190,2027-04-28 05:58:51.167190,6864
27,505,РЕСО-Гарантия,2026-05-22 15:45:42.829644,2027-05-22 15:45:42.829644,11852
28,663,РЕСО-Гарантия,2024-12-24 21:53:01.489464,2025-12-24 21:53:01.489464,19277
29,663,ВСК,2025-12-24 21:53:01.489464,2026-12-24 21:53:01.489464,14734
30,785,Т-Страхование,2024-05-11 09:22:35.093767,2025-05-11 09:22:35.093767,11240
31,785,Ингосстрах,2025-05-11 09:22:35.093767,2026-05-11 09:22:35.093767,7755
32,653,ВСК,2025-09-23 17:37:34.392094,2026-09-23 17:37:34.392094,15439
33,514,ВСК,2025-08-27 23:33:00.052692,2026-08-27 23:33:00.052692,16530
34,740,РЕСО-Гарантия,2025-08-09 02:42:37.684429,2026-08-09 02:42:37.684429,19055
35,1086,Росгосстрах,2025-02-04 11:45:07.224655,2026-02-04 11:45:07.224655,11128
36,1086,АльфаСтрахование,2026-02-04 11:45:07.224655,2027-02-04 11:45:07.224655,12633
37,72,Росгосстрах,2024-11-15 11:01:45.827481,2025-11-15 11:01:45.827481,16961
38,72,Ингосстрах,2025-11-15 11:01:45.827481,2026-11-15 11:01:45.827481,10165
39,17,Ингосстрах,2025-06-02 14:34:23.696061,2026-06-02 14:34:23.696061,23207
40,17,АльфаСтрахование,2026-06-02 14:34:23.696061,2027-06-02 14:34:23.696061,13441
41,947,Т-Страхование,2024-03-09 20:23:08.164063,2025-03-09 20:23:08.164063,14502
42,947,ВСК,2025-03-09 20:23:08.164063,2026-03-09 20:23:08.164063,16474
43,947,РЕСО-Гарантия,2026-03-09 20:23:08.164063,2027-03-09 20:23:08.164063,20024
44,734,ВСК,2025-09-03 00:13:36.367836,2026-09-03 00:13:36.367836,6615
45,708,АльфаСтрахование,2024-10-09 14:25:49.346216,2025-10-09 14:25:49.346216,10920
46,708,АльфаСтрахование,2025-10-09 14:25:49.346216,2026-10-09 14:25:49.346216,14492
47,394,Т-Страхование,2025-05-15 15:17:33.037592,2026-05-15 15:17:33.037592,15176
48,288,Росгосстрах,2025-09-15 12:30:36.758343,2026-09-15 12:30:36.758343,23706
49,466,Ингосстрах,2024-07-28 17:36:35.921554,2025-07-28 17:36:35.921554,8889
50,466,Т-Страхование,2025-07-28 17:36:35.921554,2026-07-28 17:36:35.921554,8306
51,557,РЕСО-Гарантия,2025-05-21 12:15:02.160071,2026-05-21 12:15:02.160071,21897
52,557,АльфаСтрахование,2026-05-21 12:15:02.160071,2027-05-21 12:15:02.160071,13816
53,365,ВСК,2025-11-30 13:31:26.669039,2026-11-30 13:31:26.669039,18271
54,459,Т-Страхование,2025-08-02 13:16:46.050428,2026-08-02 13:16:46.050428,6338
55,361,Росгосстрах,2026-05-06 02:20:19.707947,2027-05-06 02:20:19.707947,12654
56,51,Т-Страхование,2025-05-24 22:53:27.802570,2026-05-24 22:53:27.802570,20933
57,548,АльфаСтрахование,2025-07-01 11:05:04.743732,2026-07-01 11:05:04.743732,8704
58,871,РЕСО-Гарантия,2025-09-10 01:25:29.330073,2026-09-10 01:25:29.330073,6186
59,827,АльфаСтрахование,2025-07-28 22:03:53.600297,2026-07-28 22:03:53.600297,9176
60,756,Ингосстрах,2025-10-12 14:17:36.434519,2026-10-12 14:17:36.434519,17668
61,618,Т-Страхование,2024-07-11 17:34:10.167501,2025-07-11 17:34:10.167501,23459
62,618,Росгосстрах,2025-07-11 17:34:10.167501,2026-07-11 17:34:10.167501,13252
63,996,ВСК,2025-05-03 05:44:18.880324,2026-05-03 05:44:18.880324,6017
64,996,Ингосстрах,2026-05-03 05:44:18.880324,2027-05-03 05:44:18.880324,13522
65,15,Т-Страхование,2024-11-03 23:41:37.027711,2025-11-03 23:41:37.027711,24330
66,15,ВСК,2025-11-03 23:41:37.027711,2026-11-03 23:41:37.027711,23315
67,412,Ингосстрах,2026-05-26 00:06:50.062304,2027-05-26 00:06:50.062304,15290
68,1022,Росгосстрах,2024-02-21 02:27:15.676031,2025-02-20 02:27:15.676031,19185
69,1022,ВСК,2025-02-20 02:27:15.676031,2026-02-20 02:27:15.676031,9338
70,1022,ВСК,2026-02-20 02:27:15.676031,2027-02-20 02:27:15.676031,20259
71,1123,ВСК,2024-09-17 08:52:26.888527,2025-09-17 08:52:26.888527,5708
72,1123,ВСК,2025-09-17 08:52:26.888527,2026-09-17 08:52:26.888527,5407
73,497,РЕСО-Гарантия,2026-02-28 19:07:51.139049,2027-02-28 19:07:51.139049,5767
74,979,Росгосстрах,2025-01-26 21:38:44.437338,2026-01-26 21:38:44.437338,23562
75,979,Т-Страхование,2026-01-26 21:38:44.437338,2027-01-26 21:38:44.437338,18533
76,870,АльфаСтрахование,2026-05-10 07:21:21.451756,2027-05-10 07:21:21.451756,15074
77,759,РЕСО-Гарантия,2026-01-17 23:41:42.977571,2027-01-17 23:41:42.977571,18402
78,754,Росгосстрах,2025-08-29 22:21:19.346626,2026-08-29 22:21:19.346626,23366
79,235,РЕСО-Гарантия,2024-09-10 19:44:52.395370,2025-09-10 19:44:52.395370,19627
80,235,Ингосстрах,2025-09-10 19:44:52.395370,2026-09-10 19:44:52.395370,9075
81,693,АльфаСтрахование,2026-03-16 19:36:34.642617,2027-03-16 19:36:34.642617,22983
82,355,Ингосстрах,2024-02-27 06:21:53.240464,2025-02-26 06:21:53.240464,7445
83,355,Росгосстрах,2025-02-26 06:21:53.240464,2026-02-26 06:21:53.240464,13146
84,355,Ингосстрах,2026-02-26 06:21:53.240464,2027-02-26 06:21:53.240464,8368
85,323,ВСК,2023-12-16 15:36:43.719314,2024-12-15 15:36:43.719314,16943
86,323,АльфаСтрахование,2024-12-15 15:36:43.719314,2025-12-15 15:36:43.719314,11839
87,323,АльфаСтрахование,2025-12-15 15:36:43.719314,2026-12-15 15:36:43.719314,17940
88,89,Ингосстрах,2025-05-26 19:04:02.646813,2026-05-26 19:04:02.646813,8249
89,379,ВСК,2025-11-08 09:29:10.177953,2026-11-08 09:29:10.177953,17449
90,888,Т-Страхование,2024-07-15 02:00:02.841619,2025-07-15 02:00:02.841619,14979
91,888,Т-Страхование,2025-07-15 02:00:02.841619,2026-07-15 02:00:02.841619,7568
92,421,Т-Страхование,2026-02-15 06:14:43.519156,2027-02-15 06:14:43.519156,17844
93,426,РЕСО-Гарантия,2025-07-14 08:43:07.496165,2026-07-14 08:43:07.496165,15127
94,954,РЕСО-Гарантия,2026-01-12 10:59:40.177448,2027-01-12 10:59:40.177448,11391
95,717,РЕСО-Гарантия,2025-05-05 19:19:31.644064,2026-05-05 19:19:31.644064,9760
96,717,РЕСО-Гарантия,2026-05-05 19:19:31.644064,2027-05-05 19:19:31.644064,18327
97,401,Росгосстрах,2025-08-14 20:10:55.235748,2026-08-14 20:10:55.235748,13970
98,1147,Росгосстрах,2024-05-12 19:43:25.283756,2025-05-12 19:43:25.283756,8394
99,1147,Росгосстрах,2025-05-12 19:43:25.283756,2026-05-12 19:43:25.283756,21486
100,1007,РЕСО-Гарантия,2025-01-06 02:04:16.105548,2026-01-06 02:04:16.105548,9660
101,1007,Т-Страхование,2026-01-06 02:04:16.105548,2027-01-06 02:04:16.105548,12803
102,972,Т-Страхование,2026-01-06 07:42:58.598286,2027-01-06 07:42:58.598286,5063
103,227,РЕСО-Гарантия,2025-09-23 10:11:01.677486,2026-09-23 10:11:01.677486,22794
104,304,АльфаСтрахование,2026-05-09 15:41:26.723688,2027-05-09 15:41:26.723688,12829
105,445,Т-Страхование,2025-11-17 04:22:39.868555,2026-11-17 04:22:39.868555,10826
106,145,РЕСО-Гарантия,2025-05-28 00:12:13.122841,2026-05-28 00:12:13.122841,8895
107,106,Т-Страхование,2025-12-02 22:05:56.622427,2026-12-02 22:05:56.622427,22977
108,510,Росгосстрах,2023-09-16 21:03:45.314976,2024-09-15 21:03:45.314976,11291
109,510,Т-Страхование,2024-09-15 21:03:45.314976,2025-09-15 21:03:45.314976,22217
110,510,Ингосстрах,2025-09-15 21:03:45.314976,2026-09-15 21:03:45.314976,18298
111,516,ВСК,2024-11-04 20:21:10.127137,2025-11-04 20:21:10.127137,5607
112,516,Росгосстрах,2025-11-04 20:21:10.127137,2026-11-04 20:21:10.127137,9555
113,137,Ингосстрах,2025-11-03 03:26:53.993255,2026-11-03 03:26:53.993255,19128
114,380,Ингосстрах,2025-05-08 03:25:24.319265,2026-05-08 03:25:24.319265,6378
115,76,АльфаСтрахование,2025-04-01 05:37:41.782240,2026-04-01 05:37:41.782240,7322
116,76,АльфаСтрахование,2026-04-01 05:37:41.782240,2027-04-01 05:37:41.782240,17481
117,910,ВСК,2025-09-20 02:56:50.150773,2026-09-20 02:56:50.150773,9607
118,212,ВСК,2024-10-16 06:35:34.316547,2025-10-16 06:35:34.316547,24591
119,212,РЕСО-Гарантия,2025-10-16 06:35:34.316547,2026-10-16 06:35:34.316547,16164
120,1163,ВСК,2026-04-22 13:57:30.920620,2027-04-22 13:57:30.920620,9095
121,800,РЕСО-Гарантия,2026-04-27 13:00:29.648878,2027-04-27 13:00:29.648878,19649
122,828,РЕСО-Гарантия,2026-05-28 08:30:12.762304,2027-05-28 08:30:12.762304,20055
123,1187,Росгосстрах,2025-10-30 12:56:14.788261,2026-10-30 12:56:14.788261,19655
124,259,Росгосстрах,2025-05-22 02:58:53.257354,2026-05-22 02:58:53.257354,11350
125,133,АльфаСтрахование,2025-03-19 10:42:59.360522,2026-03-19 10:42:59.360522,21732
126,133,АльфаСтрахование,2026-03-19 10:42:59.360522,2027-03-19 10:42:59.360522,6395
127,646,ВСК,2025-10-01 18:16:35.363847,2026-10-01 18:16:35.363847,10424
128,25,Т-Страхование,2026-05-11 23:44:15.369783,2027-05-11 23:44:15.369783,21682
129,444,АльфаСтрахование,2025-08-20 19:24:29.019420,2026-08-20 19:24:29.019420,6015
130,999,Росгосстрах,2025-03-06 00:47:30.330996,2026-03-06 00:47:30.330996,10890
131,999,Ингосстрах,2026-03-06 00:47:30.330996,2027-03-06 00:47:30.330996,18374
132,446,Т-Страхование,2024-05-11 23:36:39.098005,2025-05-11 23:36:39.098005,23235
133,446,Ингосстрах,2025-05-11 23:36:39.098005,2026-05-11 23:36:39.098005,20319
134,286,ВСК,2025-05-07 04:05:34.020203,2026-05-07 04:05:34.020203,16047
135,287,РЕСО-Гарантия,2025-07-20 11:40:26.317019,2026-07-20 11:40:26.317019,20289
136,515,РЕСО-Гарантия,2026-02-04 10:09:45.286391,2027-02-04 10:09:45.286391,7261
137,171,Т-Страхование,2024-09-15 08:23:48.821856,2025-09-15 08:23:48.821856,7807
138,171,Т-Страхование,2025-09-15 08:23:48.821856,2026-09-15 08:23:48.821856,7266
139,126,Росгосстрах,2025-12-09 12:29:54.178163,2026-12-09 12:29:54.178163,6395
140,807,Росгосстрах,2024-11-26 08:34:37.153383,2025-11-26 08:34:37.153383,16060
141,807,Росгосстрах,2025-11-26 08:34:37.153383,2026-11-26 08:34:37.153383,6680
142,152,Т-Страхование,2026-04-07 12:44:39.958615,2027-04-07 12:44:39.958615,22131
143,281,Росгосстрах,2025-05-24 23:36:12.553661,2026-05-24 23:36:12.553661,21542
144,1079,Т-Страхование,2025-01-02 19:43:59.181043,2026-01-02 19:43:59.181043,12580
145,1079,Т-Страхование,2026-01-02 19:43:59.181043,2027-01-02 19:43:59.181043,22002
146,194,Ингосстрах,2025-05-17 05:49:29.704041,2026-05-17 05:49:29.704041,13164
147,194,Ингосстрах,2026-05-17 05:49:29.704041,2027-05-17 05:49:29.704041,8642
148,987,ВСК,2025-11-29 07:54:37.821000,2026-11-29 07:54:37.821000,12171
149,496,Ингосстрах,2025-05-02 12:43:24.003745,2026-05-02 12:43:24.003745,8198
150,532,Ингосстрах,2025-11-01 13:26:21.151682,2026-11-01 13:26:21.151682,24151
151,1062,АльфаСтрахование,2026-04-08 22:18:38.963921,2027-04-08 22:18:38.963921,9910
152,1010,Т-Страхование,2026-04-04 17:10:59.406538,2027-04-04 17:10:59.406538,22117
153,252,Ингосстрах,2024-09-29 10:30:35.440263,2025-09-29 10:30:35.440263,5656
154,252,АльфаСтрахование,2025-09-29 10:30:35.440263,2026-09-29 10:30:35.440263,15249
155,602,Ингосстрах,2025-06-14 08:35:39.614570,2026-06-14 08:35:39.614570,7316
156,1118,ВСК,2026-04-17 10:39:45.324589,2027-04-17 10:39:45.324589,13636
157,719,Т-Страхование,2023-12-27 18:14:03.283178,2024-12-26 18:14:03.283178,17903
158,719,Т-Страхование,2024-12-26 18:14:03.283178,2025-12-26 18:14:03.283178,18510
159,719,ВСК,2025-12-26 18:14:03.283178,2026-12-26 18:14:03.283178,19623
160,14,Ингосстрах,2023-05-24 14:57:36.651042,2024-05-23 14:57:36.651042,6093
161,14,Ингосстрах,2024-05-23 14:57:36.651042,2025-05-23 14:57:36.651042,5395
162,14,АльфаСтрахование,2025-05-23 14:57:36.651042,2026-05-23 14:57:36.651042,5194
163,681,Т-Страхование,2025-11-23 01:45:03.175046,2026-11-23 01:45:03.175046,12817
164,39,РЕСО-Гарантия,2025-08-04 22:24:48.374601,2026-08-04 22:24:48.374601,24349
165,236,Ингосстрах,2026-02-08 10:30:05.400309,2027-02-08 10:30:05.400309,20567
166,850,Ингосстрах,2024-09-06 16:35:44.869692,2025-09-06 16:35:44.869692,7504
167,850,Т-Страхование,2025-09-06 16:35:44.869692,2026-09-06 16:35:44.869692,12973
168,1113,Росгосстрах,2025-05-23 02:13:31.456933,2026-05-23 02:13:31.456933,15018
169,567,АльфаСтрахование,2025-10-21 07:05:29.731616,2026-10-21 07:05:29.731616,7622
170,832,Росгосстрах,2025-05-19 17:32:23.664590,2026-05-19 17:32:23.664590,20121
171,832,АльфаСтрахование,2026-05-19 17:32:23.664590,2027-05-19 17:32:23.664590,12186
172,923,Ингосстрах,2024-06-07 13:36:41.287193,2025-06-07 13:36:41.287193,19899
173,923,ВСК,2025-06-07 13:36:41.287193,2026-06-07 13:36:41.287193,21304
174,677,Росгосстрах,2025-08-26 10:38:58.043271,2026-08-26 10:38:58.043271,18333
175,455,Т-Страхование,2025-08-29 01:14:45.394196,2026-08-29 01:14:45.394196,6390
176,949,ВСК,2025-02-27 20:53:03.474938,2026-02-27 20:53:03.474938,18522
177,949,АльфаСтрахование,2026-02-27 20:53:03.474938,2027-02-27 20:53:03.474938,11891
178,581,Росгосстрах,2025-08-11 15:32:31.312743,2026-08-11 15:32:31.312743,5292
179,1087,Росгосстрах,2024-10-10 01:42:41.942625,2025-10-10 01:42:41.942625,19033
180,1087,ВСК,2025-10-10 01:42:41.942625,2026-10-10 01:42:41.942625,11140
181,143,Т-Страхование,2023-12-26 15:41:07.163962,2024-12-25 15:41:07.163962,17982
182,143,РЕСО-Гарантия,2024-12-25 15:41:07.163962,2025-12-25 15:41:07.163962,7456
183,143,Ингосстрах,2025-12-25 15:41:07.163962,2026-12-25 15:41:07.163962,22536
184,181,ВСК,2024-10-05 17:44:21.087428,2025-10-05 17:44:21.087428,11281
185,181,Т-Страхование,2025-10-05 17:44:21.087428,2026-10-05 17:44:21.087428,21324
186,289,РЕСО-Гарантия,2024-07-07 14:31:47.113378,2025-07-07 14:31:47.113378,7526
187,289,ВСК,2025-07-07 14:31:47.113378,2026-07-07 14:31:47.113378,7656
188,1071,Росгосстрах,2024-03-03 08:17:49.080374,2025-03-03 08:17:49.080374,19868
189,1071,АльфаСтрахование,2025-03-03 08:17:49.080374,2026-03-03 08:17:49.080374,21205
190,1071,Т-Страхование,2026-03-03 08:17:49.080374,2027-03-03 08:17:49.080374,21315
191,1028,Ингосстрах,2024-12-23 12:46:18.318837,2025-12-23 12:46:18.318837,15916
192,1028,Росгосстрах,2025-12-23 12:46:18.318837,2026-12-23 12:46:18.318837,5626
193,352,Росгосстрах,2025-09-13 07:27:56.661853,2026-09-13 07:27:56.661853,24421
194,420,Ингосстрах,2025-12-18 19:58:32.577377,2026-12-18 19:58:32.577377,24914
195,568,Ингосстрах,2026-02-01 10:04:55.543044,2027-02-01 10:04:55.543044,21296
196,344,Т-Страхование,2025-06-10 19:12:40.211235,2026-06-10 19:12:40.211235,24899
197,40,Ингосстрах,2025-03-24 13:40:12.474390,2026-03-24 13:40:12.474390,16133
198,40,РЕСО-Гарантия,2026-03-24 13:40:12.474390,2027-03-24 13:40:12.474390,21117
199,384,Ингосстрах,2025-11-28 11:44:52.573898,2026-11-28 11:44:52.573898,15417
200,1016,ВСК,2026-05-03 03:25:39.920891,2027-05-03 03:25:39.920891,21670
201,318,РЕСО-Гарантия,2025-07-13 05:30:12.888079,2026-07-13 05:30:12.888079,19718
202,733,РЕСО-Гарантия,2025-04-29 10:25:34.424474,2026-04-29 10:25:34.424474,14174
203,733,Ингосстрах,2026-04-29 10:25:34.424474,2027-04-29 10:25:34.424474,9061
204,10,РЕСО-Гарантия,2026-04-13 03:32:51.936569,2027-04-13 03:32:51.936569,14109
205,1013,Росгосстрах,2026-01-11 17:23:03.809726,2027-01-11 17:23:03.809726,11714
206,725,Росгосстрах,2026-05-13 12:05:33.191079,2027-05-13 12:05:33.191079,12208
207,849,Ингосстрах,2024-09-03 07:46:18.990591,2025-09-03 07:46:18.990591,10844
208,849,Росгосстрах,2025-09-03 07:46:18.990591,2026-09-03 07:46:18.990591,11514
209,788,Ингосстрах,2025-09-10 15:43:50.324743,2026-09-10 15:43:50.324743,15087
210,797,Росгосстрах,2025-07-09 21:32:11.942419,2026-07-09 21:32:11.942419,15508
211,695,Росгосстрах,2025-02-19 03:24:15.198552,2026-02-19 03:24:15.198552,17941
212,695,АльфаСтрахование,2026-02-19 03:24:15.198552,2027-02-19 03:24:15.198552,5307
213,848,Т-Страхование,2026-04-04 04:42:53.919070,2027-04-04 04:42:53.919070,22273
214,836,Росгосстрах,2023-07-02 11:04:53.670178,2024-07-01 11:04:53.670178,24387
215,836,Т-Страхование,2024-07-01 11:04:53.670178,2025-07-01 11:04:53.670178,22769
216,836,Росгосстрах,2025-07-01 11:04:53.670178,2026-07-01 11:04:53.670178,19633
217,983,Ингосстрах,2025-10-30 05:53:15.700728,2026-10-30 05:53:15.700728,8757
218,561,Росгосстрах,2025-05-31 05:31:20.443367,2026-05-31 05:31:20.443367,9228
219,561,РЕСО-Гарантия,2026-05-31 05:31:20.443367,2027-05-31 05:31:20.443367,13595
220,219,Т-Страхование,2025-10-27 07:55:38.235811,2026-10-27 07:55:38.235811,22622
221,893,РЕСО-Гарантия,2025-07-13 20:52:22.291343,2026-07-13 20:52:22.291343,12110
222,80,ВСК,2025-11-28 03:23:11.168815,2026-11-28 03:23:11.168815,7438
223,351,РЕСО-Гарантия,2025-12-26 16:41:59.038933,2026-12-26 16:41:59.038933,13114
224,249,Т-Страхование,2025-03-25 14:12:57.679295,2026-03-25 14:12:57.679295,19599
225,249,АльфаСтрахование,2026-03-25 14:12:57.679295,2027-03-25 14:12:57.679295,9900
226,1197,РЕСО-Гарантия,2025-10-10 10:06:50.146343,2026-10-10 10:06:50.146343,18567
227,26,АльфаСтрахование,2026-04-30 17:14:00.404986,2027-04-30 17:14:00.404986,16126
228,177,Росгосстрах,2025-10-02 16:43:18.413294,2026-10-02 16:43:18.413294,14817
229,370,Росгосстрах,2024-05-22 03:53:34.537965,2025-05-22 03:53:34.537965,11302
230,370,Росгосстрах,2025-05-22 03:53:34.537965,2026-05-22 03:53:34.537965,13337
231,538,Ингосстрах,2024-07-19 19:06:25.537061,2025-07-19 19:06:25.537061,14194
232,538,ВСК,2025-07-19 19:06:25.537061,2026-07-19 19:06:25.537061,6687
233,720,Т-Страхование,2024-06-14 09:46:23.424564,2025-06-14 09:46:23.424564,20939
234,720,Т-Страхование,2025-06-14 09:46:23.424564,2026-06-14 09:46:23.424564,11708
235,228,АльфаСтрахование,2026-03-23 14:10:16.221721,2027-03-23 14:10:16.221721,6372
236,474,РЕСО-Гарантия,2026-05-28 13:19:02.493505,2027-05-28 13:19:02.493505,14391
237,217,ВСК,2026-03-08 09:49:16.971818,2027-03-08 09:49:16.971818,23880
238,1042,АльфаСтрахование,2025-01-04 00:50:09.525788,2026-01-04 00:50:09.525788,8780
239,1042,Росгосстрах,2026-01-04 00:50:09.525788,2027-01-04 00:50:09.525788,17105
240,277,Т-Страхование,2024-11-15 09:46:53.788641,2025-11-15 09:46:53.788641,5397
241,277,ВСК,2025-11-15 09:46:53.788641,2026-11-15 09:46:53.788641,16193
242,560,Ингосстрах,2025-05-25 18:49:29.034711,2026-05-25 18:49:29.034711,18674
243,1021,Т-Страхование,2026-05-11 03:04:31.965006,2027-05-11 03:04:31.965006,5777
244,31,ВСК,2023-11-04 09:40:09.797381,2024-11-03 09:40:09.797381,23516
245,31,АльфаСтрахование,2024-11-03 09:40:09.797381,2025-11-03 09:40:09.797381,18631
246,31,ВСК,2025-11-03 09:40:09.797381,2026-11-03 09:40:09.797381,6051
247,1200,Т-Страхование,2025-12-27 01:07:54.217583,2026-12-27 01:07:54.217583,15375
248,940,Росгосстрах,2024-10-30 06:30:14.045070,2025-10-30 06:30:14.045070,23269
249,940,Ингосстрах,2025-10-30 06:30:14.045070,2026-10-30 06:30:14.045070,10419
250,933,Ингосстрах,2026-02-06 03:04:09.579552,2027-02-06 03:04:09.579552,19458
251,648,АльфаСтрахование,2026-01-10 04:59:48.981147,2027-01-10 04:59:48.981147,20241
252,808,Т-Страхование,2025-12-16 09:56:40.046776,2026-12-16 09:56:40.046776,13489
253,1135,Ингосстрах,2024-12-13 10:24:59.403826,2025-12-13 10:24:59.403826,6771
254,1135,АльфаСтрахование,2025-12-13 10:24:59.403826,2026-12-13 10:24:59.403826,11820
255,973,ВСК,2024-08-03 08:55:11.239335,2025-08-03 08:55:11.239335,23515
256,973,АльфаСтрахование,2025-08-03 08:55:11.239335,2026-08-03 08:55:11.239335,14796
257,378,ВСК,2025-12-14 11:42:49.507455,2026-12-14 11:42:49.507455,20884
258,90,Росгосстрах,2025-05-02 20:15:00.732672,2026-05-02 20:15:00.732672,13396
259,90,Т-Страхование,2026-05-02 20:15:00.732672,2027-05-02 20:15:00.732672,15918
260,860,Ингосстрах,2025-10-26 01:23:52.347193,2026-10-26 01:23:52.347193,18768
261,1157,Т-Страхование,2025-11-03 13:35:52.158288,2026-11-03 13:35:52.158288,14926
262,1036,Ингосстрах,2026-03-22 10:54:27.804144,2027-03-22 10:54:27.804144,7217
263,1168,АльфаСтрахование,2024-12-06 11:19:53.676182,2025-12-06 11:19:53.676182,6805
264,1168,РЕСО-Гарантия,2025-12-06 11:19:53.676182,2026-12-06 11:19:53.676182,9766
265,991,Т-Страхование,2025-05-18 05:48:24.514453,2026-05-18 05:48:24.514453,20455
266,114,Росгосстрах,2026-03-11 07:47:02.675618,2027-03-11 07:47:02.675618,18089
267,306,Росгосстрах,2024-12-27 05:26:22.155086,2025-12-27 05:26:22.155086,8967
268,306,АльфаСтрахование,2025-12-27 05:26:22.155086,2026-12-27 05:26:22.155086,17630
269,1122,Ингосстрах,2025-04-30 22:09:09.639789,2026-04-30 22:09:09.639789,9171
270,507,ВСК,2025-10-11 15:25:06.403404,2026-10-11 15:25:06.403404,14804
271,237,РЕСО-Гарантия,2025-07-12 13:49:17.328927,2026-07-12 13:49:17.328927,15290
272,789,ВСК,2024-09-08 06:07:23.414809,2025-09-08 06:07:23.414809,21960
273,789,Росгосстрах,2025-09-08 06:07:23.414809,2026-09-08 06:07:23.414809,13989
274,617,РЕСО-Гарантия,2023-12-20 00:57:37.722799,2024-12-19 00:57:37.722799,8214
275,617,ВСК,2024-12-19 00:57:37.722799,2025-12-19 00:57:37.722799,23073
276,617,АльфаСтрахование,2025-12-19 00:57:37.722799,2026-12-19 00:57:37.722799,17121
277,272,Т-Страхование,2025-03-02 23:13:50.430345,2026-03-02 23:13:50.430345,17579
278,272,ВСК,2026-03-02 23:13:50.430345,2027-03-02 23:13:50.430345,9849
279,967,ВСК,2025-10-09 02:32:49.264424,2026-10-09 02:32:49.264424,13876
280,552,РЕСО-Гарантия,2024-09-29 10:59:06.675030,2025-09-29 10:59:06.675030,19672
281,552,ВСК,2025-09-29 10:59:06.675030,2026-09-29 10:59:06.675030,21324
282,884,Ингосстрах,2024-10-03 17:11:42.923326,2025-10-03 17:11:42.923326,7312
283,884,Ингосстрах,2025-10-03 17:11:42.923326,2026-10-03 17:11:42.923326,24685
284,638,Росгосстрах,2025-09-09 11:54:31.828956,2026-09-09 11:54:31.828956,18873
285,184,Ингосстрах,2026-04-29 16:13:45.055690,2027-04-29 16:13:45.055690,19950
286,621,Ингосстрах,2025-04-29 12:45:03.049388,2026-04-29 12:45:03.049388,23404
287,566,РЕСО-Гарантия,2025-11-21 13:04:31.092820,2026-11-21 13:04:31.092820,10730
288,1140,РЕСО-Гарантия,2025-05-09 07:21:44.709528,2026-05-09 07:21:44.709528,5564
289,1124,Ингосстрах,2026-03-16 09:19:49.974995,2027-03-16 09:19:49.974995,23187
290,1144,РЕСО-Гарантия,2024-07-10 19:41:43.046256,2025-07-10 19:41:43.046256,5617
291,1144,ВСК,2025-07-10 19:41:43.046256,2026-07-10 19:41:43.046256,5194
292,790,Ингосстрах,2025-09-21 03:13:20.452023,2026-09-21 03:13:20.452023,24927
293,498,РЕСО-Гарантия,2025-09-23 15:17:59.108177,2026-09-23 15:17:59.108177,12929
294,936,ВСК,2025-06-30 08:32:21.814962,2026-06-30 08:32:21.814962,20596
295,537,Т-Страхование,2025-11-17 00:00:58.251723,2026-11-17 00:00:58.251723,7366
296,77,АльфаСтрахование,2026-03-02 02:36:11.644367,2027-03-02 02:36:11.644367,20556
297,855,РЕСО-Гарантия,2024-12-23 14:44:51.681680,2025-12-23 14:44:51.681680,14581
298,855,ВСК,2025-12-23 14:44:51.681680,2026-12-23 14:44:51.681680,17287
299,1045,Ингосстрах,2024-07-16 19:53:09.191950,2025-07-16 19:53:09.191950,12216
300,1045,Росгосстрах,2025-07-16 19:53:09.191950,2026-07-16 19:53:09.191950,24771
301,837,Ингосстрах,2026-01-09 01:37:19.998597,2027-01-09 01:37:19.998597,18667
302,367,Росгосстрах,2024-08-12 02:46:14.153919,2025-08-12 02:46:14.153919,10765
303,367,РЕСО-Гарантия,2025-08-12 02:46:14.153919,2026-08-12 02:46:14.153919,22903
304,183,ВСК,2025-10-22 13:19:40.217966,2026-10-22 13:19:40.217966,15901
305,491,ВСК,2025-05-03 04:57:46.429285,2026-05-03 04:57:46.429285,22243
306,1019,Т-Страхование,2026-04-17 04:58:10.162832,2027-04-17 04:58:10.162832,16455
307,916,Росгосстрах,2025-12-17 09:16:12.550928,2026-12-17 09:16:12.550928,7185
308,354,Ингосстрах,2024-07-07 03:03:57.980891,2025-07-07 03:03:57.980891,18715
309,354,АльфаСтрахование,2025-07-07 03:03:57.980891,2026-07-07 03:03:57.980891,11944
310,233,АльфаСтрахование,2025-08-14 01:53:41.718874,2026-08-14 01:53:41.718874,9727
311,389,ВСК,2025-06-16 01:09:02.119507,2026-06-16 01:09:02.119507,18665
312,989,Росгосстрах,2026-05-20 23:07:22.422565,2027-05-20 23:07:22.422565,15259
313,1090,Росгосстрах,2026-03-05 09:28:37.465457,2027-03-05 09:28:37.465457,6211
314,343,Ингосстрах,2022-06-10 10:35:21.628752,2023-06-10 10:35:21.628752,19239
315,343,ВСК,2023-06-10 10:35:21.628752,2024-06-09 10:35:21.628752,9063
316,343,ВСК,2024-06-09 10:35:21.628752,2025-06-09 10:35:21.628752,10603
317,343,Росгосстрах,2025-06-09 10:35:21.628752,2026-06-09 10:35:21.628752,5441
318,573,Ингосстрах,2024-10-24 21:36:29.224609,2025-10-24 21:36:29.224609,21689
319,573,Т-Страхование,2025-10-24 21:36:29.224609,2026-10-24 21:36:29.224609,21422
320,8,ВСК,2025-06-22 11:00:04.663321,2026-06-22 11:00:04.663321,5826
321,750,Т-Страхование,2026-05-11 20:31:17.101215,2027-05-11 20:31:17.101215,12313
322,587,АльфаСтрахование,2024-12-12 19:38:30.240992,2025-12-12 19:38:30.240992,24398
323,587,Ингосстрах,2025-12-12 19:38:30.240992,2026-12-12 19:38:30.240992,19964
324,841,АльфаСтрахование,2025-10-21 22:52:31.140072,2026-10-21 22:52:31.140072,10662
325,578,РЕСО-Гарантия,2025-07-29 10:02:36.587416,2026-07-29 10:02:36.587416,16014
326,723,АльфаСтрахование,2025-12-12 01:42:08.195861,2026-12-12 01:42:08.195861,20945
327,539,ВСК,2025-05-04 17:46:40.444654,2026-05-04 17:46:40.444654,24771
328,70,ВСК,2026-04-24 00:53:10.164654,2027-04-24 00:53:10.164654,13733
329,1029,Ингосстрах,2026-03-18 17:37:33.725121,2027-03-18 17:37:33.725121,22432
330,297,Росгосстрах,2025-07-15 15:53:05.245473,2026-07-15 15:53:05.245473,13273
331,751,Т-Страхование,2025-05-21 05:01:58.280421,2026-05-21 05:01:58.280421,15373
332,452,РЕСО-Гарантия,2025-01-23 20:53:36.485473,2026-01-23 20:53:36.485473,13318
333,452,Росгосстрах,2026-01-23 20:53:36.485473,2027-01-23 20:53:36.485473,10299
334,1078,Ингосстрах,2025-07-01 20:43:06.572019,2026-07-01 20:43:06.572019,22668
335,1059,ВСК,2025-06-17 12:15:53.069366,2026-06-17 12:15:53.069366,9516
336,290,Ингосстрах,2026-04-01 18:10:35.952160,2027-04-01 18:10:35.952160,16688
337,325,Т-Страхование,2024-05-26 20:28:52.423928,2025-05-26 20:28:52.423928,6508
338,325,АльфаСтрахование,2025-05-26 20:28:52.423928,2026-05-26 20:28:52.423928,14317
339,325,Ингосстрах,2026-05-26 20:28:52.423928,2027-05-26 20:28:52.423928,14055
340,796,РЕСО-Гарантия,2025-08-19 16:08:19.210460,2026-08-19 16:08:19.210460,24752
341,234,РЕСО-Гарантия,2025-05-06 14:35:23.325425,2026-05-06 14:35:23.325425,18827
342,834,Росгосстрах,2024-11-26 01:52:41.535409,2025-11-26 01:52:41.535409,16185
343,834,Ингосстрах,2025-11-26 01:52:41.535409,2026-11-26 01:52:41.535409,19301
344,1162,Росгосстрах,2026-02-19 03:01:36.910467,2027-02-19 03:01:36.910467,15423
345,1170,Росгосстрах,2025-09-02 18:52:27.282291,2026-09-02 18:52:27.282291,5931
346,1088,Т-Страхование,2025-07-06 00:19:31.534960,2026-07-06 00:19:31.534960,11288
347,138,АльфаСтрахование,2025-05-31 17:41:16.849175,2026-05-31 17:41:16.849175,18898
348,1189,Росгосстрах,2026-03-06 21:13:52.728354,2027-03-06 21:13:52.728354,12697
349,878,РЕСО-Гарантия,2025-05-21 21:07:57.684160,2026-05-21 21:07:57.684160,24603
350,878,Т-Страхование,2026-05-21 21:07:57.684160,2027-05-21 21:07:57.684160,13186
351,160,АльфаСтрахование,2026-02-24 12:30:03.638719,2027-02-24 12:30:03.638719,16179
352,220,Росгосстрах,2026-02-14 18:18:19.305757,2027-02-14 18:18:19.305757,6898
353,1107,Ингосстрах,2026-02-06 13:07:54.527938,2027-02-06 13:07:54.527938,20179
354,1025,РЕСО-Гарантия,2026-03-30 07:28:22.419485,2027-03-30 07:28:22.419485,17993
355,1000,ВСК,2025-06-15 21:19:41.343064,2026-06-15 21:19:41.343064,20470
356,275,Ингосстрах,2025-09-13 14:08:04.402472,2026-09-13 14:08:04.402472,20856
357,643,РЕСО-Гарантия,2025-09-27 02:52:35.657410,2026-09-27 02:52:35.657410,22911
358,906,Т-Страхование,2024-05-19 11:53:50.500075,2025-05-19 11:53:50.500075,6414
359,906,АльфаСтрахование,2025-05-19 11:53:50.500075,2026-05-19 11:53:50.500075,5311
360,610,Т-Страхование,2026-03-23 03:36:41.510757,2027-03-23 03:36:41.510757,15117
361,280,АльфаСтрахование,2025-06-07 10:05:17.759759,2026-06-07 10:05:17.759759,14314
362,1049,ВСК,2026-05-20 06:06:00.098301,2027-05-20 06:06:00.098301,20526
363,449,Ингосстрах,2025-02-05 20:35:16.777197,2026-02-05 20:35:16.777197,13624
364,449,АльфаСтрахование,2026-02-05 20:35:16.777197,2027-02-05 20:35:16.777197,18563
365,122,ВСК,2025-05-11 04:35:32.926179,2026-05-11 04:35:32.926179,19334
366,920,АльфаСтрахование,2025-11-08 11:14:55.479218,2026-11-08 11:14:55.479218,10025
367,472,ВСК,2024-12-06 16:20:37.230824,2025-12-06 16:20:37.230824,18766
368,472,АльфаСтрахование,2025-12-06 16:20:37.230824,2026-12-06 16:20:37.230824,9895
369,395,ВСК,2024-07-26 10:12:34.694858,2025-07-26 10:12:34.694858,15959
370,395,РЕСО-Гарантия,2025-07-26 10:12:34.694858,2026-07-26 10:12:34.694858,7097
371,551,Росгосстрах,2024-11-19 01:01:15.754681,2025-11-19 01:01:15.754681,7364
372,551,Т-Страхование,2025-11-19 01:01:15.754681,2026-11-19 01:01:15.754681,10353
373,486,АльфаСтрахование,2025-10-20 06:15:29.063375,2026-10-20 06:15:29.063375,8794
374,780,Т-Страхование,2025-06-25 16:17:15.560877,2026-06-25 16:17:15.560877,17068
375,428,Т-Страхование,2024-05-20 20:58:44.665097,2025-05-20 20:58:44.665097,22413
376,428,АльфаСтрахование,2025-05-20 20:58:44.665097,2026-05-20 20:58:44.665097,23910
377,962,РЕСО-Гарантия,2024-06-25 00:23:34.697662,2025-06-25 00:23:34.697662,17635
378,962,ВСК,2025-06-25 00:23:34.697662,2026-06-25 00:23:34.697662,24633
379,805,АльфаСтрахование,2025-06-25 13:38:04.379615,2026-06-25 13:38:04.379615,18362
380,700,РЕСО-Гарантия,2025-05-25 16:30:35.094908,2026-05-25 16:30:35.094908,9889
381,700,Т-Страхование,2026-05-25 16:30:35.094908,2027-05-25 16:30:35.094908,15555
382,724,АльфаСтрахование,2026-04-23 06:47:55.283579,2027-04-23 06:47:55.283579,14579
383,963,РЕСО-Гарантия,2026-04-27 22:04:30.678684,2027-04-27 22:04:30.678684,7241
384,535,Росгосстрах,2025-03-17 15:05:45.103651,2026-03-17 15:05:45.103651,19097
385,535,РЕСО-Гарантия,2026-03-17 15:05:45.103651,2027-03-17 15:05:45.103651,14968
386,493,ВСК,2025-10-07 14:17:51.057856,2026-10-07 14:17:51.057856,6200
387,542,Т-Страхование,2026-04-06 05:58:49.189657,2027-04-06 05:58:49.189657,22867
388,142,Т-Страхование,2024-05-17 23:42:45.332543,2025-05-17 23:42:45.332543,15909
389,142,ВСК,2025-05-17 23:42:45.332543,2026-05-17 23:42:45.332543,20508
390,418,Росгосстрах,2026-01-17 12:33:32.029879,2027-01-17 12:33:32.029879,12858
391,948,РЕСО-Гарантия,2026-01-25 14:52:19.914239,2027-01-25 14:52:19.914239,24416
392,44,АльфаСтрахование,2025-10-16 00:01:10.200479,2026-10-16 00:01:10.200479,14209
393,1152,Росгосстрах,2025-11-03 12:19:04.706452,2026-11-03 12:19:04.706452,7758
394,53,Т-Страхование,2025-09-21 18:15:44.846181,2026-09-21 18:15:44.846181,11135
395,334,РЕСО-Гарантия,2025-03-19 00:52:06.252046,2026-03-19 00:52:06.252046,11299
396,334,Ингосстрах,2026-03-19 00:52:06.252046,2027-03-19 00:52:06.252046,12606
397,512,АльфаСтрахование,2025-08-31 23:58:53.316164,2026-08-31 23:58:53.316164,8946
398,1159,ВСК,2025-10-30 18:20:53.041453,2026-10-30 18:20:53.041453,11968
399,783,Т-Страхование,2026-02-14 18:57:26.207574,2027-02-14 18:57:26.207574,11722
400,794,Росгосстрах,2025-11-17 00:12:16.463264,2026-11-17 00:12:16.463264,19058
401,525,Росгосстрах,2026-04-17 19:57:29.294908,2027-04-17 19:57:29.294908,13775
402,640,РЕСО-Гарантия,2026-03-08 21:12:05.328140,2027-03-08 21:12:05.328140,14481
403,633,Росгосстрах,2025-10-25 04:28:29.014421,2026-10-25 04:28:29.014421,12782
404,746,ВСК,2025-09-22 17:42:22.326129,2026-09-22 17:42:22.326129,19116
405,1081,АльфаСтрахование,2025-03-17 13:55:50.013011,2026-03-17 13:55:50.013011,12268
406,1081,АльфаСтрахование,2026-03-17 13:55:50.013011,2027-03-17 13:55:50.013011,13299
407,1066,Росгосстрах,2025-10-20 06:35:23.134312,2026-10-20 06:35:23.134312,10469
408,5,АльфаСтрахование,2025-12-22 21:39:39.920011,2026-12-22 21:39:39.920011,17268
409,168,АльфаСтрахование,2023-08-05 15:52:07.892637,2024-08-04 15:52:07.892637,20797
410,168,РЕСО-Гарантия,2024-08-04 15:52:07.892637,2025-08-04 15:52:07.892637,14062
411,168,РЕСО-Гарантия,2025-08-04 15:52:07.892637,2026-08-04 15:52:07.892637,8209
412,311,АльфаСтрахование,2025-09-12 20:59:34.633051,2026-09-12 20:59:34.633051,9754
413,468,АльфаСтрахование,2026-03-10 03:19:44.983911,2027-03-10 03:19:44.983911,22143
414,874,РЕСО-Гарантия,2025-10-25 02:25:42.851879,2026-10-25 02:25:42.851879,18138
415,804,Росгосстрах,2025-02-09 18:06:27.584709,2026-02-09 18:06:27.584709,11476
416,804,АльфаСтрахование,2026-02-09 18:06:27.584709,2027-02-09 18:06:27.584709,9640
417,1080,АльфаСтрахование,2025-02-06 00:13:13.170620,2026-02-06 00:13:13.170620,21912
418,1080,Росгосстрах,2026-02-06 00:13:13.170620,2027-02-06 00:13:13.170620,24585
419,593,Ингосстрах,2025-08-11 04:07:26.131390,2026-08-11 04:07:26.131390,21467
420,330,Ингосстрах,2026-02-01 07:20:19.338496,2027-02-01 07:20:19.338496,8475
421,356,ВСК,2026-04-04 10:12:48.949024,2027-04-04 10:12:48.949024,23244
422,153,Т-Страхование,2026-01-17 07:56:50.818069,2027-01-17 07:56:50.818069,15975
423,673,РЕСО-Гарантия,2024-06-15 13:29:34.317479,2025-06-15 13:29:34.317479,23203
424,673,Т-Страхование,2025-06-15 13:29:34.317479,2026-06-15 13:29:34.317479,10564
425,492,АльфаСтрахование,2024-09-14 10:37:05.802979,2025-09-14 10:37:05.802979,8632
426,492,Росгосстрах,2025-09-14 10:37:05.802979,2026-09-14 10:37:05.802979,17408
427,928,ВСК,2025-06-11 19:44:29.508054,2026-06-11 19:44:29.508054,21703
428,231,Ингосстрах,2026-04-14 09:46:15.288247,2027-04-14 09:46:15.288247,21688
429,239,Росгосстрах,2026-06-01 10:44:26.970425,2027-06-01 10:44:26.970425,6443
430,1100,Росгосстрах,2025-12-07 21:10:05.905814,2026-12-07 21:10:05.905814,12709
431,450,Росгосстрах,2026-03-17 09:04:47.793694,2027-03-17 09:04:47.793694,21575
432,1111,Ингосстрах,2025-11-19 19:27:18.682336,2026-11-19 19:27:18.682336,8150
433,82,АльфаСтрахование,2024-05-30 02:48:12.252759,2025-05-30 02:48:12.252759,21161
434,82,АльфаСтрахование,2025-05-30 02:48:12.252759,2026-05-30 02:48:12.252759,18804
435,244,Росгосстрах,2024-07-29 00:41:31.636478,2025-07-29 00:41:31.636478,13428
436,244,Ингосстрах,2025-07-29 00:41:31.636478,2026-07-29 00:41:31.636478,9811
437,900,ВСК,2025-04-02 02:02:36.199388,2026-04-02 02:02:36.199388,10014
438,900,АльфаСтрахование,2026-04-02 02:02:36.199388,2027-04-02 02:02:36.199388,9868
439,430,Т-Страхование,2024-05-27 03:47:55.736476,2025-05-27 03:47:55.736476,15163
440,430,Ингосстрах,2025-05-27 03:47:55.736476,2026-05-27 03:47:55.736476,16633
441,381,АльфаСтрахование,2026-01-01 07:08:44.838820,2027-01-01 07:08:44.838820,11275
442,727,Т-Страхование,2025-12-21 04:37:58.923673,2026-12-21 04:37:58.923673,20861
443,835,Т-Страхование,2025-07-16 15:03:12.057878,2026-07-16 15:03:12.057878,20361
444,861,РЕСО-Гарантия,2026-03-03 03:18:44.250583,2027-03-03 03:18:44.250583,6143
445,99,РЕСО-Гарантия,2025-10-15 21:38:06.711219,2026-10-15 21:38:06.711219,5122
446,771,АльфаСтрахование,2025-06-11 23:09:46.763559,2026-06-11 23:09:46.763559,21621
447,626,ВСК,2026-05-27 17:54:02.795645,2027-05-27 17:54:02.795645,6635
448,775,АльфаСтрахование,2025-09-19 23:37:13.946263,2026-09-19 23:37:13.946263,24588
449,162,Ингосстрах,2026-05-24 16:58:12.066267,2027-05-24 16:58:12.066267,15533
450,521,РЕСО-Гарантия,2025-06-02 02:14:45.248844,2026-06-02 02:14:45.248844,12107
451,889,РЕСО-Гарантия,2026-03-07 19:27:36.900444,2027-03-07 19:27:36.900444,18485
452,204,Ингосстрах,2025-04-18 07:27:35.357309,2026-04-18 07:27:35.357309,8453
453,204,Ингосстрах,2026-04-18 07:27:35.357309,2027-04-18 07:27:35.357309,23593
454,776,Росгосстрах,2025-03-22 18:30:38.675218,2026-03-22 18:30:38.675218,5555
455,776,Ингосстрах,2026-03-22 18:30:38.675218,2027-03-22 18:30:38.675218,24426
456,1110,Ингосстрах,2025-03-16 04:04:30.119069,2026-03-16 04:04:30.119069,7110
457,1110,АльфаСтрахование,2026-03-16 04:04:30.119069,2027-03-16 04:04:30.119069,5647
458,432,АльфаСтрахование,2026-03-28 09:44:18.101938,2027-03-28 09:44:18.101938,19451
459,377,Т-Страхование,2026-05-24 20:20:16.470072,2027-05-24 20:20:16.470072,7928
460,779,РЕСО-Гарантия,2025-10-14 03:59:31.058081,2026-10-14 03:59:31.058081,9578
461,628,Т-Страхование,2026-01-13 19:30:12.464896,2027-01-13 19:30:12.464896,21477
462,265,РЕСО-Гарантия,2023-10-27 01:15:29.497538,2024-10-26 01:15:29.497538,16148
463,265,АльфаСтрахование,2024-10-26 01:15:29.497538,2025-10-26 01:15:29.497538,15025
464,265,Т-Страхование,2025-10-26 01:15:29.497538,2026-10-26 01:15:29.497538,11261
465,671,РЕСО-Гарантия,2025-06-20 16:28:29.861923,2026-06-20 16:28:29.861923,12001
466,1195,Росгосстрах,2025-09-17 22:19:04.107888,2026-09-17 22:19:04.107888,16152
467,632,Т-Страхование,2025-01-29 08:23:01.005914,2026-01-29 08:23:01.005914,15928
468,632,Ингосстрах,2026-01-29 08:23:01.005914,2027-01-29 08:23:01.005914,8380
469,709,Росгосстрах,2024-04-20 14:33:15.483800,2025-04-20 14:33:15.483800,7890
470,709,Ингосстрах,2025-04-20 14:33:15.483800,2026-04-20 14:33:15.483800,18855
471,709,АльфаСтрахование,2026-04-20 14:33:15.483800,2027-04-20 14:33:15.483800,6934
472,263,РЕСО-Гарантия,2025-09-13 11:09:21.564585,2026-09-13 11:09:21.564585,23395
473,625,АльфаСтрахование,2023-08-14 00:46:27.609115,2024-08-13 00:46:27.609115,9838
474,625,ВСК,2024-08-13 00:46:27.609115,2025-08-13 00:46:27.609115,23233
475,625,РЕСО-Гарантия,2025-08-13 00:46:27.609115,2026-08-13 00:46:27.609115,24545
476,41,АльфаСтрахование,2024-07-16 01:45:50.010743,2025-07-16 01:45:50.010743,16169
477,41,Ингосстрах,2025-07-16 01:45:50.010743,2026-07-16 01:45:50.010743,22315
478,257,ВСК,2024-06-14 11:08:23.469727,2025-06-14 11:08:23.469727,17569
479,257,АльфаСтрахование,2025-06-14 11:08:23.469727,2026-06-14 11:08:23.469727,20126
480,371,АльфаСтрахование,2023-01-22 19:34:24.347800,2024-01-22 19:34:24.347800,5526
481,371,Ингосстрах,2024-01-22 19:34:24.347800,2025-01-21 19:34:24.347800,23676
482,371,РЕСО-Гарантия,2025-01-21 19:34:24.347800,2026-01-21 19:34:24.347800,14077
483,371,Росгосстрах,2026-01-21 19:34:24.347800,2027-01-21 19:34:24.347800,9054
484,57,Росгосстрах,2026-05-16 10:47:51.424993,2027-05-16 10:47:51.424993,6667
485,817,РЕСО-Гарантия,2024-07-01 14:40:25.532951,2025-07-01 14:40:25.532951,10263
486,817,Росгосстрах,2025-07-01 14:40:25.532951,2026-07-01 14:40:25.532951,21926
487,667,РЕСО-Гарантия,2026-03-29 13:00:39.186502,2027-03-29 13:00:39.186502,8412
488,417,Т-Страхование,2025-10-13 09:20:15.376044,2026-10-13 09:20:15.376044,6389
489,661,Росгосстрах,2025-05-13 22:00:38.065397,2026-05-13 22:00:38.065397,18244
490,661,Росгосстрах,2026-05-13 22:00:38.065397,2027-05-13 22:00:38.065397,8302
491,402,Росгосстрах,2026-03-08 10:19:09.599056,2027-03-08 10:19:09.599056,5415
492,175,ВСК,2026-05-16 10:08:30.135622,2027-05-16 10:08:30.135622,12651
493,1033,РЕСО-Гарантия,2024-08-14 16:07:09.451482,2025-08-14 16:07:09.451482,16020
494,1033,АльфаСтрахование,2025-08-14 16:07:09.451482,2026-08-14 16:07:09.451482,5610
495,267,Ингосстрах,2023-01-19 08:49:06.490177,2024-01-19 08:49:06.490177,20305
496,267,ВСК,2024-01-19 08:49:06.490177,2025-01-18 08:49:06.490177,6040
497,267,Ингосстрах,2025-01-18 08:49:06.490177,2026-01-18 08:49:06.490177,18122
498,267,Ингосстрах,2026-01-18 08:49:06.490177,2027-01-18 08:49:06.490177,9182
499,922,ВСК,2022-08-30 12:52:19.434284,2023-08-30 12:52:19.434284,23083
500,922,АльфаСтрахование,2023-08-30 12:52:19.434284,2024-08-29 12:52:19.434284,9497
501,922,Росгосстрах,2024-08-29 12:52:19.434284,2025-08-29 12:52:19.434284,6746
502,922,АльфаСтрахование,2025-08-29 12:52:19.434284,2026-08-29 12:52:19.434284,18629
503,553,РЕСО-Гарантия,2025-08-16 14:50:10.942560,2026-08-16 14:50:10.942560,22711
504,875,Ингосстрах,2024-07-11 00:28:58.296186,2025-07-11 00:28:58.296186,20366
505,875,АльфаСтрахование,2025-07-11 00:28:58.296186,2026-07-11 00:28:58.296186,22020
506,898,Ингосстрах,2024-11-21 18:32:39.697001,2025-11-21 18:32:39.697001,8252
507,898,Т-Страхование,2025-11-21 18:32:39.697001,2026-11-21 18:32:39.697001,14424
508,899,Росгосстрах,2025-09-09 17:44:40.041146,2026-09-09 17:44:40.041146,8421
509,969,Т-Страхование,2026-05-24 11:33:53.994337,2027-05-24 11:33:53.994337,9359
510,151,ВСК,2024-08-31 21:35:52.628505,2025-08-31 21:35:52.628505,17151
511,151,РЕСО-Гарантия,2025-08-31 21:35:52.628505,2026-08-31 21:35:52.628505,11129
512,851,АльфаСтрахование,2025-12-22 12:42:33.885200,2026-12-22 12:42:33.885200,9338
513,1046,Ингосстрах,2024-06-01 17:54:25.673033,2025-06-01 17:54:25.673033,8294
514,1046,Росгосстрах,2025-06-01 17:54:25.673033,2026-06-01 17:54:25.673033,20808
515,579,Росгосстрах,2025-11-19 06:33:18.510009,2026-11-19 06:33:18.510009,7161
516,48,Ингосстрах,2024-10-26 19:13:15.290326,2025-10-26 19:13:15.290326,8580
517,48,Т-Страхование,2025-10-26 19:13:15.290326,2026-10-26 19:13:15.290326,9686
518,1035,ВСК,2025-11-10 04:32:58.107308,2026-11-10 04:32:58.107308,12821
519,433,Ингосстрах,2026-03-26 12:04:58.871834,2027-03-26 12:04:58.871834,10553
520,360,Ингосстрах,2024-09-26 22:45:21.634690,2025-09-26 22:45:21.634690,14727
521,360,ВСК,2025-09-26 22:45:21.634690,2026-09-26 22:45:21.634690,9408
522,1006,РЕСО-Гарантия,2025-01-26 14:11:46.395159,2026-01-26 14:11:46.395159,20527
523,1006,Ингосстрах,2026-01-26 14:11:46.395159,2027-01-26 14:11:46.395159,6212
524,699,РЕСО-Гарантия,2025-09-01 03:55:32.924822,2026-09-01 03:55:32.924822,19973
525,690,РЕСО-Гарантия,2024-12-17 12:25:14.812269,2025-12-17 12:25:14.812269,10732
526,690,ВСК,2025-12-17 12:25:14.812269,2026-12-17 12:25:14.812269,5225
527,886,Ингосстрах,2026-03-31 21:01:55.804750,2027-03-31 21:01:55.804750,16278
528,331,АльфаСтрахование,2026-03-26 00:58:26.312435,2027-03-26 00:58:26.312435,14483
529,350,РЕСО-Гарантия,2024-11-17 19:20:09.317039,2025-11-17 19:20:09.317039,6355
530,350,ВСК,2025-11-17 19:20:09.317039,2026-11-17 19:20:09.317039,8929
531,179,РЕСО-Гарантия,2023-12-01 08:54:45.821179,2024-11-30 08:54:45.821179,7446
532,179,Т-Страхование,2024-11-30 08:54:45.821179,2025-11-30 08:54:45.821179,22628
533,179,АльфаСтрахование,2025-11-30 08:54:45.821179,2026-11-30 08:54:45.821179,8265
534,147,РЕСО-Гарантия,2025-02-27 01:52:35.712765,2026-02-27 01:52:35.712765,15196
535,147,АльфаСтрахование,2026-02-27 01:52:35.712765,2027-02-27 01:52:35.712765,9319
536,393,АльфаСтрахование,2024-07-18 12:56:28.530665,2025-07-18 12:56:28.530665,20184
537,393,Ингосстрах,2025-07-18 12:56:28.530665,2026-07-18 12:56:28.530665,6912
538,880,ВСК,2025-05-23 04:24:50.009399,2026-05-23 04:24:50.009399,19720
539,766,РЕСО-Гарантия,2025-11-01 20:38:38.335308,2026-11-01 20:38:38.335308,6206
540,624,Т-Страхование,2026-02-15 00:05:42.235342,2027-02-15 00:05:42.235342,19953
541,207,Ингосстрах,2025-12-06 04:51:57.535492,2026-12-06 04:51:57.535492,19363
542,339,РЕСО-Гарантия,2026-01-27 17:57:19.875775,2027-01-27 17:57:19.875775,17050
543,329,Ингосстрах,2024-09-07 08:37:12.767180,2025-09-07 08:37:12.767180,5705
544,329,Т-Страхование,2025-09-07 08:37:12.767180,2026-09-07 08:37:12.767180,23580
545,770,ВСК,2024-08-22 17:32:47.639275,2025-08-22 17:32:47.639275,22875
546,770,ВСК,2025-08-22 17:32:47.639275,2026-08-22 17:32:47.639275,22691
547,78,Ингосстрах,2024-10-23 18:03:29.719488,2025-10-23 18:03:29.719488,13350
548,78,Росгосстрах,2025-10-23 18:03:29.719488,2026-10-23 18:03:29.719488,10587
549,397,РЕСО-Гарантия,2025-06-10 00:04:24.709284,2026-06-10 00:04:24.709284,11481
550,703,Ингосстрах,2025-06-20 15:51:38.523193,2026-06-20 15:51:38.523193,6789
551,1186,Т-Страхование,2024-10-03 05:53:43.247604,2025-10-03 05:53:43.247604,16991
552,1186,АльфаСтрахование,2025-10-03 05:53:43.247604,2026-10-03 05:53:43.247604,7864
553,47,Т-Страхование,2025-12-22 18:10:24.895001,2026-12-22 18:10:24.895001,14033
554,522,Ингосстрах,2024-07-09 06:34:07.080307,2025-07-09 06:34:07.080307,16757
555,522,ВСК,2025-07-09 06:34:07.080307,2026-07-09 06:34:07.080307,16569
556,167,Т-Страхование,2025-12-28 11:13:33.648850,2026-12-28 11:13:33.648850,19456
557,629,АльфаСтрахование,2025-01-13 01:15:18.883464,2026-01-13 01:15:18.883464,12272
558,629,Росгосстрах,2026-01-13 01:15:18.883464,2027-01-13 01:15:18.883464,13920
559,29,АльфаСтрахование,2025-06-21 03:38:30.890491,2026-06-21 03:38:30.890491,16570
560,457,АльфаСтрахование,2025-12-13 14:56:03.134745,2026-12-13 14:56:03.134745,23376
561,95,РЕСО-Гарантия,2025-10-23 19:23:46.985111,2026-10-23 19:23:46.985111,8955
562,710,Ингосстрах,2024-06-03 19:40:46.135025,2025-06-03 19:40:46.135025,22234
563,710,Ингосстрах,2025-06-03 19:40:46.135025,2026-06-03 19:40:46.135025,11276
564,1167,Росгосстрах,2024-12-29 02:37:36.407907,2025-12-29 02:37:36.407907,19739
565,1167,АльфаСтрахование,2025-12-29 02:37:36.407907,2026-12-29 02:37:36.407907,15529
566,313,АльфаСтрахование,2026-01-25 10:35:18.828083,2027-01-25 10:35:18.828083,21681
567,706,Ингосстрах,2025-08-30 21:39:02.539789,2026-08-30 21:39:02.539789,24656
568,1096,ВСК,2025-11-28 18:21:49.718149,2026-11-28 18:21:49.718149,23604
569,66,Росгосстрах,2025-11-04 11:41:23.604519,2026-11-04 11:41:23.604519,15056
570,975,АльфаСтрахование,2026-01-26 04:00:05.828233,2027-01-26 04:00:05.828233,14753
571,1192,ВСК,2024-05-16 05:40:25.043886,2025-05-16 05:40:25.043886,11699
572,1192,Т-Страхование,2025-05-16 05:40:25.043886,2026-05-16 05:40:25.043886,19677
573,623,ВСК,2025-07-26 12:23:28.772108,2026-07-26 12:23:28.772108,18076
574,715,АльфаСтрахование,2025-05-07 16:38:29.005167,2026-05-07 16:38:29.005167,12713
575,872,АльфаСтрахование,2026-01-03 18:28:19.694723,2027-01-03 18:28:19.694723,18740
576,586,АльфаСтрахование,2026-05-02 20:40:51.774414,2027-05-02 20:40:51.774414,12506
577,859,ВСК,2025-06-20 10:30:34.845742,2026-06-20 10:30:34.845742,23339
578,622,Росгосстрах,2025-09-21 05:10:45.809932,2026-09-21 05:10:45.809932,19378
579,1057,Т-Страхование,2025-05-30 12:27:53.488452,2026-05-30 12:27:53.488452,13740
580,84,Т-Страхование,2025-06-17 02:26:05.179341,2026-06-17 02:26:05.179341,19630
581,141,Ингосстрах,2025-09-01 09:32:03.460789,2026-09-01 09:32:03.460789,5183
582,815,ВСК,2025-11-11 18:17:22.969703,2026-11-11 18:17:22.969703,13473
583,308,Ингосстрах,2024-12-02 18:42:49.155683,2025-12-02 18:42:49.155683,23422
584,308,Ингосстрах,2025-12-02 18:42:49.155683,2026-12-02 18:42:49.155683,15739
585,812,АльфаСтрахование,2024-06-23 12:14:57.709630,2025-06-23 12:14:57.709630,5391
586,812,Ингосстрах,2025-06-23 12:14:57.709630,2026-06-23 12:14:57.709630,6411
587,19,Росгосстрах,2025-10-01 23:49:31.143087,2026-10-01 23:49:31.143087,18323
588,845,Ингосстрах,2025-06-21 13:35:08.703818,2026-06-21 13:35:08.703818,11473
589,125,РЕСО-Гарантия,2024-04-10 07:32:14.277569,2025-04-10 07:32:14.277569,5146
590,125,Ингосстрах,2025-04-10 07:32:14.277569,2026-04-10 07:32:14.277569,19605
591,125,АльфаСтрахование,2026-04-10 07:32:14.277569,2027-04-10 07:32:14.277569,7165
592,1160,ВСК,2024-06-14 13:26:35.200650,2025-06-14 13:26:35.200650,15319
593,1160,РЕСО-Гарантия,2025-06-14 13:26:35.200650,2026-06-14 13:26:35.200650,20752
594,569,Ингосстрах,2025-05-02 12:24:56.448310,2026-05-02 12:24:56.448310,16304
595,56,Росгосстрах,2025-11-26 19:56:13.103038,2026-11-26 19:56:13.103038,9286
596,13,ВСК,2025-10-09 11:09:39.218839,2026-10-09 11:09:39.218839,9603
597,631,АльфаСтрахование,2026-03-31 11:03:26.906683,2027-03-31 11:03:26.906683,18515
598,262,Ингосстрах,2024-04-17 12:54:17.960235,2025-04-17 12:54:17.960235,10486
599,262,РЕСО-Гарантия,2025-04-17 12:54:17.960235,2026-04-17 12:54:17.960235,24850
600,262,ВСК,2026-04-17 12:54:17.960235,2027-04-17 12:54:17.960235,18492
601,662,Росгосстрах,2025-09-18 17:17:39.718538,2026-09-18 17:17:39.718538,22421
602,575,АльфаСтрахование,2025-10-12 18:24:30.885456,2026-10-12 18:24:30.885456,16933
603,315,Т-Страхование,2024-12-01 11:29:09.743528,2025-12-01 11:29:09.743528,20570
604,315,Ингосстрах,2025-12-01 11:29:09.743528,2026-12-01 11:29:09.743528,11353
605,965,Т-Страхование,2025-05-11 18:51:30.303855,2026-05-11 18:51:30.303855,13969
606,386,Т-Страхование,2024-07-11 05:35:08.745700,2025-07-11 05:35:08.745700,10531
607,386,ВСК,2025-07-11 05:35:08.745700,2026-07-11 05:35:08.745700,10906
608,434,ВСК,2026-02-08 08:06:48.864140,2027-02-08 08:06:48.864140,5141
609,735,Т-Страхование,2026-05-08 06:01:40.207068,2027-05-08 06:01:40.207068,6165
610,1089,Ингосстрах,2025-06-01 08:02:04.967141,2026-06-01 08:02:04.967141,6679
611,1001,ВСК,2024-05-23 15:38:02.585121,2025-05-23 15:38:02.585121,11216
612,1001,РЕСО-Гарантия,2025-05-23 15:38:02.585121,2026-05-23 15:38:02.585121,10534
613,448,АльфаСтрахование,2026-03-25 00:05:27.063563,2027-03-25 00:05:27.063563,12393
614,11,АльфаСтрахование,2024-08-13 14:18:18.415524,2025-08-13 14:18:18.415524,9851
615,11,Т-Страхование,2025-08-13 14:18:18.415524,2026-08-13 14:18:18.415524,10111
616,819,АльфаСтрахование,2026-05-10 07:54:48.272623,2027-05-10 07:54:48.272623,21280
617,108,ВСК,2025-07-15 05:06:34.494326,2026-07-15 05:06:34.494326,5121
618,166,ВСК,2025-08-26 13:04:05.507396,2026-08-26 13:04:05.507396,8377
619,897,ВСК,2024-10-11 18:55:45.543446,2025-10-11 18:55:45.543446,19528
620,897,ВСК,2025-10-11 18:55:45.543446,2026-10-11 18:55:45.543446,11674
621,1072,ВСК,2026-05-24 04:54:19.995472,2027-05-24 04:54:19.995472,20118
622,150,Росгосстрах,2024-07-01 14:51:28.314286,2025-07-01 14:51:28.314286,9126
623,150,Ингосстрах,2025-07-01 14:51:28.314286,2026-07-01 14:51:28.314286,20696
624,570,АльфаСтрахование,2024-05-30 06:19:37.523868,2025-05-30 06:19:37.523868,23335
625,570,Т-Страхование,2025-05-30 06:19:37.523868,2026-05-30 06:19:37.523868,19403
626,907,Т-Страхование,2024-07-02 12:07:13.618123,2025-07-02 12:07:13.618123,18113
627,907,РЕСО-Гарантия,2025-07-02 12:07:13.618123,2026-07-02 12:07:13.618123,13214
628,21,Росгосстрах,2025-12-28 01:15:59.962687,2026-12-28 01:15:59.962687,11576
629,857,Т-Страхование,2026-02-14 06:56:24.732397,2027-02-14 06:56:24.732397,6620
630,1068,АльфаСтрахование,2025-10-24 02:00:23.378294,2026-10-24 02:00:23.378294,6130
631,956,Росгосстрах,2026-01-09 18:11:42.025877,2027-01-09 18:11:42.025877,21996
632,1008,РЕСО-Гарантия,2025-08-27 02:45:52.846249,2026-08-27 02:45:52.846249,8569
633,85,Ингосстрах,2025-09-04 09:15:31.507965,2026-09-04 09:15:31.507965,15669
634,896,Ингосстрах,2025-11-04 11:07:02.428297,2026-11-04 11:07:02.428297,12289
635,943,АльфаСтрахование,2025-04-10 13:52:32.048774,2026-04-10 13:52:32.048774,24728
636,943,Ингосстрах,2026-04-10 13:52:32.048774,2027-04-10 13:52:32.048774,7492
637,411,РЕСО-Гарантия,2025-02-19 16:44:32.312313,2026-02-19 16:44:32.312313,17174
638,411,Ингосстрах,2026-02-19 16:44:32.312313,2027-02-19 16:44:32.312313,9139
639,81,Ингосстрах,2026-01-21 10:55:46.343506,2027-01-21 10:55:46.343506,17658
640,524,Росгосстрах,2025-06-16 06:25:23.216154,2026-06-16 06:25:23.216154,24750
641,1097,Т-Страхование,2025-08-05 23:58:25.403644,2026-08-05 23:58:25.403644,6154
642,63,Т-Страхование,2025-05-03 03:46:39.505922,2026-05-03 03:46:39.505922,23927
643,63,ВСК,2026-05-03 03:46:39.505922,2027-05-03 03:46:39.505922,17728
644,1112,Ингосстрах,2025-05-24 22:16:57.801379,2026-05-24 22:16:57.801379,8920
645,902,Росгосстрах,2026-05-25 01:24:12.470039,2027-05-25 01:24:12.470039,8250
646,1055,РЕСО-Гарантия,2024-05-31 23:48:12.678032,2025-05-31 23:48:12.678032,13978
647,1055,ВСК,2025-05-31 23:48:12.678032,2026-05-31 23:48:12.678032,13434
648,327,Росгосстрах,2025-12-17 20:18:40.559587,2026-12-17 20:18:40.559587,6136
649,1032,Росгосстрах,2024-09-27 04:26:34.519231,2025-09-27 04:26:34.519231,19725
650,1032,Ингосстрах,2025-09-27 04:26:34.519231,2026-09-27 04:26:34.519231,19678
651,1138,Росгосстрах,2026-04-30 19:05:33.507528,2027-04-30 19:05:33.507528,13968
652,196,Т-Страхование,2026-03-15 20:30:52.467593,2027-03-15 20:30:52.467593,18256
653,419,АльфаСтрахование,2026-04-12 06:11:58.301832,2027-04-12 06:11:58.301832,12255
654,919,Росгосстрах,2024-04-18 07:50:46.908989,2025-04-18 07:50:46.908989,22357
655,919,ВСК,2025-04-18 07:50:46.908989,2026-04-18 07:50:46.908989,21547
656,919,АльфаСтрахование,2026-04-18 07:50:46.908989,2027-04-18 07:50:46.908989,21260
657,985,РЕСО-Гарантия,2025-07-05 07:30:36.330552,2026-07-05 07:30:36.330552,14929
658,111,Ингосстрах,2025-03-14 12:16:39.483279,2026-03-14 12:16:39.483279,17887
659,111,РЕСО-Гарантия,2026-03-14 12:16:39.483279,2027-03-14 12:16:39.483279,7309
660,605,Ингосстрах,2025-07-01 17:11:00.347790,2026-07-01 17:11:00.347790,21336
661,454,Ингосстрах,2025-10-26 06:18:41.403538,2026-10-26 06:18:41.403538,16818
662,1184,Т-Страхование,2025-11-09 01:55:57.433358,2026-11-09 01:55:57.433358,17813
663,410,Росгосстрах,2025-07-08 08:43:46.681301,2026-07-08 08:43:46.681301,9999
664,69,ВСК,2026-03-04 12:03:05.219894,2027-03-04 12:03:05.219894,10129
665,619,Т-Страхование,2025-11-12 22:00:33.170883,2026-11-12 22:00:33.170883,16127
666,506,АльфаСтрахование,2026-05-15 01:52:17.668864,2027-05-15 01:52:17.668864,16883
667,614,АльфаСтрахование,2026-03-02 19:54:46.828090,2027-03-02 19:54:46.828090,21709
668,1005,ВСК,2024-01-12 00:42:46.985553,2025-01-11 00:42:46.985553,21236
669,1005,АльфаСтрахование,2025-01-11 00:42:46.985553,2026-01-11 00:42:46.985553,11364
670,1005,ВСК,2026-01-11 00:42:46.985553,2027-01-11 00:42:46.985553,6239
671,336,РЕСО-Гарантия,2025-07-23 22:16:44.167492,2026-07-23 22:16:44.167492,8599
672,1092,Ингосстрах,2025-09-22 03:55:33.135417,2026-09-22 03:55:33.135417,11740
673,224,ВСК,2025-03-20 04:27:47.244339,2026-03-20 04:27:47.244339,24845
674,224,РЕСО-Гарантия,2026-03-20 04:27:47.244339,2027-03-20 04:27:47.244339,16157
675,255,Росгосстрах,2025-02-07 11:58:54.476993,2026-02-07 11:58:54.476993,23160
676,255,Т-Страхование,2026-02-07 11:58:54.476993,2027-02-07 11:58:54.476993,24365
677,475,Ингосстрах,2025-07-13 08:22:22.730098,2026-07-13 08:22:22.730098,23581
678,408,Росгосстрах,2025-10-10 20:48:32.265916,2026-10-10 20:48:32.265916,5427
679,873,Росгосстрах,2026-02-23 07:52:47.180972,2027-02-23 07:52:47.180972,24733
680,190,ВСК,2025-12-20 21:51:50.028754,2026-12-20 21:51:50.028754,15505
681,123,АльфаСтрахование,2026-03-22 10:39:24.853827,2027-03-22 10:39:24.853827,10465
682,824,Ингосстрах,2024-08-21 23:49:09.098976,2025-08-21 23:49:09.098976,5289
683,824,Ингосстрах,2025-08-21 23:49:09.098976,2026-08-21 23:49:09.098976,12351
684,1180,РЕСО-Гарантия,2024-06-24 02:10:18.468720,2025-06-24 02:10:18.468720,16231
685,1180,Росгосстрах,2025-06-24 02:10:18.468720,2026-06-24 02:10:18.468720,18342
686,1141,Ингосстрах,2024-12-08 23:57:37.058930,2025-12-08 23:57:37.058930,22534
687,1141,АльфаСтрахование,2025-12-08 23:57:37.058930,2026-12-08 23:57:37.058930,11249
688,784,Ингосстрах,2025-10-16 08:09:45.103169,2026-10-16 08:09:45.103169,7632
689,274,ВСК,2024-11-07 07:15:10.515679,2025-11-07 07:15:10.515679,19476
690,274,Ингосстрах,2025-11-07 07:15:10.515679,2026-11-07 07:15:10.515679,17694
691,27,РЕСО-Гарантия,2024-08-25 08:01:54.061275,2025-08-25 08:01:54.061275,7376
692,27,Т-Страхование,2025-08-25 08:01:54.061275,2026-08-25 08:01:54.061275,18484
693,248,Росгосстрах,2025-07-12 19:07:12.994086,2026-07-12 19:07:12.994086,22863
694,964,Т-Страхование,2025-05-16 18:51:29.172543,2026-05-16 18:51:29.172543,21353
695,964,Т-Страхование,2026-05-16 18:51:29.172543,2027-05-16 18:51:29.172543,23075
696,742,Ингосстрах,2025-09-08 11:37:42.688673,2026-09-08 11:37:42.688673,23399
697,1172,ВСК,2025-06-13 12:22:18.633559,2026-06-13 12:22:18.633559,18064
698,813,РЕСО-Гарантия,2026-05-05 00:40:21.506537,2027-05-05 00:40:21.506537,13941
699,159,Ингосстрах,2026-04-26 22:15:55.950428,2027-04-26 22:15:55.950428,12224
700,115,Росгосстрах,2024-05-14 16:14:51.538494,2025-05-14 16:14:51.538494,5582
701,115,АльфаСтрахование,2025-05-14 16:14:51.538494,2026-05-14 16:14:51.538494,11983
702,115,Т-Страхование,2026-05-14 16:14:51.538494,2027-05-14 16:14:51.538494,23105
703,302,ВСК,2024-09-22 00:31:15.288361,2025-09-22 00:31:15.288361,5968
704,302,АльфаСтрахование,2025-09-22 00:31:15.288361,2026-09-22 00:31:15.288361,19986
705,1091,РЕСО-Гарантия,2023-12-12 00:55:52.749251,2024-12-11 00:55:52.749251,16703
706,1091,РЕСО-Гарантия,2024-12-11 00:55:52.749251,2025-12-11 00:55:52.749251,19042
707,1091,ВСК,2025-12-11 00:55:52.749251,2026-12-11 00:55:52.749251,22896
708,526,Т-Страхование,2026-05-09 08:01:43.943076,2027-05-09 08:01:43.943076,16380
709,572,АльфаСтрахование,2025-11-30 19:25:28.613512,2026-11-30 19:25:28.613512,22936
710,1041,ВСК,2025-11-05 00:45:58.693692,2026-11-05 00:45:58.693692,6601
711,203,Ингосстрах,2026-05-30 06:56:31.943747,2027-05-30 06:56:31.943747,24681
712,704,РЕСО-Гарантия,2025-01-28 13:19:34.909234,2026-01-28 13:19:34.909234,23374
713,704,Т-Страхование,2026-01-28 13:19:34.909234,2027-01-28 13:19:34.909234,11778
714,951,АльфаСтрахование,2025-05-15 18:37:41.873881,2026-05-15 18:37:41.873881,6423
715,130,Росгосстрах,2025-05-26 09:32:57.669386,2026-05-26 09:32:57.669386,20717
716,912,Т-Страхование,2026-02-15 05:03:31.147036,2027-02-15 05:03:31.147036,7919
717,1037,РЕСО-Гарантия,2024-04-23 15:52:41.181119,2025-04-23 15:52:41.181119,7255
718,1037,ВСК,2025-04-23 15:52:41.181119,2026-04-23 15:52:41.181119,11539
719,1037,Т-Страхование,2026-04-23 15:52:41.181119,2027-04-23 15:52:41.181119,9403
720,1004,АльфаСтрахование,2025-06-04 21:25:28.736708,2026-06-04 21:25:28.736708,8755
721,1115,ВСК,2025-11-14 17:58:30.530968,2026-11-14 17:58:30.530968,16453
722,208,Т-Страхование,2024-11-09 04:50:37.196980,2025-11-09 04:50:37.196980,14228
723,208,АльфаСтрахование,2025-11-09 04:50:37.196980,2026-11-09 04:50:37.196980,23951
724,503,РЕСО-Гарантия,2024-09-29 20:54:01.078763,2025-09-29 20:54:01.078763,24180
725,503,АльфаСтрахование,2025-09-29 20:54:01.078763,2026-09-29 20:54:01.078763,10259
726,550,АльфаСтрахование,2025-12-19 03:38:49.019947,2026-12-19 03:38:49.019947,12544
727,891,Росгосстрах,2026-05-23 00:24:41.276816,2027-05-23 00:24:41.276816,9178
728,246,РЕСО-Гарантия,2025-03-28 01:18:44.740707,2026-03-28 01:18:44.740707,7144
729,246,Росгосстрах,2026-03-28 01:18:44.740707,2027-03-28 01:18:44.740707,8561
730,844,ВСК,2025-08-15 11:01:55.858472,2026-08-15 11:01:55.858472,5877
731,513,Т-Страхование,2025-07-11 21:31:28.537591,2026-07-11 21:31:28.537591,11516
732,678,Т-Страхование,2026-05-12 00:04:02.286480,2027-05-12 00:04:02.286480,12850
733,842,Т-Страхование,2025-07-13 01:08:56.591733,2026-07-13 01:08:56.591733,7779
734,918,Росгосстрах,2025-09-27 04:36:42.635079,2026-09-27 04:36:42.635079,15591
735,1073,РЕСО-Гарантия,2026-05-09 19:48:15.993797,2027-05-09 19:48:15.993797,23245
736,439,АльфаСтрахование,2025-07-07 05:21:33.761620,2026-07-07 05:21:33.761620,15540
737,94,АльфаСтрахование,2024-11-11 23:55:03.458357,2025-11-11 23:55:03.458357,6760
738,94,Т-Страхование,2025-11-11 23:55:03.458357,2026-11-11 23:55:03.458357,14218
739,930,АльфаСтрахование,2026-04-24 23:40:28.884237,2027-04-24 23:40:28.884237,21060
740,485,Росгосстрах,2025-08-30 21:30:15.029103,2026-08-30 21:30:15.029103,23970
741,858,Т-Страхование,2025-12-18 18:06:29.901697,2026-12-18 18:06:29.901697,19047
742,1191,РЕСО-Гарантия,2026-01-16 23:15:19.028159,2027-01-16 23:15:19.028159,6478
743,760,Т-Страхование,2025-09-24 09:05:13.582852,2026-09-24 09:05:13.582852,11797
744,443,Ингосстрах,2023-09-05 16:02:36.326682,2024-09-04 16:02:36.326682,19022
745,443,Ингосстрах,2024-09-04 16:02:36.326682,2025-09-04 16:02:36.326682,18349
746,443,РЕСО-Гарантия,2025-09-04 16:02:36.326682,2026-09-04 16:02:36.326682,21973
747,479,Росгосстрах,2025-05-21 17:57:17.777372,2026-05-21 17:57:17.777372,10885
748,479,РЕСО-Гарантия,2026-05-21 17:57:17.777372,2027-05-21 17:57:17.777372,5570
749,571,Ингосстрах,2025-02-06 18:34:14.224706,2026-02-06 18:34:14.224706,18685
750,571,Ингосстрах,2026-02-06 18:34:14.224706,2027-02-06 18:34:14.224706,15932
751,260,Ингосстрах,2025-05-30 06:42:47.330815,2026-05-30 06:42:47.330815,14919
752,260,ВСК,2026-05-30 06:42:47.330815,2027-05-30 06:42:47.330815,12035
753,1018,Т-Страхование,2025-11-02 13:08:46.386649,2026-11-02 13:08:46.386649,6504
754,1031,Т-Страхование,2025-06-13 22:32:07.023821,2026-06-13 22:32:07.023821,6152
755,34,Ингосстрах,2024-05-18 15:27:49.090036,2025-05-18 15:27:49.090036,11724
756,34,АльфаСтрахование,2025-05-18 15:27:49.090036,2026-05-18 15:27:49.090036,23149
757,654,Росгосстрах,2023-10-23 04:21:15.410983,2024-10-22 04:21:15.410983,24639
758,654,Т-Страхование,2024-10-22 04:21:15.410983,2025-10-22 04:21:15.410983,19819
759,654,Ингосстрах,2025-10-22 04:21:15.410983,2026-10-22 04:21:15.410983,22071
760,465,АльфаСтрахование,2026-05-25 13:06:55.596074,2027-05-25 13:06:55.596074,6285
761,189,Росгосстрах,2023-06-04 01:26:22.936568,2024-06-03 01:26:22.936568,15844
762,189,Росгосстрах,2024-06-03 01:26:22.936568,2025-06-03 01:26:22.936568,8807
763,189,АльфаСтрахование,2025-06-03 01:26:22.936568,2026-06-03 01:26:22.936568,24075
764,96,РЕСО-Гарантия,2025-12-07 00:21:54.844347,2026-12-07 00:21:54.844347,12379
765,696,Т-Страхование,2025-11-29 11:51:48.383294,2026-11-29 11:51:48.383294,18066
766,559,Росгосстрах,2024-09-28 00:59:32.058223,2025-09-28 00:59:32.058223,19559
767,559,РЕСО-Гарантия,2025-09-28 00:59:32.058223,2026-09-28 00:59:32.058223,13623
768,483,Т-Страхование,2025-12-09 01:10:17.423308,2026-12-09 01:10:17.423308,19207
769,229,ВСК,2025-08-14 18:27:31.556010,2026-08-14 18:27:31.556010,12936
770,314,АльфаСтрахование,2025-08-04 21:07:43.651811,2026-08-04 21:07:43.651811,6088
771,1102,ВСК,2026-01-07 13:30:56.984721,2027-01-07 13:30:56.984721,7516
772,1109,ВСК,2025-11-04 09:07:45.387279,2026-11-04 09:07:45.387279,10124
773,1053,Росгосстрах,2025-10-20 22:13:55.243695,2026-10-20 22:13:55.243695,5282
774,692,АльфаСтрахование,2026-01-31 04:15:10.011698,2027-01-31 04:15:10.011698,16792
775,312,Т-Страхование,2026-05-20 20:20:58.590220,2027-05-20 20:20:58.590220,19322
776,30,Росгосстрах,2024-07-16 23:58:37.394881,2025-07-16 23:58:37.394881,10325
777,30,Т-Страхование,2025-07-16 23:58:37.394881,2026-07-16 23:58:37.394881,12597
778,774,ВСК,2026-05-09 21:08:08.640218,2027-05-09 21:08:08.640218,7077
779,310,ВСК,2025-12-11 22:22:37.575301,2026-12-11 22:22:37.575301,9146
780,562,Т-Страхование,2025-11-29 08:18:36.738383,2026-11-29 08:18:36.738383,22273
781,691,ВСК,2024-12-15 19:09:31.527887,2025-12-15 19:09:31.527887,17706
782,691,АльфаСтрахование,2025-12-15 19:09:31.527887,2026-12-15 19:09:31.527887,14403
783,1020,Росгосстрах,2024-12-05 04:15:51.014360,2025-12-05 04:15:51.014360,24030
784,1020,АльфаСтрахование,2025-12-05 04:15:51.014360,2026-12-05 04:15:51.014360,24345
785,997,ВСК,2026-02-03 06:53:24.397697,2027-02-03 06:53:24.397697,8414
786,169,Ингосстрах,2025-09-12 00:06:45.661653,2026-09-12 00:06:45.661653,21760
787,597,АльфаСтрахование,2025-12-14 05:54:47.929302,2026-12-14 05:54:47.929302,11259
788,600,Ингосстрах,2025-09-20 19:20:12.662779,2026-09-20 19:20:12.662779,20106
789,549,АльфаСтрахование,2024-11-26 13:21:44.957855,2025-11-26 13:21:44.957855,23026
790,549,РЕСО-Гарантия,2025-11-26 13:21:44.957855,2026-11-26 13:21:44.957855,23002
791,358,Т-Страхование,2025-05-10 08:03:05.403768,2026-05-10 08:03:05.403768,24170
792,358,Росгосстрах,2026-05-10 08:03:05.403768,2027-05-10 08:03:05.403768,6912
793,2,Т-Страхование,2025-12-18 07:02:51.091787,2026-12-18 07:02:51.091787,24810
794,594,Ингосстрах,2026-01-12 21:15:45.063813,2027-01-12 21:15:45.063813,20438
795,285,ВСК,2026-02-08 21:48:02.154058,2027-02-08 21:48:02.154058,24147
796,917,Ингосстрах,2025-11-19 21:04:50.185774,2026-11-19 21:04:50.185774,5166
797,1027,Росгосстрах,2024-08-17 01:09:50.828540,2025-08-17 01:09:50.828540,16396
798,1027,РЕСО-Гарантия,2025-08-17 01:09:50.828540,2026-08-17 01:09:50.828540,6552
799,470,РЕСО-Гарантия,2026-03-25 04:08:24.424016,2027-03-25 04:08:24.424016,21875
800,737,АльфаСтрахование,2026-01-26 20:09:48.615096,2027-01-26 20:09:48.615096,24596
801,369,ВСК,2026-04-18 08:27:54.916447,2027-04-18 08:27:54.916447,12187
802,54,Ингосстрах,2024-06-13 21:35:25.013294,2025-06-13 21:35:25.013294,9665
803,54,Ингосстрах,2025-06-13 21:35:25.013294,2026-06-13 21:35:25.013294,24656
804,148,ВСК,2026-04-10 17:41:53.104198,2027-04-10 17:41:53.104198,7059
805,269,ВСК,2025-11-23 13:02:25.126919,2026-11-23 13:02:25.126919,19550
806,583,РЕСО-Гарантия,2026-03-31 04:45:51.561592,2027-03-31 04:45:51.561592,5060
807,319,ВСК,2026-02-12 22:38:14.728769,2027-02-12 22:38:14.728769,6585
808,584,АльфаСтрахование,2025-10-06 07:48:26.442941,2026-10-06 07:48:26.442941,7638
809,291,АльфаСтрахование,2025-05-17 01:09:58.224934,2026-05-17 01:09:58.224934,12698
810,755,РЕСО-Гарантия,2024-05-05 23:30:42.495380,2025-05-05 23:30:42.495380,16990
811,755,АльфаСтрахование,2025-05-05 23:30:42.495380,2026-05-05 23:30:42.495380,8860
812,644,РЕСО-Гарантия,2025-06-10 14:43:44.737861,2026-06-10 14:43:44.737861,5427
813,396,РЕСО-Гарантия,2024-10-14 19:10:14.616821,2025-10-14 19:10:14.616821,18844
814,396,Ингосстрах,2025-10-14 19:10:14.616821,2026-10-14 19:10:14.616821,24137
815,127,Ингосстрах,2025-07-23 16:20:05.184640,2026-07-23 16:20:05.184640,11711
816,211,Росгосстрах,2026-03-12 04:26:20.259277,2027-03-12 04:26:20.259277,6376
817,607,ВСК,2025-11-10 22:46:11.616673,2026-11-10 22:46:11.616673,20842
818,726,ВСК,2025-11-19 06:09:59.199308,2026-11-19 06:09:59.199308,8849
819,761,АльфаСтрахование,2025-05-10 12:15:27.596355,2026-05-10 12:15:27.596355,24359
820,953,Т-Страхование,2026-01-30 04:49:02.971922,2027-01-30 04:49:02.971922,10364
821,651,Ингосстрах,2024-08-04 22:11:44.629947,2025-08-04 22:11:44.629947,20788
822,651,ВСК,2025-08-04 22:11:44.629947,2026-08-04 22:11:44.629947,11104
823,338,Т-Страхование,2026-04-03 14:58:38.290269,2027-04-03 14:58:38.290269,20189
824,461,Ингосстрах,2026-05-05 21:36:43.367610,2027-05-05 21:36:43.367610,10204
825,198,Ингосстрах,2025-10-21 11:25:45.047090,2026-10-21 11:25:45.047090,14202
826,722,Ингосстрах,2024-05-26 23:35:08.335187,2025-05-26 23:35:08.335187,16682
827,722,АльфаСтрахование,2025-05-26 23:35:08.335187,2026-05-26 23:35:08.335187,10660
828,300,Т-Страхование,2024-09-24 15:00:00.984389,2025-09-24 15:00:00.984389,24828
829,300,Ингосстрах,2025-09-24 15:00:00.984389,2026-09-24 15:00:00.984389,7941
830,1106,РЕСО-Гарантия,2023-12-10 04:32:45.112689,2024-12-09 04:32:45.112689,24576
831,1106,Ингосстрах,2024-12-09 04:32:45.112689,2025-12-09 04:32:45.112689,17602
832,1106,ВСК,2025-12-09 04:32:45.112689,2026-12-09 04:32:45.112689,5673
833,347,ВСК,2024-06-22 12:50:14.021789,2025-06-22 12:50:14.021789,18440
834,347,Ингосстрах,2025-06-22 12:50:14.021789,2026-06-22 12:50:14.021789,22356
835,1023,АльфаСтрахование,2024-05-24 17:37:37.824161,2025-05-24 17:37:37.824161,13964
836,1023,АльфаСтрахование,2025-05-24 17:37:37.824161,2026-05-24 17:37:37.824161,12812
837,292,АльфаСтрахование,2024-08-06 01:13:24.909833,2025-08-06 01:13:24.909833,14559
838,292,РЕСО-Гарантия,2025-08-06 01:13:24.909833,2026-08-06 01:13:24.909833,9451
839,484,Т-Страхование,2025-05-17 04:36:38.178017,2026-05-17 04:36:38.178017,12940
840,43,ВСК,2025-08-19 13:10:51.898529,2026-08-19 13:10:51.898529,17802
841,814,Т-Страхование,2025-08-21 01:17:10.087927,2026-08-21 01:17:10.087927,7648
842,652,РЕСО-Гарантия,2024-11-17 17:22:52.291823,2025-11-17 17:22:52.291823,13287
843,652,ВСК,2025-11-17 17:22:52.291823,2026-11-17 17:22:52.291823,7535
844,749,Ингосстрах,2025-09-06 11:28:32.731617,2026-09-06 11:28:32.731617,21493
845,103,ВСК,2026-05-28 22:08:20.973434,2027-05-28 22:08:20.973434,24143
846,374,Росгосстрах,2025-05-06 21:32:44.041759,2026-05-06 21:32:44.041759,15539
847,705,ВСК,2024-06-12 12:57:34.148532,2025-06-12 12:57:34.148532,19157
848,705,Т-Страхование,2025-06-12 12:57:34.148532,2026-06-12 12:57:34.148532,7465
849,278,ВСК,2025-09-14 16:06:04.852682,2026-09-14 16:06:04.852682,17581
850,1075,Ингосстрах,2023-07-06 23:50:06.585567,2024-07-05 23:50:06.585567,19243
851,1075,РЕСО-Гарантия,2024-07-05 23:50:06.585567,2025-07-05 23:50:06.585567,12196
852,1075,Ингосстрах,2025-07-05 23:50:06.585567,2026-07-05 23:50:06.585567,13885
853,1009,АльфаСтрахование,2025-08-30 12:40:45.888187,2026-08-30 12:40:45.888187,14135
854,307,Ингосстрах,2025-02-02 02:58:12.885859,2026-02-02 02:58:12.885859,21507
855,307,Ингосстрах,2026-02-02 02:58:12.885859,2027-02-02 02:58:12.885859,21363
856,1181,РЕСО-Гарантия,2024-05-01 22:18:20.388533,2025-05-01 22:18:20.388533,16080
857,1181,Ингосстрах,2025-05-01 22:18:20.388533,2026-05-01 22:18:20.388533,22489
858,1154,Ингосстрах,2024-10-27 12:02:45.730254,2025-10-27 12:02:45.730254,6447
859,1154,РЕСО-Гарантия,2025-10-27 12:02:45.730254,2026-10-27 12:02:45.730254,10182
860,1182,Ингосстрах,2025-09-20 15:39:25.345531,2026-09-20 15:39:25.345531,21421
861,952,Росгосстрах,2025-08-23 22:38:39.881227,2026-08-23 22:38:39.881227,14708
862,6,АльфаСтрахование,2026-01-19 21:07:25.076200,2027-01-19 21:07:25.076200,16798
863,1067,РЕСО-Гарантия,2025-09-06 00:15:19.554702,2026-09-06 00:15:19.554702,5655
864,811,ВСК,2025-12-04 01:31:19.014400,2026-12-04 01:31:19.014400,12298
865,414,Росгосстрах,2025-08-22 04:37:32.434156,2026-08-22 04:37:32.434156,20146
866,88,АльфаСтрахование,2025-06-28 07:22:06.344224,2026-06-28 07:22:06.344224,9525
867,128,РЕСО-Гарантия,2025-11-03 12:04:32.160971,2026-11-03 12:04:32.160971,23174
868,1114,Росгосстрах,2025-11-08 23:39:06.088384,2026-11-08 23:39:06.088384,14609
869,178,АльфаСтрахование,2024-05-29 01:34:06.179337,2025-05-29 01:34:06.179337,20555
870,178,АльфаСтрахование,2025-05-29 01:34:06.179337,2026-05-29 01:34:06.179337,6353
871,630,Росгосстрах,2026-03-12 15:54:24.082407,2027-03-12 15:54:24.082407,16845
872,1039,Т-Страхование,2025-09-20 01:52:15.350273,2026-09-20 01:52:15.350273,6872
873,1196,РЕСО-Гарантия,2025-07-15 05:02:48.296532,2026-07-15 05:02:48.296532,20346
874,564,Ингосстрах,2026-04-15 03:28:35.800241,2027-04-15 03:28:35.800241,11994
875,721,Росгосстрах,2025-11-12 17:49:39.100073,2026-11-12 17:49:39.100073,23066
876,230,ВСК,2026-05-04 08:31:10.930875,2027-05-04 08:31:10.930875,19275
877,71,Т-Страхование,2025-01-18 12:53:30.731701,2026-01-18 12:53:30.731701,5814
878,71,Т-Страхование,2026-01-18 12:53:30.731701,2027-01-18 12:53:30.731701,8689
879,1145,АльфаСтрахование,2025-08-02 06:33:33.512532,2026-08-02 06:33:33.512532,21868
880,65,Росгосстрах,2023-12-20 06:40:21.340746,2024-12-19 06:40:21.340746,5186
881,65,Т-Страхование,2024-12-19 06:40:21.340746,2025-12-19 06:40:21.340746,13644
882,65,Росгосстрах,2025-12-19 06:40:21.340746,2026-12-19 06:40:21.340746,7541
883,1171,РЕСО-Гарантия,2025-12-22 11:11:21.706133,2026-12-22 11:11:21.706133,22913
884,924,Ингосстрах,2026-04-27 02:57:59.313587,2027-04-27 02:57:59.313587,6147
885,685,АльфаСтрахование,2026-03-24 04:57:31.746499,2027-03-24 04:57:31.746499,5058
886,904,Ингосстрах,2025-11-15 16:06:26.960400,2026-11-15 16:06:26.960400,21272
887,596,ВСК,2025-06-17 07:06:46.143984,2026-06-17 07:06:46.143984,6144
888,664,АльфаСтрахование,2025-04-24 04:05:43.024073,2026-04-24 04:05:43.024073,10819
889,664,Росгосстрах,2026-04-24 04:05:43.024073,2027-04-24 04:05:43.024073,9648
890,104,Росгосстрах,2026-01-16 03:33:22.778360,2027-01-16 03:33:22.778360,21567
891,730,Т-Страхование,2026-05-17 00:56:56.733461,2027-05-17 00:56:56.733461,12085
892,959,Ингосстрах,2025-08-17 23:22:48.500958,2026-08-17 23:22:48.500958,20038
893,803,РЕСО-Гарантия,2024-01-15 20:55:12.294353,2025-01-14 20:55:12.294353,20831
894,803,АльфаСтрахование,2025-01-14 20:55:12.294353,2026-01-14 20:55:12.294353,19065
895,803,Росгосстрах,2026-01-14 20:55:12.294353,2027-01-14 20:55:12.294353,21731
896,223,РЕСО-Гарантия,2025-05-16 21:31:05.705552,2026-05-16 21:31:05.705552,17930
897,1148,Т-Страхование,2025-03-07 21:18:25.341883,2026-03-07 21:18:25.341883,11348
898,1148,АльфаСтрахование,2026-03-07 21:18:25.341883,2027-03-07 21:18:25.341883,6510
899,801,АльфаСтрахование,2025-08-07 14:16:54.617398,2026-08-07 14:16:54.617398,7745
900,944,РЕСО-Гарантия,2026-02-24 06:52:57.475201,2027-02-24 06:52:57.475201,6224
901,934,РЕСО-Гарантия,2025-09-30 10:49:02.386955,2026-09-30 10:49:02.386955,6607
902,911,РЕСО-Гарантия,2025-11-29 10:08:18.410683,2026-11-29 10:08:18.410683,5984
903,558,Ингосстрах,2026-02-13 14:00:22.141719,2027-02-13 14:00:22.141719,6572
904,296,Ингосстрах,2025-08-07 18:40:47.286560,2026-08-07 18:40:47.286560,12604
905,86,АльфаСтрахование,2025-07-04 15:44:02.894824,2026-07-04 15:44:02.894824,12185
906,658,Ингосстрах,2025-07-27 06:12:38.429200,2026-07-27 06:12:38.429200,12837
907,1034,АльфаСтрахование,2024-11-09 07:48:31.863824,2025-11-09 07:48:31.863824,17649
908,1034,Ингосстрах,2025-11-09 07:48:31.863824,2026-11-09 07:48:31.863824,8381
909,270,ВСК,2025-05-15 08:59:10.062894,2026-05-15 08:59:10.062894,11913
910,1194,Т-Страхование,2026-02-13 11:53:30.161546,2027-02-13 11:53:30.161546,22809
911,349,Ингосстрах,2025-04-03 23:12:21.261117,2026-04-03 23:12:21.261117,15830
912,349,АльфаСтрахование,2026-04-03 23:12:21.261117,2027-04-03 23:12:21.261117,17905
913,33,АльфаСтрахование,2025-09-03 13:38:55.172381,2026-09-03 13:38:55.172381,23960
914,675,АльфаСтрахование,2025-11-04 08:12:13.781799,2026-11-04 08:12:13.781799,8711
915,59,Ингосстрах,2025-06-23 05:16:44.804214,2026-06-23 05:16:44.804214,15742
916,862,ВСК,2025-08-18 11:32:55.209569,2026-08-18 11:32:55.209569,14789
917,825,ВСК,2026-04-25 19:42:12.104502,2027-04-25 19:42:12.104502,12833
918,518,РЕСО-Гарантия,2024-08-21 01:48:13.611373,2025-08-21 01:48:13.611373,14283
919,518,Т-Страхование,2025-08-21 01:48:13.611373,2026-08-21 01:48:13.611373,10847
920,1024,РЕСО-Гарантия,2025-11-07 06:38:56.740135,2026-11-07 06:38:56.740135,8589
921,276,ВСК,2026-04-06 21:46:00.254374,2027-04-06 21:46:00.254374,20285
922,135,Т-Страхование,2025-06-30 16:18:53.015516,2026-06-30 16:18:53.015516,15877
923,929,Т-Страхование,2025-10-15 07:20:41.745082,2026-10-15 07:20:41.745082,23395
924,28,ВСК,2025-05-06 16:05:21.754849,2026-05-06 16:05:21.754849,19615
925,28,РЕСО-Гарантия,2026-05-06 16:05:21.754849,2027-05-06 16:05:21.754849,16125
926,225,Т-Страхование,2024-06-27 11:29:30.211919,2025-06-27 11:29:30.211919,23711
927,225,Т-Страхование,2025-06-27 11:29:30.211919,2026-06-27 11:29:30.211919,17338
928,795,Росгосстрах,2026-04-09 12:05:16.208960,2027-04-09 12:05:16.208960,23887
929,1127,Ингосстрах,2025-01-10 10:53:24.112303,2026-01-10 10:53:24.112303,20399
930,1127,Росгосстрах,2026-01-10 10:53:24.112303,2027-01-10 10:53:24.112303,24463
931,946,Росгосстрах,2025-07-25 11:59:57.077738,2026-07-25 11:59:57.077738,24457
932,74,АльфаСтрахование,2026-02-21 10:26:40.078635,2027-02-21 10:26:40.078635,11923
933,1166,АльфаСтрахование,2025-07-01 05:20:44.652905,2026-07-01 05:20:44.652905,8411
934,937,Т-Страхование,2025-09-27 07:02:33.459358,2026-09-27 07:02:33.459358,11590
935,682,РЕСО-Гарантия,2024-03-04 01:55:11.177737,2025-03-04 01:55:11.177737,8911
936,682,Ингосстрах,2025-03-04 01:55:11.177737,2026-03-04 01:55:11.177737,13337
937,682,ВСК,2026-03-04 01:55:11.177737,2027-03-04 01:55:11.177737,22295
938,1176,Ингосстрах,2026-05-03 10:00:53.511839,2027-05-03 10:00:53.511839,19824
939,856,Ингосстрах,2026-01-22 16:31:54.347905,2027-01-22 16:31:54.347905,24587
940,684,АльфаСтрахование,2025-07-09 20:59:05.020940,2026-07-09 20:59:05.020940,15781
941,36,Т-Страхование,2024-06-27 18:20:54.471703,2025-06-27 18:20:54.471703,10634
942,36,Т-Страхование,2025-06-27 18:20:54.471703,2026-06-27 18:20:54.471703,10364
943,213,Ингосстрах,2025-10-23 23:38:37.359071,2026-10-23 23:38:37.359071,23050
944,1044,Т-Страхование,2025-09-25 23:21:15.734140,2026-09-25 23:21:15.734140,20970
945,504,Ингосстрах,2024-11-14 08:16:38.350847,2025-11-14 08:16:38.350847,15005
946,504,АльфаСтрахование,2025-11-14 08:16:38.350847,2026-11-14 08:16:38.350847,9445
947,1156,АльфаСтрахование,2026-04-19 15:18:03.647749,2027-04-19 15:18:03.647749,16213
948,810,РЕСО-Гарантия,2026-06-02 15:43:04.293155,2027-06-02 15:43:04.293155,5952
949,1094,Росгосстрах,2025-09-17 08:11:31.275397,2026-09-17 08:11:31.275397,23435
950,531,РЕСО-Гарантия,2025-07-23 10:19:49.695287,2026-07-23 10:19:49.695287,8842
951,391,Т-Страхование,2025-01-26 11:56:57.545879,2026-01-26 11:56:57.545879,18289
952,391,ВСК,2026-01-26 11:56:57.545879,2027-01-26 11:56:57.545879,18628
953,728,Т-Страхование,2025-01-22 08:51:05.027654,2026-01-22 08:51:05.027654,17988
954,728,Росгосстрах,2026-01-22 08:51:05.027654,2027-01-22 08:51:05.027654,11865
955,467,Ингосстрах,2024-05-27 10:20:32.890784,2025-05-27 10:20:32.890784,16485
956,467,РЕСО-Гарантия,2025-05-27 10:20:32.890784,2026-05-27 10:20:32.890784,8222
957,988,АльфаСтрахование,2025-10-28 08:02:06.999894,2026-10-28 08:02:06.999894,8653
958,982,АльфаСтрахование,2025-05-08 21:59:21.323713,2026-05-08 21:59:21.323713,16385
959,838,ВСК,2026-03-19 21:10:31.162359,2027-03-19 21:10:31.162359,5574
960,748,Росгосстрах,2025-11-17 16:06:55.410615,2026-11-17 16:06:55.410615,24444
961,23,АльфаСтрахование,2026-04-13 18:35:18.676070,2027-04-13 18:35:18.676070,6705
962,117,Т-Страхование,2025-06-01 06:37:30.335738,2026-06-01 06:37:30.335738,7712
963,1056,АльфаСтрахование,2025-03-11 22:21:28.348309,2026-03-11 22:21:28.348309,10450
964,1056,ВСК,2026-03-11 22:21:28.348309,2027-03-11 22:21:28.348309,8498
965,1164,Росгосстрах,2026-02-23 09:42:42.125816,2027-02-23 09:42:42.125816,21329
966,500,Т-Страхование,2025-02-10 02:47:06.032961,2026-02-10 02:47:06.032961,19300
967,500,РЕСО-Гарантия,2026-02-10 02:47:06.032961,2027-02-10 02:47:06.032961,12701
968,1050,Росгосстрах,2025-12-14 12:10:20.714503,2026-12-14 12:10:20.714503,14905
969,683,Т-Страхование,2026-06-01 11:23:13.747122,2027-06-01 11:23:13.747122,5355
970,574,Т-Страхование,2024-06-25 03:03:30.720010,2025-06-25 03:03:30.720010,21915
971,574,ВСК,2025-06-25 03:03:30.720010,2026-06-25 03:03:30.720010,15878
972,1099,РЕСО-Гарантия,2025-02-15 09:53:12.050977,2026-02-15 09:53:12.050977,18993
973,1099,Т-Страхование,2026-02-15 09:53:12.050977,2027-02-15 09:53:12.050977,16854
974,232,АльфаСтрахование,2026-04-09 02:34:44.032433,2027-04-09 02:34:44.032433,20460
975,908,АльфаСтрахование,2024-06-24 16:35:17.741691,2025-06-24 16:35:17.741691,8638
976,908,РЕСО-Гарантия,2025-06-24 16:35:17.741691,2026-06-24 16:35:17.741691,12593
977,781,Т-Страхование,2025-06-11 13:25:06.129163,2026-06-11 13:25:06.129163,5003
978,335,РЕСО-Гарантия,2026-04-03 15:13:40.842716,2027-04-03 15:13:40.842716,19338
979,158,ВСК,2023-12-25 14:36:06.310880,2024-12-24 14:36:06.310880,19196
980,158,ВСК,2024-12-24 14:36:06.310880,2025-12-24 14:36:06.310880,14273
981,158,Росгосстрах,2025-12-24 14:36:06.310880,2026-12-24 14:36:06.310880,11839
982,383,РЕСО-Гарантия,2026-05-26 06:06:03.077405,2027-05-26 06:06:03.077405,22743
983,865,Т-Страхование,2025-09-18 06:22:19.895220,2026-09-18 06:22:19.895220,24326
984,1082,ВСК,2025-12-25 18:47:26.522937,2026-12-25 18:47:26.522937,21017
985,958,Т-Страхование,2025-09-23 23:39:06.566559,2026-09-23 23:39:06.566559,6860
986,502,АльфаСтрахование,2025-06-22 17:32:13.598674,2026-06-22 17:32:13.598674,7877
987,659,Ингосстрах,2025-02-01 04:41:06.218143,2026-02-01 04:41:06.218143,20952
988,659,АльфаСтрахование,2026-02-01 04:41:06.218143,2027-02-01 04:41:06.218143,18570
989,118,Т-Страхование,2025-07-28 22:12:42.022531,2026-07-28 22:12:42.022531,6006
990,741,ВСК,2025-05-11 05:51:50.813267,2026-05-11 05:51:50.813267,17922
991,422,Т-Страхование,2026-01-01 14:51:49.819242,2027-01-01 14:51:49.819242,13493
992,163,РЕСО-Гарантия,2025-12-20 06:07:34.874268,2026-12-20 06:07:34.874268,11861
993,960,Т-Страхование,2026-03-02 02:49:45.450926,2027-03-02 02:49:45.450926,13349
994,639,ВСК,2024-12-31 21:53:13.389197,2025-12-31 21:53:13.389197,9776
995,639,Т-Страхование,2025-12-31 21:53:13.389197,2026-12-31 21:53:13.389197,24996
996,1155,Т-Страхование,2025-05-13 05:15:04.986081,2026-05-13 05:15:04.986081,9521
997,580,РЕСО-Гарантия,2025-05-09 09:43:26.552956,2026-05-09 09:43:26.552956,6871
998,533,РЕСО-Гарантия,2026-03-10 07:57:37.876184,2027-03-10 07:57:37.876184,9649
999,932,АльфаСтрахование,2025-07-08 06:23:45.084011,2026-07-08 06:23:45.084011,19390
1000,346,РЕСО-Гарантия,2025-07-29 23:41:19.732845,2026-07-29 23:41:19.732845,16264
1001,530,Росгосстрах,2025-10-22 20:47:52.632602,2026-10-22 20:47:52.632602,5525
1002,442,ВСК,2025-11-28 05:25:26.538479,2026-11-28 05:25:26.538479,7525
1003,881,АльфаСтрахование,2026-03-26 22:40:30.780722,2027-03-26 22:40:30.780722,17156
1004,732,РЕСО-Гарантия,2025-08-17 00:29:23.327756,2026-08-17 00:29:23.327756,6477
1005,977,ВСК,2025-09-15 14:20:43.177699,2026-09-15 14:20:43.177699,15631
1006,366,ВСК,2025-08-14 15:19:17.343525,2026-08-14 15:19:17.343525,11863
1007,405,Т-Страхование,2026-02-16 21:30:27.395556,2027-02-16 21:30:27.395556,24146
1008,931,Т-Страхование,2025-08-31 10:58:03.305579,2026-08-31 10:58:03.305579,20601
1009,950,АльфаСтрахование,2025-08-16 03:10:06.949879,2026-08-16 03:10:06.949879,20338
1010,961,ВСК,2025-08-29 03:37:24.148217,2026-08-29 03:37:24.148217,5413
1011,186,ВСК,2026-03-08 19:29:32.299560,2027-03-08 19:29:32.299560,8457
1012,251,ВСК,2025-12-24 23:13:28.386943,2026-12-24 23:13:28.386943,9026
1013,547,Т-Страхование,2026-01-12 04:16:04.873316,2027-01-12 04:16:04.873316,6267
1014,595,ВСК,2025-05-02 08:25:22.473902,2026-05-02 08:25:22.473902,23820
1015,595,Т-Страхование,2026-05-02 08:25:22.473902,2027-05-02 08:25:22.473902,6679
1016,701,АльфаСтрахование,2025-11-10 11:41:43.581584,2026-11-10 11:41:43.581584,16967
1017,694,АльфаСтрахование,2025-10-17 03:05:50.999929,2026-10-17 03:05:50.999929,17609
1018,1084,ВСК,2025-07-13 01:08:27.644736,2026-07-13 01:08:27.644736,16431
1019,883,Ингосстрах,2026-03-11 15:19:33.972632,2027-03-11 15:19:33.972632,22845
1020,955,Росгосстрах,2024-07-19 11:07:59.000791,2025-07-19 11:07:59.000791,24110
1021,955,Ингосстрах,2025-07-19 11:07:59.000791,2026-07-19 11:07:59.000791,11328
1022,830,РЕСО-Гарантия,2025-03-15 04:46:02.412670,2026-03-15 04:46:02.412670,8675
1023,830,РЕСО-Гарантия,2026-03-15 04:46:02.412670,2027-03-15 04:46:02.412670,12520
1024,368,АльфаСтрахование,2025-11-27 23:31:09.498714,2026-11-27 23:31:09.498714,6251
1025,460,ВСК,2025-07-18 21:46:40.986214,2026-07-18 21:46:40.986214,24554
1026,214,ВСК,2026-01-23 03:38:09.511135,2027-01-23 03:38:09.511135,16004
1027,895,ВСК,2024-09-24 13:13:13.282092,2025-09-24 13:13:13.282092,18942
1028,895,ВСК,2025-09-24 13:13:13.282092,2026-09-24 13:13:13.282092,17881
1029,716,ВСК,2026-01-29 15:32:33.487697,2027-01-29 15:32:33.487697,18781
1030,601,РЕСО-Гарантия,2026-01-08 22:45:57.586978,2027-01-08 22:45:57.586978,19291
1031,192,Т-Страхование,2025-04-03 14:33:29.597227,2026-04-03 14:33:29.597227,13940
1032,192,Т-Страхование,2026-04-03 14:33:29.597227,2027-04-03 14:33:29.597227,13139
1033,1103,АльфаСтрахование,2026-04-10 04:41:31.439647,2027-04-10 04:41:31.439647,9148
1034,612,Ингосстрах,2025-11-11 19:37:47.195597,2026-11-11 19:37:47.195597,17107
1035,440,ВСК,2023-09-12 21:28:24.844342,2024-09-11 21:28:24.844342,5166
1036,440,ВСК,2024-09-11 21:28:24.844342,2025-09-11 21:28:24.844342,20340
1037,440,РЕСО-Гарантия,2025-09-11 21:28:24.844342,2026-09-11 21:28:24.844342,19752
1038,216,РЕСО-Гарантия,2025-07-30 12:42:02.576507,2026-07-30 12:42:02.576507,18291
1039,316,ВСК,2025-12-22 11:30:23.701870,2026-12-22 11:30:23.701870,15478
1040,642,РЕСО-Гарантия,2026-05-25 02:40:49.547984,2027-05-25 02:40:49.547984,14798
1041,1130,АльфаСтрахование,2025-05-29 07:44:35.538291,2026-05-29 07:44:35.538291,24131
1042,606,АльфаСтрахование,2025-04-09 18:44:39.620768,2026-04-09 18:44:39.620768,13399
1043,606,ВСК,2026-04-09 18:44:39.620768,2027-04-09 18:44:39.620768,24619
1044,375,РЕСО-Гарантия,2026-05-23 15:45:55.436950,2027-05-23 15:45:55.436950,7942
1045,995,Росгосстрах,2024-09-07 17:51:40.311401,2025-09-07 17:51:40.311401,23333
1046,995,АльфаСтрахование,2025-09-07 17:51:40.311401,2026-09-07 17:51:40.311401,13407
1047,1043,РЕСО-Гарантия,2024-06-13 07:52:39.427160,2025-06-13 07:52:39.427160,24365
1048,1043,Росгосстрах,2025-06-13 07:52:39.427160,2026-06-13 07:52:39.427160,9416
1049,1061,АльфаСтрахование,2026-04-07 18:59:30.967885,2027-04-07 18:59:30.967885,18695
1050,226,Т-Страхование,2025-10-13 19:54:31.927293,2026-10-13 19:54:31.927293,20936
1051,565,АльфаСтрахование,2025-09-14 07:45:17.836749,2026-09-14 07:45:17.836749,21265
1052,73,РЕСО-Гарантия,2025-09-28 06:38:01.719862,2026-09-28 06:38:01.719862,9764
1053,763,ВСК,2026-02-19 18:08:57.901376,2027-02-19 18:08:57.901376,22115
1054,425,Т-Страхование,2025-09-27 01:26:21.119174,2026-09-27 01:26:21.119174,23229
1055,342,Т-Страхование,2025-04-27 22:36:57.842253,2026-04-27 22:36:57.842253,13099
1056,342,Ингосстрах,2026-04-27 22:36:57.842253,2027-04-27 22:36:57.842253,8915
1057,974,Ингосстрах,2026-03-30 11:45:55.021651,2027-03-30 11:45:55.021651,15948
1058,831,Ингосстрах,2025-05-12 18:05:00.055686,2026-05-12 18:05:00.055686,6300
1059,326,Росгосстрах,2025-11-05 20:37:32.382689,2026-11-05 20:37:32.382689,12701
1060,1095,Росгосстрах,2025-03-23 05:17:05.896608,2026-03-23 05:17:05.896608,14184
1061,1095,ВСК,2026-03-23 05:17:05.896608,2027-03-23 05:17:05.896608,19459
1062,809,ВСК,2025-11-06 07:31:42.409739,2026-11-06 07:31:42.409739,5356
1063,1174,АльфаСтрахование,2025-09-20 11:05:46.002847,2026-09-20 11:05:46.002847,18215
1064,1134,ВСК,2026-01-12 00:53:16.473856,2027-01-12 00:53:16.473856,6157
1065,670,Росгосстрах,2026-01-14 16:11:58.782134,2027-01-14 16:11:58.782134,16154
1066,328,Ингосстрах,2025-07-27 00:36:47.163955,2026-07-27 00:36:47.163955,9194
1067,404,Т-Страхование,2025-07-29 18:46:11.586820,2026-07-29 18:46:11.586820,19983
1068,415,Ингосстрах,2026-04-24 23:19:12.294042,2027-04-24 23:19:12.294042,19749
1069,348,Росгосстрах,2025-07-30 16:56:59.252352,2026-07-30 16:56:59.252352,5027
1070,324,РЕСО-Гарантия,2024-10-03 23:18:14.332678,2025-10-03 23:18:14.332678,22084
1071,324,АльфаСтрахование,2025-10-03 23:18:14.332678,2026-10-03 23:18:14.332678,15317
1072,1105,Т-Страхование,2024-03-03 18:12:23.940582,2025-03-03 18:12:23.940582,5164
1073,1105,ВСК,2025-03-03 18:12:23.940582,2026-03-03 18:12:23.940582,12623
1074,1105,Т-Страхование,2026-03-03 18:12:23.940582,2027-03-03 18:12:23.940582,6375
1075,1116,Ингосстрах,2026-01-15 03:28:21.400269,2027-01-15 03:28:21.400269,8049
1076,61,Т-Страхование,2025-09-24 13:18:31.631819,2026-09-24 13:18:31.631819,17427
1077,679,Росгосстрах,2024-05-05 15:07:08.814093,2025-05-05 15:07:08.814093,14977
1078,679,Ингосстрах,2025-05-05 15:07:08.814093,2026-05-05 15:07:08.814093,16464
1079,820,РЕСО-Гарантия,2024-07-20 02:38:26.720764,2025-07-20 02:38:26.720764,6277
1080,820,РЕСО-Гарантия,2025-07-20 02:38:26.720764,2026-07-20 02:38:26.720764,19240
1081,879,ВСК,2026-02-27 16:12:05.974180,2027-02-27 16:12:05.974180,15155
1082,604,АльфаСтрахование,2025-08-28 19:38:42.703644,2026-08-28 19:38:42.703644,15044
1083,589,ВСК,2025-02-27 03:01:04.321799,2026-02-27 03:01:04.321799,12035
1084,589,АльфаСтрахование,2026-02-27 03:01:04.321799,2027-02-27 03:01:04.321799,7794
1085,294,РЕСО-Гарантия,2024-05-20 19:09:10.538644,2025-05-20 19:09:10.538644,7109
1086,294,Росгосстрах,2025-05-20 19:09:10.538644,2026-05-20 19:09:10.538644,17909
1087,590,Росгосстрах,2024-02-15 22:09:43.007305,2025-02-14 22:09:43.007305,19011
1088,590,Т-Страхование,2025-02-14 22:09:43.007305,2026-02-14 22:09:43.007305,22900
1089,590,Т-Страхование,2026-02-14 22:09:43.007305,2027-02-14 22:09:43.007305,22955
1090,489,АльфаСтрахование,2026-02-14 06:23:29.616301,2027-02-14 06:23:29.616301,12428
1091,645,Ингосстрах,2025-06-01 01:12:28.491088,2026-06-01 01:12:28.491088,12475
1092,747,Т-Страхование,2025-04-21 22:15:10.761293,2026-04-21 22:15:10.761293,7691
1093,747,Росгосстрах,2026-04-21 22:15:10.761293,2027-04-21 22:15:10.761293,20822
1094,1119,ВСК,2025-10-22 05:31:29.000999,2026-10-22 05:31:29.000999,5253
1095,992,РЕСО-Гарантия,2025-03-23 11:57:03.589160,2026-03-23 11:57:03.589160,11173
1096,992,Ингосстрах,2026-03-23 11:57:03.589160,2027-03-23 11:57:03.589160,9401
1097,195,Росгосстрах,2025-06-23 07:59:30.301723,2026-06-23 07:59:30.301723,10746
1098,864,Т-Страхование,2026-05-07 16:57:59.602261,2027-05-07 16:57:59.602261,8454
1099,35,Ингосстрах,2026-01-07 19:08:28.234785,2027-01-07 19:08:28.234785,10572
1100,765,АльфаСтрахование,2023-06-20 00:21:21.321373,2024-06-19 00:21:21.321373,11558
1101,765,Росгосстрах,2024-06-19 00:21:21.321373,2025-06-19 00:21:21.321373,7888
1102,765,ВСК,2025-06-19 00:21:21.321373,2026-06-19 00:21:21.321373,19740
1103,113,Т-Страхование,2025-05-11 14:43:15.366226,2026-05-11 14:43:15.366226,19842
1104,840,ВСК,2026-05-24 06:37:09.214128,2027-05-24 06:37:09.214128,14171
1105,132,Т-Страхование,2024-10-27 19:39:56.067065,2025-10-27 19:39:56.067065,23852
1106,132,Росгосстрах,2025-10-27 19:39:56.067065,2026-10-27 19:39:56.067065,23519
1107,1132,АльфаСтрахование,2026-05-19 07:12:31.586400,2027-05-19 07:12:31.586400,20626
1108,792,РЕСО-Гарантия,2024-11-30 19:29:23.380704,2025-11-30 19:29:23.380704,8351
1109,792,Т-Страхование,2025-11-30 19:29:23.380704,2026-11-30 19:29:23.380704,7103
1110,757,Ингосстрах,2025-07-07 18:20:03.228591,2026-07-07 18:20:03.228591,21003
1111,657,РЕСО-Гарантия,2023-06-19 05:18:31.055201,2024-06-18 05:18:31.055201,19508
1112,657,Т-Страхование,2024-06-18 05:18:31.055201,2025-06-18 05:18:31.055201,24758
1113,657,ВСК,2025-06-18 05:18:31.055201,2026-06-18 05:18:31.055201,20281
1114,731,Т-Страхование,2025-10-17 19:46:00.610464,2026-10-17 19:46:00.610464,21240
1115,250,Т-Страхование,2026-05-21 17:37:57.084478,2027-05-21 17:37:57.084478,24388
1116,852,Ингосстрах,2026-05-18 11:14:16.964232,2027-05-18 11:14:16.964232,12728
1117,105,Т-Страхование,2024-10-04 12:12:33.464351,2025-10-04 12:12:33.464351,20656
1118,105,АльфаСтрахование,2025-10-04 12:12:33.464351,2026-10-04 12:12:33.464351,18841
1119,1169,ВСК,2025-10-03 07:57:25.409274,2026-10-03 07:57:25.409274,8935
1120,585,Росгосстрах,2026-05-25 10:00:31.404833,2027-05-25 10:00:31.404833,17112
1121,185,Т-Страхование,2026-05-29 10:19:50.738408,2027-05-29 10:19:50.738408,15545
1122,206,Росгосстрах,2026-02-01 01:43:16.065545,2027-02-01 01:43:16.065545,13818
1123,1121,АльфаСтрахование,2026-01-10 20:08:11.957527,2027-01-10 20:08:11.957527,19576
1124,806,ВСК,2025-10-14 06:21:20.955236,2026-10-14 06:21:20.955236,12263
1125,957,АльфаСтрахование,2024-04-29 01:52:23.227037,2025-04-29 01:52:23.227037,10004
1126,957,РЕСО-Гарантия,2025-04-29 01:52:23.227037,2026-04-29 01:52:23.227037,8155
1127,914,ВСК,2024-11-07 00:43:02.883046,2025-11-07 00:43:02.883046,6161
1128,914,ВСК,2025-11-07 00:43:02.883046,2026-11-07 00:43:02.883046,15297
1129,164,Ингосстрах,2025-01-03 15:25:00.944128,2026-01-03 15:25:00.944128,14138
1130,164,Ингосстрах,2026-01-03 15:25:00.944128,2027-01-03 15:25:00.944128,12463
1131,1014,ВСК,2026-05-22 10:47:31.587173,2027-05-22 10:47:31.587173,18634
1132,165,АльфаСтрахование,2026-03-17 10:55:31.034996,2027-03-17 10:55:31.034996,24673
1133,611,РЕСО-Гарантия,2024-12-02 08:37:21.406990,2025-12-02 08:37:21.406990,21627
1134,611,ВСК,2025-12-02 08:37:21.406990,2026-12-02 08:37:21.406990,18753
1135,299,Т-Страхование,2025-11-30 17:42:33.478582,2026-11-30 17:42:33.478582,7862
1136,298,РЕСО-Гарантия,2026-03-15 17:52:44.306616,2027-03-15 17:52:44.306616,14049
1137,1065,Т-Страхование,2026-05-02 17:34:53.398813,2027-05-02 17:34:53.398813,8022
1138,202,Росгосстрах,2026-02-22 09:58:56.693931,2027-02-22 09:58:56.693931,14379
1139,376,АльфаСтрахование,2025-11-18 15:10:17.476623,2026-11-18 15:10:17.476623,12685
1140,1083,Т-Страхование,2025-10-26 23:41:33.746911,2026-10-26 23:41:33.746911,16341
1141,1178,Росгосстрах,2026-05-15 10:21:00.867124,2027-05-15 10:21:00.867124,23643
1142,508,Росгосстрах,2025-12-09 01:38:43.505363,2026-12-09 01:38:43.505363,13067
1143,777,ВСК,2025-06-07 05:31:39.358258,2026-06-07 05:31:39.358258,9978
1144,798,ВСК,2024-07-05 09:45:10.467402,2025-07-05 09:45:10.467402,10653
1145,798,РЕСО-Гарантия,2025-07-05 09:45:10.467402,2026-07-05 09:45:10.467402,9697
1146,687,Ингосстрах,2025-12-12 12:07:42.792445,2026-12-12 12:07:42.792445,13604
1147,87,Т-Страхование,2025-09-08 14:15:27.871076,2026-09-08 14:15:27.871076,21783
1148,1188,Росгосстрах,2026-03-07 07:44:07.629874,2027-03-07 07:44:07.629874,23335
1149,283,Росгосстрах,2025-05-31 03:22:55.304462,2026-05-31 03:22:55.304462,6843
1150,1175,Росгосстрах,2024-05-21 20:23:21.595670,2025-05-21 20:23:21.595670,8541
1151,1175,Т-Страхование,2025-05-21 20:23:21.595670,2026-05-21 20:23:21.595670,20158
1152,1175,ВСК,2026-05-21 20:23:21.595670,2027-05-21 20:23:21.595670,12366
1153,388,Т-Страхование,2025-06-19 06:25:44.582811,2026-06-19 06:25:44.582811,6655
1154,1128,Т-Страхование,2026-05-08 02:56:00.056498,2027-05-08 02:56:00.056498,7447
1155,866,Т-Страхование,2025-08-28 20:41:08.561383,2026-08-28 20:41:08.561383,13745
1156,205,АльфаСтрахование,2026-01-13 16:13:20.403947,2027-01-13 16:13:20.403947,24774
1157,372,ВСК,2025-11-25 04:38:03.942623,2026-11-25 04:38:03.942623,5893
1158,37,ВСК,2025-07-13 19:11:37.137331,2026-07-13 19:11:37.137331,13571
1159,24,АльфаСтрахование,2025-05-04 11:21:03.105500,2026-05-04 11:21:03.105500,18953
1160,839,Т-Страхование,2025-12-12 05:14:38.533193,2026-12-12 05:14:38.533193,11028
1161,83,АльфаСтрахование,2024-06-26 08:09:43.119970,2025-06-26 08:09:43.119970,24329
1162,83,РЕСО-Гарантия,2025-06-26 08:09:43.119970,2026-06-26 08:09:43.119970,8617
1163,603,Т-Страхование,2025-10-23 02:12:44.249017,2026-10-23 02:12:44.249017,9622
1164,264,ВСК,2024-07-13 22:32:20.249458,2025-07-13 22:32:20.249458,16601
1165,264,Т-Страхование,2025-07-13 22:32:20.249458,2026-07-13 22:32:20.249458,14881
1166,52,АльфаСтрахование,2025-12-31 20:40:17.613267,2026-12-31 20:40:17.613267,6953
1167,993,Ингосстрах,2025-10-01 05:01:17.836326,2026-10-01 05:01:17.836326,21031
1168,994,РЕСО-Гарантия,2025-08-22 17:41:29.476511,2026-08-22 17:41:29.476511,14519
1169,12,ВСК,2025-11-15 00:57:17.799915,2026-11-15 00:57:17.799915,24573
1170,829,Ингосстрах,2023-10-05 07:25:04.496309,2024-10-04 07:25:04.496309,21180
1171,829,Росгосстрах,2024-10-04 07:25:04.496309,2025-10-04 07:25:04.496309,11936
1172,829,АльфаСтрахование,2025-10-04 07:25:04.496309,2026-10-04 07:25:04.496309,7766
1173,180,Росгосстрах,2025-04-12 19:35:39.609793,2026-04-12 19:35:39.609793,19218
1174,180,ВСК,2026-04-12 19:35:39.609793,2027-04-12 19:35:39.609793,24212
1175,846,Росгосстрах,2026-01-17 22:43:54.921085,2027-01-17 22:43:54.921085,22994
1176,823,Т-Страхование,2025-05-20 20:34:33.083172,2026-05-20 20:34:33.083172,22782
1177,528,Росгосстрах,2026-05-04 03:41:16.298136,2027-05-04 03:41:16.298136,5198
1178,913,Ингосстрах,2026-04-01 07:06:27.694356,2027-04-01 07:06:27.694356,19998
1179,665,Ингосстрах,2026-02-13 01:52:51.136159,2027-02-13 01:52:51.136159,8316
1180,609,АльфаСтрахование,2026-02-25 03:07:27.953654,2027-02-25 03:07:27.953654,10434
1181,649,Росгосстрах,2026-04-02 18:57:09.625062,2027-04-02 18:57:09.625062,14453
1182,1198,РЕСО-Гарантия,2026-03-29 12:58:07.377080,2027-03-29 12:58:07.377080,16418
1183,971,Росгосстрах,2026-03-06 22:28:16.030769,2027-03-06 22:28:16.030769,14408
1184,1173,Т-Страхование,2024-07-18 09:49:21.364240,2025-07-18 09:49:21.364240,22138
1185,1173,Росгосстрах,2025-07-18 09:49:21.364240,2026-07-18 09:49:21.364240,13939
1186,398,Ингосстрах,2025-08-01 15:28:52.578337,2026-08-01 15:28:52.578337,6119
1187,576,Ингосстрах,2025-01-30 05:29:08.090656,2026-01-30 05:29:08.090656,19992
1188,576,Росгосстрах,2026-01-30 05:29:08.090656,2027-01-30 05:29:08.090656,24179
1189,403,РЕСО-Гарантия,2025-10-02 14:12:34.233720,2026-10-02 14:12:34.233720,20328
1190,456,Росгосстрах,2026-03-29 22:34:42.631687,2027-03-29 22:34:42.631687,11400
1191,1142,АльфаСтрахование,2025-12-28 10:26:33.495780,2026-12-28 10:26:33.495780,8926
1192,337,Т-Страхование,2026-03-25 00:17:54.216756,2027-03-25 00:17:54.216756,23681
1193,833,Т-Страхование,2025-01-18 07:56:08.338970,2026-01-18 07:56:08.338970,5871
1194,833,АльфаСтрахование,2026-01-18 07:56:08.338970,2027-01-18 07:56:08.338970,11874
1195,615,Ингосстрах,2025-09-26 16:32:16.987461,2026-09-26 16:32:16.987461,11199
1196,197,ВСК,2025-08-30 10:15:07.591830,2026-08-30 10:15:07.591830,6133
1197,102,Ингосстрах,2026-01-26 19:44:13.666244,2027-01-26 19:44:13.666244,21212
1198,966,РЕСО-Гарантия,2025-06-12 03:03:40.981538,2026-06-12 03:03:40.981538,9129
1199,478,Росгосстрах,2025-05-28 08:17:37.596815,2026-05-28 08:17:37.596815,12263
1200,488,Росгосстрах,2025-06-05 00:59:11.202084,2026-06-05 00:59:11.202084,7035
1201,97,Т-Страхование,2026-02-22 07:03:53.534587,2027-02-22 07:03:53.534587,12456
1202,364,РЕСО-Гарантия,2025-08-24 03:45:00.498317,2026-08-24 03:45:00.498317,16079
1203,1117,Ингосстрах,2026-02-03 10:54:16.344633,2027-02-03 10:54:16.344633,15225
1204,222,ВСК,2026-01-21 07:12:07.063650,2027-01-21 07:12:07.063650,13143
1205,182,АльфаСтрахование,2025-08-07 15:08:43.242092,2026-08-07 15:08:43.242092,10845
1206,1015,АльфаСтрахование,2025-10-10 22:08:37.139346,2026-10-10 22:08:37.139346,14017
1207,501,Росгосстрах,2025-09-09 01:48:44.177253,2026-09-09 01:48:44.177253,14816
1208,149,АльфаСтрахование,2025-04-13 18:22:25.028758,2026-04-13 18:22:25.028758,20589
1209,149,Т-Страхование,2026-04-13 18:22:25.028758,2027-04-13 18:22:25.028758,16021
1210,729,Росгосстрах,2025-07-14 12:50:21.022619,2026-07-14 12:50:21.022619,7225
1211,447,ВСК,2024-10-11 22:13:06.388496,2025-10-11 22:13:06.388496,19362
1212,447,Т-Страхование,2025-10-11 22:13:06.388496,2026-10-11 22:13:06.388496,19976
1213,3,Ингосстрах,2024-09-25 17:30:40.132753,2025-09-25 17:30:40.132753,19590
1214,3,Т-Страхование,2025-09-25 17:30:40.132753,2026-09-25 17:30:40.132753,18650
1215,382,АльфаСтрахование,2024-05-07 16:26:17.233648,2025-05-07 16:26:17.233648,6531
1216,382,АльфаСтрахование,2025-05-07 16:26:17.233648,2026-05-07 16:26:17.233648,22448
1217,382,РЕСО-Гарантия,2026-05-07 16:26:17.233648,2027-05-07 16:26:17.233648,23937
1218,978,Росгосстрах,2023-11-04 17:53:04.281075,2024-11-03 17:53:04.281075,21165
1219,978,ВСК,2024-11-03 17:53:04.281075,2025-11-03 17:53:04.281075,15398
1220,978,ВСК,2025-11-03 17:53:04.281075,2026-11-03 17:53:04.281075,7553
1221,786,Т-Страхование,2025-06-28 07:41:04.839080,2026-06-28 07:41:04.839080,16888
1222,406,Т-Страхование,2023-12-19 15:54:41.634707,2024-12-18 15:54:41.634707,22434
1223,406,Росгосстрах,2024-12-18 15:54:41.634707,2025-12-18 15:54:41.634707,22895
1224,406,Росгосстрах,2025-12-18 15:54:41.634707,2026-12-18 15:54:41.634707,7844
1225,890,Ингосстрах,2024-05-19 11:55:55.978224,2025-05-19 11:55:55.978224,10219
1226,890,Т-Страхование,2025-05-19 11:55:55.978224,2026-05-19 11:55:55.978224,12252
1227,1002,РЕСО-Гарантия,2025-05-04 16:40:43.222887,2026-05-04 16:40:43.222887,11207
1228,146,Ингосстрах,2025-08-19 12:13:28.731515,2026-08-19 12:13:28.731515,13901
1229,887,Ингосстрах,2025-04-30 00:39:28.470077,2026-04-30 00:39:28.470077,13801
1230,357,Т-Страхование,2025-07-12 17:09:29.726935,2026-07-12 17:09:29.726935,12493
1231,238,Т-Страхование,2025-10-12 06:20:55.579317,2026-10-12 06:20:55.579317,20956
1232,301,АльфаСтрахование,2026-02-19 22:18:08.508016,2027-02-19 22:18:08.508016,16108
1233,116,АльфаСтрахование,2024-03-25 15:35:57.287736,2025-03-25 15:35:57.287736,9538
1234,116,АльфаСтрахование,2025-03-25 15:35:57.287736,2026-03-25 15:35:57.287736,13410
1235,116,АльфаСтрахование,2026-03-25 15:35:57.287736,2027-03-25 15:35:57.287736,20513
1236,1060,Ингосстрах,2023-11-17 08:51:34.717812,2024-11-16 08:51:34.717812,22718
1237,1060,РЕСО-Гарантия,2024-11-16 08:51:34.717812,2025-11-16 08:51:34.717812,10842
1238,1060,Ингосстрах,2025-11-16 08:51:34.717812,2026-11-16 08:51:34.717812,17872
1239,863,Т-Страхование,2026-04-08 01:00:19.256389,2027-04-08 01:00:19.256389,10610
1240,1179,АльфаСтрахование,2025-08-29 04:52:28.899272,2026-08-29 04:52:28.899272,19124
1241,271,ВСК,2026-05-07 21:34:33.935458,2027-05-07 21:34:33.935458,8511
1242,1149,Т-Страхование,2024-07-13 16:35:44.663183,2025-07-13 16:35:44.663183,18422
1243,1149,Т-Страхование,2025-07-13 16:35:44.663183,2026-07-13 16:35:44.663183,20130
1244,385,РЕСО-Гарантия,2024-12-10 01:36:14.627070,2025-12-10 01:36:14.627070,7802
1245,385,ВСК,2025-12-10 01:36:14.627070,2026-12-10 01:36:14.627070,11332
1246,144,Росгосстрах,2025-07-18 06:26:59.202946,2026-07-18 06:26:59.202946,22750
1247,1126,РЕСО-Гарантия,2025-05-27 23:46:29.037433,2026-05-27 23:46:29.037433,24249
1248,1126,Ингосстрах,2026-05-27 23:46:29.037433,2027-05-27 23:46:29.037433,19597
1249,303,ВСК,2025-01-01 15:17:38.953084,2026-01-01 15:17:38.953084,16572
1250,303,Ингосстрах,2026-01-01 15:17:38.953084,2027-01-01 15:17:38.953084,14973
1251,867,РЕСО-Гарантия,2024-08-04 20:28:07.386034,2025-08-04 20:28:07.386034,24942
1252,867,АльфаСтрахование,2025-08-04 20:28:07.386034,2026-08-04 20:28:07.386034,17819
1253,210,Росгосстрах,2026-04-16 04:40:13.611811,2027-04-16 04:40:13.611811,14456
1254,253,Росгосстрах,2026-03-25 09:14:25.597642,2027-03-25 09:14:25.597642,13123
1255,939,Т-Страхование,2025-05-20 13:37:24.305521,2026-05-20 13:37:24.305521,14092
1256,939,Ингосстрах,2026-05-20 13:37:24.305521,2027-05-20 13:37:24.305521,23826
1257,1161,Ингосстрах,2025-07-22 20:25:58.538159,2026-07-22 20:25:58.538159,14249
1258,359,АльфаСтрахование,2024-11-21 21:14:56.761266,2025-11-21 21:14:56.761266,8466
1259,359,ВСК,2025-11-21 21:14:56.761266,2026-11-21 21:14:56.761266,8343
1260,876,РЕСО-Гарантия,2025-01-11 22:15:59.794664,2026-01-11 22:15:59.794664,8833
1261,876,Т-Страхование,2026-01-11 22:15:59.794664,2027-01-11 22:15:59.794664,9969
1262,161,Росгосстрах,2024-12-24 23:13:13.534247,2025-12-24 23:13:13.534247,24963
1263,161,Росгосстрах,2025-12-24 23:13:13.534247,2026-12-24 23:13:13.534247,16223
1264,520,Ингосстрах,2025-06-08 02:55:03.953368,2026-06-08 02:55:03.953368,6235
1265,64,ВСК,2025-07-02 04:13:53.356640,2026-07-02 04:13:53.356640,7951
1266,98,ВСК,2025-02-04 03:45:44.709512,2026-02-04 03:45:44.709512,22340
1267,98,Т-Страхование,2026-02-04 03:45:44.709512,2027-02-04 03:45:44.709512,5182
1268,200,Т-Страхование,2025-08-31 04:42:47.578635,2026-08-31 04:42:47.578635,23725
1269,112,РЕСО-Гарантия,2026-04-15 05:16:57.530266,2027-04-15 05:16:57.530266,20088
1270,818,Ингосстрах,2025-08-15 17:47:50.964689,2026-08-15 17:47:50.964689,12058
1271,986,Т-Страхование,2025-11-15 22:28:17.369735,2026-11-15 22:28:17.369735,20891
1272,101,Росгосстрах,2025-03-28 00:05:33.350484,2026-03-28 00:05:33.350484,5786
1273,101,АльфаСтрахование,2026-03-28 00:05:33.350484,2027-03-28 00:05:33.350484,19703
1274,58,Т-Страхование,2025-06-25 17:10:27.023536,2026-06-25 17:10:27.023536,20894
1275,598,АльфаСтрахование,2025-02-17 20:07:46.426439,2026-02-17 20:07:46.426439,6739
1276,598,АльфаСтрахование,2026-02-17 20:07:46.426439,2027-02-17 20:07:46.426439,11134
1277,1158,ВСК,2024-06-17 14:30:00.876606,2025-06-17 14:30:00.876606,14914
1278,1158,РЕСО-Гарантия,2025-06-17 14:30:00.876606,2026-06-17 14:30:00.876606,14607
1279,885,Т-Страхование,2025-05-12 02:05:41.157359,2026-05-12 02:05:41.157359,14898
1280,1047,Ингосстрах,2024-06-01 23:08:16.316102,2025-06-01 23:08:16.316102,23832
1281,1047,Ингосстрах,2025-06-01 23:08:16.316102,2026-06-01 23:08:16.316102,15108
1282,847,ВСК,2026-01-19 07:23:21.380603,2027-01-19 07:23:21.380603,9611
1283,669,Ингосстрах,2025-01-02 09:12:17.656295,2026-01-02 09:12:17.656295,12082
1284,669,Т-Страхование,2026-01-02 09:12:17.656295,2027-01-02 09:12:17.656295,17651
1285,256,АльфаСтрахование,2025-11-11 14:23:43.567539,2026-11-11 14:23:43.567539,21598
1286,451,АльфаСтрахование,2025-02-21 05:22:50.606539,2026-02-21 05:22:50.606539,11705
1287,451,ВСК,2026-02-21 05:22:50.606539,2027-02-21 05:22:50.606539,16328
1288,529,РЕСО-Гарантия,2026-03-31 03:04:05.221297,2027-03-31 03:04:05.221297,17675
1289,540,Т-Страхование,2025-01-03 07:12:39.911664,2026-01-03 07:12:39.911664,18884
1290,540,Ингосстрах,2026-01-03 07:12:39.911664,2027-01-03 07:12:39.911664,21196
1291,109,ВСК,2026-05-12 23:29:44.493791,2027-05-12 23:29:44.493791,13837
1292,172,РЕСО-Гарантия,2026-02-07 18:02:57.092230,2027-02-07 18:02:57.092230,11247
1293,556,АльфаСтрахование,2024-07-06 08:26:43.544268,2025-07-06 08:26:43.544268,18610
1294,556,РЕСО-Гарантия,2025-07-06 08:26:43.544268,2026-07-06 08:26:43.544268,10622
1295,92,Т-Страхование,2025-06-18 08:20:17.187115,2026-06-18 08:20:17.187115,9486
1296,241,РЕСО-Гарантия,2026-02-21 13:17:46.694514,2027-02-21 13:17:46.694514,16338
1297,713,АльфаСтрахование,2026-01-09 19:13:18.376690,2027-01-09 19:13:18.376690,13180
1298,536,Т-Страхование,2025-05-14 11:17:59.534731,2026-05-14 11:17:59.534731,11677
1299,599,Т-Страхование,2026-05-20 12:39:58.545867,2027-05-20 12:39:58.545867,18907
1300,373,Росгосстрах,2026-02-25 14:32:02.337724,2027-02-25 14:32:02.337724,17045
1301,1070,Росгосстрах,2024-05-01 01:24:57.472868,2025-05-01 01:24:57.472868,24034
1302,1070,Ингосстрах,2025-05-01 01:24:57.472868,2026-05-01 01:24:57.472868,7686
1303,689,АльфаСтрахование,2025-10-11 18:36:28.754386,2026-10-11 18:36:28.754386,17727
1304,62,Т-Страхование,2025-05-17 15:04:35.577720,2026-05-17 15:04:35.577720,10993
1305,295,Т-Страхование,2025-02-21 01:08:49.036128,2026-02-21 01:08:49.036128,11200
1306,295,Росгосстрах,2026-02-21 01:08:49.036128,2027-02-21 01:08:49.036128,7058
1307,1133,АльфаСтрахование,2025-11-10 20:15:35.336722,2026-11-10 20:15:35.336722,17682
1308,868,РЕСО-Гарантия,2025-11-20 16:21:39.262609,2026-11-20 16:21:39.262609,24573
1309,134,ВСК,2024-12-10 03:11:18.694631,2025-12-10 03:11:18.694631,24927
1310,134,Т-Страхование,2025-12-10 03:11:18.694631,2026-12-10 03:11:18.694631,17179
1311,463,РЕСО-Гарантия,2026-01-24 07:17:24.871691,2027-01-24 07:17:24.871691,8482
1312,544,ВСК,2024-08-19 09:18:28.586923,2025-08-19 09:18:28.586923,20293
1313,544,Т-Страхование,2025-08-19 09:18:28.586923,2026-08-19 09:18:28.586923,10025
1314,1069,ВСК,2025-01-23 10:09:12.004567,2026-01-23 10:09:12.004567,7044
1315,1069,Росгосстрах,2026-01-23 10:09:12.004567,2027-01-23 10:09:12.004567,7145
1316,752,Ингосстрах,2025-06-29 13:18:18.809454,2026-06-29 13:18:18.809454,19061
1317,758,РЕСО-Гарантия,2025-05-12 05:12:15.835415,2026-05-12 05:12:15.835415,6697
1318,905,Росгосстрах,2025-10-20 19:47:29.171910,2026-10-20 19:47:29.171910,7245
1319,1040,АльфаСтрахование,2026-04-06 00:27:28.942519,2027-04-06 00:27:28.942519,23460
1320,1054,АльфаСтрахование,2024-10-28 22:21:04.967496,2025-10-28 22:21:04.967496,19817
1321,1054,Росгосстрах,2025-10-28 22:21:04.967496,2026-10-28 22:21:04.967496,21094
1322,702,АльфаСтрахование,2025-01-22 23:25:39.721461,2026-01-22 23:25:39.721461,24630
1323,702,АльфаСтрахование,2026-01-22 23:25:39.721461,2027-01-22 23:25:39.721461,21644
1324,499,Росгосстрах,2023-04-02 07:50:36.944276,2024-04-01 07:50:36.944276,12858
1325,499,АльфаСтрахование,2024-04-01 07:50:36.944276,2025-04-01 07:50:36.944276,21565
1326,499,АльфаСтрахование,2025-04-01 07:50:36.944276,2026-04-01 07:50:36.944276,14692
1327,499,Росгосстрах,2026-04-01 07:50:36.944276,2027-04-01 07:50:36.944276,15419
1328,743,РЕСО-Гарантия,2025-10-16 11:26:37.601899,2026-10-16 11:26:37.601899,21325
1329,768,Росгосстрах,2025-03-24 09:27:47.051897,2026-03-24 09:27:47.051897,13124
1330,768,АльфаСтрахование,2026-03-24 09:27:47.051897,2027-03-24 09:27:47.051897,7042
1331,416,Т-Страхование,2025-06-08 19:23:21.854974,2026-06-08 19:23:21.854974,5513
1332,1058,Ингосстрах,2024-05-12 01:08:03.370150,2025-05-12 01:08:03.370150,6118
1333,1058,Ингосстрах,2025-05-12 01:08:03.370150,2026-05-12 01:08:03.370150,16247
1334,688,Ингосстрах,2025-12-26 03:48:10.127342,2026-12-26 03:48:10.127342,10840
1335,613,РЕСО-Гарантия,2025-08-30 18:25:36.218376,2026-08-30 18:25:36.218376,17179
1336,309,ВСК,2025-07-18 05:46:13.641810,2026-07-18 05:46:13.641810,9485
1337,799,РЕСО-Гарантия,2025-12-23 12:23:33.568008,2026-12-23 12:23:33.568008,6398
1338,869,Т-Страхование,2026-04-07 00:47:34.653942,2027-04-07 00:47:34.653942,6401
1339,340,Ингосстрах,2026-04-26 04:42:16.596021,2027-04-26 04:42:16.596021,9432
1340,1077,Т-Страхование,2024-01-07 16:04:12.798369,2025-01-06 16:04:12.798369,8519
1341,1077,Росгосстрах,2025-01-06 16:04:12.798369,2026-01-06 16:04:12.798369,19114
1342,1077,РЕСО-Гарантия,2026-01-06 16:04:12.798369,2027-01-06 16:04:12.798369,18144
1343,1017,АльфаСтрахование,2025-06-23 15:05:23.070359,2026-06-23 15:05:23.070359,13862
1344,139,Росгосстрах,2024-04-29 16:58:14.565861,2025-04-29 16:58:14.565861,18260
1345,139,Ингосстрах,2025-04-29 16:58:14.565861,2026-04-29 16:58:14.565861,15208
1346,139,РЕСО-Гарантия,2026-04-29 16:58:14.565861,2027-04-29 16:58:14.565861,19959
1347,363,Т-Страхование,2025-09-29 05:55:31.083887,2026-09-29 05:55:31.083887,12844
1348,877,РЕСО-Гарантия,2026-02-20 04:36:11.446409,2027-02-20 04:36:11.446409,15156
1349,635,Т-Страхование,2024-08-02 03:20:49.884717,2025-08-02 03:20:49.884717,18664
1350,635,ВСК,2025-08-02 03:20:49.884717,2026-08-02 03:20:49.884717,12599
1351,9,РЕСО-Гарантия,2025-11-03 22:07:24.681722,2026-11-03 22:07:24.681722,20455
1352,1064,АльфаСтрахование,2025-08-10 04:50:40.265908,2026-08-10 04:50:40.265908,18999
1353,1150,ВСК,2025-04-08 23:32:57.910186,2026-04-08 23:32:57.910186,24262
1354,1150,Т-Страхование,2026-04-08 23:32:57.910186,2027-04-08 23:32:57.910186,20561
1355,494,ВСК,2026-03-05 00:15:23.325487,2027-03-05 00:15:23.325487,13647
1356,42,АльфаСтрахование,2025-07-09 05:50:51.333344,2026-07-09 05:50:51.333344,10231
1357,441,ВСК,2025-01-25 03:59:09.510729,2026-01-25 03:59:09.510729,12230
1358,441,Ингосстрах,2026-01-25 03:59:09.510729,2027-01-25 03:59:09.510729,16754
1359,38,Т-Страхование,2024-05-03 23:15:43.255634,2025-05-03 23:15:43.255634,13436
1360,38,РЕСО-Гарантия,2025-05-03 23:15:43.255634,2026-05-03 23:15:43.255634,18812
1361,176,ВСК,2026-05-11 06:39:43.090196,2027-05-11 06:39:43.090196,9992
1362,18,Росгосстрах,2026-03-19 06:16:05.013013,2027-03-19 06:16:05.013013,24739
1363,926,Ингосстрах,2024-07-16 04:53:57.077265,2025-07-16 04:53:57.077265,15718
1364,926,Ингосстрах,2025-07-16 04:53:57.077265,2026-07-16 04:53:57.077265,5776
1365,247,Росгосстрах,2026-03-22 13:42:00.759883,2027-03-22 13:42:00.759883,14637
1366,527,РЕСО-Гарантия,2025-05-24 03:48:09.906512,2026-05-24 03:48:09.906512,11276
1367,527,АльфаСтрахование,2026-05-24 03:48:09.906512,2027-05-24 03:48:09.906512,24863
1368,345,Т-Страхование,2025-10-29 02:54:37.531489,2026-10-29 02:54:37.531489,19439
1369,736,Т-Страхование,2026-05-19 22:49:14.264524,2027-05-19 22:49:14.264524,21821
1370,322,ВСК,2025-05-14 14:19:03.249648,2026-05-14 14:19:03.249648,15742
1371,50,Росгосстрах,2026-01-18 15:14:20.780426,2027-01-18 15:14:20.780426,21734
1372,110,Ингосстрах,2026-04-26 17:09:47.748387,2027-04-26 17:09:47.748387,13381
1373,429,РЕСО-Гарантия,2025-03-21 22:30:47.149113,2026-03-21 22:30:47.149113,19685
1374,429,Росгосстрах,2026-03-21 22:30:47.149113,2027-03-21 22:30:47.149113,18915
1375,174,Ингосстрах,2026-05-01 23:16:42.122861,2027-05-01 23:16:42.122861,14504
1376,782,АльфаСтрахование,2025-11-20 14:54:33.697947,2026-11-20 14:54:33.697947,9936
1377,140,Т-Страхование,2025-06-01 01:16:18.539013,2026-06-01 01:16:18.539013,10431
1378,55,Т-Страхование,2025-05-07 08:58:21.583694,2026-05-07 08:58:21.583694,21813
1379,55,Росгосстрах,2026-05-07 08:58:21.583694,2027-05-07 08:58:21.583694,11600
1380,739,РЕСО-Гарантия,2026-03-06 14:33:57.131262,2027-03-06 14:33:57.131262,9700
1381,273,ВСК,2025-05-12 00:38:46.454280,2026-05-12 00:38:46.454280,17829
1382,273,Т-Страхование,2026-05-12 00:38:46.454280,2027-05-12 00:38:46.454280,18467
1383,1051,РЕСО-Гарантия,2025-05-26 00:08:32.201376,2026-05-26 00:08:32.201376,6201
1384,1051,Росгосстрах,2026-05-26 00:08:32.201376,2027-05-26 00:08:32.201376,9960
1385,4,Росгосстрах,2024-02-22 14:08:44.094407,2025-02-21 14:08:44.094407,9477
1386,4,Т-Страхование,2025-02-21 14:08:44.094407,2026-02-21 14:08:44.094407,15161
1387,4,АльфаСтрахование,2026-02-21 14:08:44.094407,2027-02-21 14:08:44.094407,15058
1388,209,АльфаСтрахование,2026-04-14 13:43:02.136568,2027-04-14 13:43:02.136568,7573
1389,821,РЕСО-Гарантия,2025-07-23 10:34:28.177675,2026-07-23 10:34:28.177675,22039
1390,187,РЕСО-Гарантия,2025-10-11 20:37:21.542790,2026-10-11 20:37:21.542790,21003
1391,1076,Ингосстрах,2026-03-14 05:02:22.441843,2027-03-14 05:02:22.441843,6075
1392,637,АльфаСтрахование,2025-05-28 04:32:11.296390,2026-05-28 04:32:11.296390,18103
1393,592,Росгосстрах,2025-05-31 11:17:16.507521,2026-05-31 11:17:16.507521,6201
1394,998,Т-Страхование,2026-02-08 17:14:42.279094,2027-02-08 17:14:42.279094,5642
1395,424,Ингосстрах,2024-11-04 13:16:17.604455,2025-11-04 13:16:17.604455,8445
1396,424,АльфаСтрахование,2025-11-04 13:16:17.604455,2026-11-04 13:16:17.604455,15701
1397,191,Ингосстрах,2025-02-21 00:04:46.529401,2026-02-21 00:04:46.529401,20556
1398,191,Т-Страхование,2026-02-21 00:04:46.529401,2027-02-21 00:04:46.529401,24367
1399,129,Ингосстрах,2024-03-24 20:16:21.948860,2025-03-24 20:16:21.948860,20132
1400,129,Ингосстрах,2025-03-24 20:16:21.948860,2026-03-24 20:16:21.948860,15485
1401,129,Т-Страхование,2026-03-24 20:16:21.948860,2027-03-24 20:16:21.948860,17388
1402,773,ВСК,2024-09-29 04:08:52.379401,2025-09-29 04:08:52.379401,23602
1403,773,Ингосстрах,2025-09-29 04:08:52.379401,2026-09-29 04:08:52.379401,9183
1404,423,Т-Страхование,2025-02-17 03:40:39.288594,2026-02-17 03:40:39.288594,5420
1405,423,АльфаСтрахование,2026-02-17 03:40:39.288594,2027-02-17 03:40:39.288594,17087
1406,942,Ингосстрах,2025-05-04 09:14:23.966030,2026-05-04 09:14:23.966030,10442
1407,942,ВСК,2026-05-04 09:14:23.966030,2027-05-04 09:14:23.966030,17733
1408,60,Т-Страхование,2023-07-18 19:47:58.575430,2024-07-17 19:47:58.575430,11686
1409,60,Ингосстрах,2024-07-17 19:47:58.575430,2025-07-17 19:47:58.575430,24284
1410,60,АльфаСтрахование,2025-07-17 19:47:58.575430,2026-07-17 19:47:58.575430,18285
1411,921,АльфаСтрахование,2024-07-02 20:07:06.342925,2025-07-02 20:07:06.342925,12716
1412,921,РЕСО-Гарантия,2025-07-02 20:07:06.342925,2026-07-02 20:07:06.342925,19260
1413,1139,Т-Страхование,2025-03-31 01:47:40.659583,2026-03-31 01:47:40.659583,9186
1414,1139,РЕСО-Гарантия,2026-03-31 01:47:40.659583,2027-03-31 01:47:40.659583,5997
1415,1136,Росгосстрах,2026-01-16 19:42:19.275811,2027-01-16 19:42:19.275811,13509
1416,941,РЕСО-Гарантия,2025-11-07 04:54:25.572366,2026-11-07 04:54:25.572366,20364
1417,471,Ингосстрах,2025-12-02 21:13:19.998935,2026-12-02 21:13:19.998935,21456
1418,634,Росгосстрах,2025-11-27 00:58:26.719388,2026-11-27 00:58:26.719388,8627
1419,697,Т-Страхование,2025-10-06 22:13:41.673037,2026-10-06 22:13:41.673037,6512
1420,476,Росгосстрах,2025-12-24 16:07:57.846561,2026-12-24 16:07:57.846561,16337
1421,333,РЕСО-Гарантия,2025-10-23 08:26:34.242561,2026-10-23 08:26:34.242561,12640
1422,68,Ингосстрах,2025-05-11 20:16:56.924218,2026-05-11 20:16:56.924218,5332
1423,124,Росгосстрах,2025-03-23 17:37:30.318800,2026-03-23 17:37:30.318800,14953
1424,124,АльфаСтрахование,2026-03-23 17:37:30.318800,2027-03-23 17:37:30.318800,12205
1425,1063,Ингосстрах,2026-03-09 20:52:50.271417,2027-03-09 20:52:50.271417,22199
1426,1093,Т-Страхование,2025-12-30 15:07:13.952338,2026-12-30 15:07:13.952338,19579
1427,284,АльфаСтрахование,2025-12-02 21:04:56.818377,2026-12-02 21:04:56.818377,6392
1428,666,Росгосстрах,2025-05-01 03:29:50.293399,2026-05-01 03:29:50.293399,9316
1429,487,Ингосстрах,2025-12-12 09:06:48.873625,2026-12-12 09:06:48.873625,8141
1430,453,ВСК,2025-03-24 05:54:35.927702,2026-03-24 05:54:35.927702,7290
1431,453,Т-Страхование,2026-03-24 05:54:35.927702,2027-03-24 05:54:35.927702,12614
1432,1137,Росгосстрах,2025-12-06 20:37:52.851382,2026-12-06 20:37:52.851382,14429
1433,1185,Росгосстрах,2024-06-18 09:19:12.379906,2025-06-18 09:19:12.379906,16664
1434,1185,Ингосстрах,2025-06-18 09:19:12.379906,2026-06-18 09:19:12.379906,15105
1435,660,Росгосстрах,2024-05-29 11:45:10.483057,2025-05-29 11:45:10.483057,10236
1436,660,Ингосстрах,2025-05-29 11:45:10.483057,2026-05-29 11:45:10.483057,14141
1437,660,Росгосстрах,2026-05-29 11:45:10.483057,2027-05-29 11:45:10.483057,21944
1438,686,АльфаСтрахование,2025-07-21 06:06:29.749962,2026-07-21 06:06:29.749962,7888
1439,1190,АльфаСтрахование,2026-05-26 10:32:44.923267,2027-05-26 10:32:44.923267,13533
1440,854,АльфаСтрахование,2025-01-24 19:33:55.134650,2026-01-24 19:33:55.134650,8524
1441,854,Ингосстрах,2026-01-24 19:33:55.134650,2027-01-24 19:33:55.134650,9163
1442,32,Росгосстрах,2025-04-05 12:14:10.994955,2026-04-05 12:14:10.994955,23480
1443,32,Росгосстрах,2026-04-05 12:14:10.994955,2027-04-05 12:14:10.994955,7627
1444,392,АльфаСтрахование,2026-04-06 02:10:06.084778,2027-04-06 02:10:06.084778,13953
1445,245,ВСК,2024-05-29 21:51:35.827899,2025-05-29 21:51:35.827899,13728
1446,245,Ингосстрах,2025-05-29 21:51:35.827899,2026-05-29 21:51:35.827899,21494
1447,245,РЕСО-Гарантия,2026-05-29 21:51:35.827899,2027-05-29 21:51:35.827899,19985
1448,853,ВСК,2025-11-26 16:41:20.946971,2026-11-26 16:41:20.946971,13614
1449,45,АльфаСтрахование,2025-06-22 07:07:32.976790,2026-06-22 07:07:32.976790,22526
1450,240,ВСК,2025-08-16 05:04:36.387177,2026-08-16 05:04:36.387177,11621
1451,7,РЕСО-Гарантия,2026-04-09 04:47:02.121959,2027-04-09 04:47:02.121959,12127
1452,91,РЕСО-Гарантия,2025-01-16 09:55:04.786451,2026-01-16 09:55:04.786451,20982
1453,91,Ингосстрах,2026-01-16 09:55:04.786451,2027-01-16 09:55:04.786451,10993
1454,676,Росгосстрах,2025-07-28 20:41:49.544448,2026-07-28 20:41:49.544448,20024
1455,778,Росгосстрах,2025-08-23 11:17:51.678958,2026-08-23 11:17:51.678958,14431
1456,407,Т-Страхование,2026-02-27 09:36:00.635876,2027-02-27 09:36:00.635876,17369
1457,1143,АльфаСтрахование,2025-06-25 10:49:59.625705,2026-06-25 10:49:59.625705,14419
1458,1048,Росгосстрах,2025-08-27 15:01:47.585981,2026-08-27 15:01:47.585981,20208
1459,1108,Росгосстрах,2025-05-05 10:45:55.014377,2026-05-05 10:45:55.014377,5434
1460,767,Росгосстрах,2024-08-10 04:49:25.785612,2025-08-10 04:49:25.785612,24025
1461,767,АльфаСтрахование,2025-08-10 04:49:25.785612,2026-08-10 04:49:25.785612,17847
1462,1011,АльфаСтрахование,2025-08-16 15:44:54.710958,2026-08-16 15:44:54.710958,17387
1463,945,Т-Страхование,2025-03-14 20:50:01.363775,2026-03-14 20:50:01.363775,23468
1464,945,Т-Страхование,2026-03-14 20:50:01.363775,2027-03-14 20:50:01.363775,10000
1465,1129,АльфаСтрахование,2025-07-14 16:56:25.687749,2026-07-14 16:56:25.687749,12131
1466,636,Ингосстрах,2023-05-01 22:29:53.714528,2024-04-30 22:29:53.714528,17589
1467,636,Т-Страхование,2024-04-30 22:29:53.714528,2025-04-30 22:29:53.714528,9925
1468,636,Ингосстрах,2025-04-30 22:29:53.714528,2026-04-30 22:29:53.714528,15505
1469,332,Росгосстрах,2024-09-28 04:44:04.050967,2025-09-28 04:44:04.050967,15826
1470,332,АльфаСтрахование,2025-09-28 04:44:04.050967,2026-09-28 04:44:04.050967,5844
1471,511,ВСК,2025-10-01 23:28:38.817163,2026-10-01 23:28:38.817163,23600
1472,582,РЕСО-Гарантия,2025-09-10 18:33:03.456564,2026-09-10 18:33:03.456564,8717
1473,534,Росгосстрах,2025-10-20 23:10:47.801550,2026-10-20 23:10:47.801550,7670
1474,293,РЕСО-Гарантия,2025-10-14 06:11:51.841690,2026-10-14 06:11:51.841690,19607
1475,1153,АльфаСтрахование,2025-02-13 23:34:49.291811,2026-02-13 23:34:49.291811,13352
1476,1153,Росгосстрах,2026-02-13 23:34:49.291811,2027-02-13 23:34:49.291811,5883
1477,409,АльфаСтрахование,2025-10-07 07:39:52.060364,2026-10-07 07:39:52.060364,13634
1478,317,Ингосстрах,2026-01-06 16:46:59.829314,2027-01-06 16:46:59.829314,11048
1479,981,РЕСО-Гарантия,2025-06-28 07:24:06.181063,2026-06-28 07:24:06.181063,13156
1480,362,Росгосстрах,2026-05-27 04:28:03.137390,2027-05-27 04:28:03.137390,19599
1481,541,РЕСО-Гарантия,2025-11-09 04:08:29.955599,2026-11-09 04:08:29.955599,16551
1482,243,РЕСО-Гарантия,2025-08-02 00:34:35.707440,2026-08-02 00:34:35.707440,18731
1483,892,ВСК,2025-07-06 18:36:11.036906,2026-07-06 18:36:11.036906,23251
1484,1074,Т-Страхование,2025-05-09 23:58:59.841567,2026-05-09 23:58:59.841567,14507
1485,1104,Росгосстрах,2025-08-31 06:05:38.555943,2026-08-31 06:05:38.555943,11129
1486,75,Т-Страхование,2026-05-31 17:52:59.948958,2027-05-31 17:52:59.948958,21504
1487,762,Ингосстрах,2025-11-29 09:35:04.889248,2026-11-29 09:35:04.889248,10650
1488,1120,Росгосстрах,2024-11-19 13:38:29.143774,2025-11-19 13:38:29.143774,8525
1489,1120,Ингосстрах,2025-11-19 13:38:29.143774,2026-11-19 13:38:29.143774,12611
1490,882,АльфаСтрахование,2024-12-09 22:58:15.005849,2025-12-09 22:58:15.005849,21604
1491,882,ВСК,2025-12-09 22:58:15.005849,2026-12-09 22:58:15.005849,15603
1492,1165,Ингосстрах,2025-07-17 18:06:15.300981,2026-07-17 18:06:15.300981,10451
1493,523,Росгосстрах,2026-05-17 22:18:38.046035,2027-05-17 22:18:38.046035,24682
1494,591,ВСК,2025-05-09 11:00:17.315990,2026-05-09 11:00:17.315990,23861
1495,221,Ингосстрах,2024-02-05 19:16:32.444796,2025-02-04 19:16:32.444796,17631
1496,221,АльфаСтрахование,2025-02-04 19:16:32.444796,2026-02-04 19:16:32.444796,17486
1497,221,РЕСО-Гарантия,2026-02-04 19:16:32.444796,2027-02-04 19:16:32.444796,18030
1498,157,РЕСО-Гарантия,2024-10-19 21:25:11.558516,2025-10-19 21:25:11.558516,21404
1499,157,Росгосстрах,2025-10-19 21:25:11.558516,2026-10-19 21:25:11.558516,7247
1500,714,Т-Страхование,2025-10-10 13:11:23.629672,2026-10-10 13:11:23.629672,23788
